Customer ID;Edad;Genero;Descripcion;Categoria;Fecha Compra;Unidades;PVP;Localizacion;Tamaño;Color;Temporada;Forma Envio;Metodo Pago;Frecuencia Compra
1;55;Male;Blouse;Clothing;01/01/2024;14;53;Kentucky;L;Gray;Winter;Express;Venmo;Fortnightly
2;19;Male;Sweater;Clothing;03/01/2024;2;64;Maine;L;Maroon;Winter;Express;Cash;Fortnightly
3;50;Male;Jeans;Clothing;05/01/2024;23;73;Massachusetts;S;Maroon;Spring;Free Shipping;Credit Card;Weekly
4;21;;Sandals;Footwear;07/01/2024;49;90;Rhode Island;M;Maroon;Spring;Next Day Air;PayPal;Weekly
5;45;Male;Blouse;Clothing;09/01/2024;31;49;Oregon;M;Turquoise;Spring;Free Shipping;PayPal;Annually
6;46;Male;Sneakers;Footwear;11/01/2024;14;20;Wyoming;M;White;Summer;Standard;Venmo;Weekly
7;63;Male;Shirt;Clothing;13/01/2024;49;85;Montana;M;Gray;Fall;Free Shipping;Cash;Quarterly
8;27;Male;Shorts;Clothing;15/01/2024;19;34;Louisiana;L;Charcoal;Winter;Free Shipping;Credit Card;Weekly
9;26;Male;Coat;Outerwear;17/01/2024;8;97;West Virginia;L;Silver;Summer;Express;Venmo;Annually
10;57;Male;Handbag;Accessories;19/01/2024;4;31;Missouri;M;Pink;Spring;2-Day Shipping;Cash;Quarterly
11;53;;Shoes;Footwear;21/01/2024;26;34;Arkansas;L;Purple;Fall;Store Pickup;Bank Transfer;Bi-Weekly
12;30;Male;Shorts;Clothing;23/01/2024;10;68;Hawaii;S;Olive;Winter;Store Pickup;Bank Transfer;Fortnightly
13;61;Male;Coat;Outerwear;25/01/2024;37;72;Delaware;M;Gold;Winter;Express;Venmo;Fortnightly
14;65;Male;Dress;Clothing;27/01/2024;31;51;New Hampshire;M;Violet;Spring;Express;PayPal;Weekly
15;64;Male;Coat;Outerwear;29/01/2024;34;53;New York;L;Teal;Winter;Free Shipping;Debit Card;Weekly
16;64;Male;Skirt;Clothing;31/01/2024;8;81;Rhode Island;M;Teal;Winter;Store Pickup;PayPal;Monthly
17;25;Male;Sunglasses;Accessories;02/02/2024;44;36;Alabama;S;Gray;Spring;Next Day Air;Debit Card;Bi-Weekly
2;53;Male;Dress;Clothing;04/02/2024;36;38;Mississippi;XL;Lavender;Winter;2-Day Shipping;Venmo;Quarterly
19;52;Male;Sweater;Clothing;06/02/2024;17;48;Montana;S;Black;Summer;Free Shipping;Cash;Weekly
20;66;Male;Pants;Clothing;08/02/2024;46;90;Rhode Island;M;Green;Summer;Standard;Debit Card;Bi-Weekly
21;21;Male;Pants;Clothing;10/02/2024;50;51;Louisiana;M;Black;Winter;Express;Cash;Every 3 Months
22;31;Male;Pants;Clothing;12/02/2024;22;62;North Carolina;M;Charcoal;Winter;Store Pickup;Debit Card;Quarterly
23;56;Male;Pants;Clothing;14/02/2024;32;37;California;M;Peach;Summer;Store Pickup;Debit Card;Annually
24;31;;Pants;Clothing;16/02/2024;40;88;Oklahoma;XL;White;Winter;Express;Credit Card;Weekly
25;18;Male;Jacket;Outerwear;18/02/2024;16;22;Florida;M;Green;Fall;Store Pickup;Debit Card;Weekly
26;18;Male;Hoodie;Clothing;20/02/2024;14;25;Texas;M;Silver;Summer;Express;PayPal;Annually
27;38;Male;Jewelry;Accessories;22/02/2024;13;20;Nevada;M;Red;Spring;Next Day Air;Credit Card;Annually
28;56;Male;Shorts;Clothing;24/02/2024;7;56;Kentucky;L;Cyan;Summer;Next Day Air;Bank Transfer;Every 3 Months
29;54;Male;Handbag;Accessories;26/02/2024;41;94;North Carolina;M;Gray;Fall;Free Shipping;PayPal;Every 3 Months
30;31;Male;Dress;Clothing;28/02/2024;14;48;Wyoming;S;Black;Fall;Store Pickup;Credit Card;Weekly
31;57;Male;Jewelry;Accessories;01/03/2024;16;31;North Carolina;L;Black;Winter;Standard;Credit Card;Monthly
32;33;Male;Dress;Clothing;03/03/2024;45;79;West Virginia;L;Brown;Winter;Store Pickup;Venmo;Monthly
33;36;Male;Jacket;Outerwear;05/03/2024;37;67;Kansas;M;Silver;Summer;Free Shipping;Venmo;Annually
34;54;Male;Pants;Clothing;07/03/2024;45;38;Colorado;L;Green;Summer;Store Pickup;Cash;Quarterly
35;36;Male;T-shirt;Clothing;09/03/2024;38;91;North Dakota;L;Violet;Spring;2-Day Shipping;PayPal;Quarterly
36;54;Male;Blouse;Clothing;11/03/2024;48;33;Massachusetts;M;Cyan;Summer;2-Day Shipping;Credit Card;Bi-Weekly
37;35;Male;T-shirt;Clothing;13/03/2024;44;69;Illinois;M;Maroon;Winter;Free Shipping;PayPal;Fortnightly
38;35;Male;Jeans;Clothing;15/03/2024;10;45;Indiana;S;Cyan;Summer;Store Pickup;PayPal;Weekly
39;29;Male;Dress;Clothing;17/03/2024;44;37;Florida;M;Red;Winter;2-Day Shipping;Venmo;Every 3 Months
40;70;Male;Pants;Clothing;19/03/2024;18;60;Arizona;S;Turquoise;Summer;Express;Credit Card;Monthly
41;69;Male;Handbag;Accessories;21/03/2024;31;76;Louisiana;L;Beige;Winter;Next Day Air;Debit Card;Quarterly
42;67;Male;Scarf;Accessories;23/03/2024;40;39;Alaska;M;Orange;Spring;Standard;Venmo;Annually
43;20;Male;Coat;Outerwear;25/03/2024;15;100;Tennessee;M;Beige;Spring;Free Shipping;PayPal;Annually
2;25;Male;Scarf;Accessories;27/03/2024;19;69;Ohio;L;Lavender;Fall;Store Pickup;PayPal;Fortnightly
45;39;Male;Hat;Accessories;29/03/2024;45;53;Kentucky;S;Silver;Summer;Free Shipping;PayPal;Weekly
46;50;Male;Socks;Clothing;31/03/2024;25;21;Tennessee;XL;Indigo;Fall;2-Day Shipping;PayPal;Annually
47;57;Male;Shirt;Clothing;02/04/2024;45;43;California;L;White;Summer;Store Pickup;Cash;Quarterly
48;55;Male;Jewelry;Accessories;04/04/2024;36;54;Montana;M;Charcoal;Winter;Free Shipping;Cash;Weekly
49;42;Male;Shirt;Clothing;06/04/2024;38;55;Nevada;M;Orange;Summer;Store Pickup;Cash;Monthly
50;68;Male;Hoodie;Clothing;08/04/2024;34;30;New Jersey;S;Indigo;Spring;Next Day Air;Debit Card;Bi-Weekly
51;49;Male;Blouse;Clothing;10/04/2024;39;28;Maryland;M;Red;Spring;Store Pickup;Debit Card;Bi-Weekly
52;59;Male;Skirt;Clothing;12/04/2024;7;59;Vermont;XL;Gray;Winter;2-Day Shipping;Credit Card;Quarterly
53;42;;T-shirt;Clothing;14/04/2024;26;20;Alaska;M;Green;Summer;Free Shipping;Credit Card;Weekly
54;29;Male;Skirt;Clothing;16/04/2024;35;24;Mississippi;S;Peach;Winter;Next Day Air;Credit Card;Weekly
55;47;Male;Coat;Outerwear;18/04/2024;35;94;New Mexico;M;Brown;Summer;Next Day Air;Debit Card;Bi-Weekly
56;40;Male;Jacket;Outerwear;20/04/2024;49;28;South Carolina;M;Lavender;Winter;2-Day Shipping;Credit Card;Annually
57;41;Male;Backpack;Accessories;22/04/2024;46;73;Mississippi;XL;Brown;Summer;Store Pickup;Credit Card;Weekly
58;21;Male;Coat;Outerwear;24/04/2024;17;64;West Virginia;M;White;Summer;Store Pickup;Debit Card;Fortnightly
59;69;Male;Hoodie;Clothing;26/04/2024;29;54;Missouri;M;Charcoal;Summer;Free Shipping;Venmo;Monthly
60;63;Male;Belt;Accessories;28/04/2024;4;79;Louisiana;L;Yellow;Spring;Standard;Debit Card;Weekly
61;50;Male;Sweater;Clothing;30/04/2024;17;37;Idaho;L;Brown;Summer;Express;Cash;Weekly
3;55;Male;Scarf;Accessories;02/05/2024;21;68;Texas;M;Orange;Winter;Store Pickup;Credit Card;Every 3 Months
63;30;Male;Sneakers;Footwear;04/05/2024;31;21;Mississippi;S;Magenta;Spring;Free Shipping;Credit Card;Fortnightly
64;33;Male;Sunglasses;Accessories;06/05/2024;43;79;Arizona;L;Lavender;Winter;2-Day Shipping;Credit Card;Weekly
65;65;Male;Boots;Footwear;08/05/2024;18;83;Alabama;S;Green;Fall;Standard;Debit Card;Fortnightly
66;65;Male;Backpack;Accessories;10/05/2024;44;36;New Jersey;M;Purple;Spring;2-Day Shipping;Venmo;Every 3 Months
67;31;Male;Blouse;Clothing;12/05/2024;3;94;Pennsylvania;S;Magenta;Winter;2-Day Shipping;Venmo;Every 3 Months
68;45;Male;Coat;Outerwear;14/05/2024;49;33;Connecticut;L;Gray;Winter;Store Pickup;Debit Card;Monthly
69;57;Male;Handbag;Accessories;16/05/2024;21;46;Utah;L;Silver;Summer;Next Day Air;Cash;Every 3 Months
70;48;Male;Belt;Accessories;18/05/2024;5;70;Tennessee;S;Cyan;Summer;Express;Cash;Weekly
71;22;Male;Belt;Accessories;20/05/2024;32;29;Alabama;M;Magenta;Fall;Express;Debit Card;Every 3 Months
72;36;Male;Dress;Clothing;22/05/2024;34;48;Virginia;L;Gold;Summer;Express;Bank Transfer;Annually
73;18;Male;Dress;Clothing;24/05/2024;21;26;Georgia;M;Olive;Winter;Store Pickup;Bank Transfer;Every 3 Months
74;48;Male;Pants;Clothing;26/05/2024;43;85;Hawaii;M;Teal;Spring;Free Shipping;Bank Transfer;Bi-Weekly
4;49;Male;Gloves;Accessories;28/05/2024;3;58;Indiana;L;Violet;Spring;Express;Cash;Monthly
76;64;Male;Scarf;Accessories;30/05/2024;21;85;Utah;M;Blue;Summer;Free Shipping;Credit Card;Annually
77;50;Male;Hat;Accessories;01/06/2024;32;43;Delaware;S;Teal;Summer;Free Shipping;Venmo;Monthly
78;22;Male;Dress;Clothing;03/06/2024;36;53;Delaware;L;Gold;Summer;Next Day Air;Debit Card;Fortnightly
79;50;Male;Skirt;Clothing;05/06/2024;50;91;Nebraska;M;Maroon;Spring;Free Shipping;Venmo;Fortnightly
80;38;Male;Jacket;Outerwear;07/06/2024;43;96;Iowa;M;Olive;Winter;2-Day Shipping;Bank Transfer;Every 3 Months
81;19;Male;Sandals;Footwear;09/06/2024;24;72;New York;XL;Blue;Summer;Store Pickup;Credit Card;Every 3 Months
82;67;Male;Shoes;Footwear;11/06/2024;36;96;Virginia;L;Maroon;Summer;Express;Credit Card;Every 3 Months
83;19;Male;Pants;Clothing;13/06/2024;21;28;Georgia;S;Olive;Spring;2-Day Shipping;Credit Card;Every 3 Months
84;36;Male;Dress;Clothing;15/06/2024;34;40;Texas;M;Turquoise;Summer;Standard;Bank Transfer;Weekly
85;52;Male;Coat;Outerwear;17/06/2024;42;32;Arizona;S;Peach;Spring;Standard;Bank Transfer;Every 3 Months
5;53;Male;Sunglasses;Accessories;19/06/2024;2;95;New Mexico;M;Charcoal;Winter;Next Day Air;Debit Card;Bi-Weekly
87;24;Male;Hoodie;Clothing;21/06/2024;47;41;Nevada;L;Pink;Spring;2-Day Shipping;Cash;Bi-Weekly
88;52;Male;Shoes;Footwear;23/06/2024;44;53;Ohio;M;Green;Fall;2-Day Shipping;Debit Card;Fortnightly
89;33;Male;T-shirt;Clothing;25/06/2024;35;47;Wyoming;M;Orange;Fall;Free Shipping;Credit Card;Monthly
90;47;Male;Jacket;Outerwear;27/06/2024;15;83;California;XL;Pink;Fall;Next Day Air;Cash;Quarterly
91;25;Male;Hat;Accessories;29/06/2024;29;48;South Carolina;L;Violet;Summer;Express;Credit Card;Monthly
92;44;Male;Scarf;Accessories;01/07/2024;18;99;South Carolina;S;Green;Winter;Standard;Credit Card;Every 3 Months
93;61;Male;Jacket;Outerwear;03/07/2024;13;87;Texas;M;Olive;Winter;2-Day Shipping;Venmo;Every 3 Months
94;37;Male;Sweater;Clothing;05/07/2024;46;62;Florida;M;Purple;Fall;Standard;Credit Card;Weekly
95;58;Male;Skirt;Clothing;07/07/2024;28;76;Nevada;S;Silver;Spring;Free Shipping;Credit Card;Weekly
96;37;Male;Sneakers;Footwear;09/07/2024;48;100;Missouri;L;Pink;Fall;Free Shipping;PayPal;Monthly
97;32;Male;Gloves;Accessories;11/07/2024;43;73;Delaware;S;Gold;Spring;Express;Venmo;Every 3 Months
98;21;Male;Shoes;Footwear;13/07/2024;37;92;Virginia;M;Teal;Winter;Store Pickup;Cash;Annually
99;20;Male;Jeans;Clothing;15/07/2024;20;67;New York;XL;Teal;Spring;Next Day Air;Bank Transfer;Annually
100;26;Male;Hoodie;Clothing;17/07/2024;33;40;Missouri;XL;Indigo;Summer;Express;Debit Card;Quarterly
101;62;Male;Sunglasses;Accessories;19/07/2024;31;98;South Dakota;M;Maroon;Fall;Express;Cash;Fortnightly
102;27;Male;Coat;Outerwear;21/07/2024;50;85;North Dakota;XL;White;Spring;Express;Credit Card;Bi-Weekly
103;51;Male;Socks;Clothing;23/07/2024;35;67;Oklahoma;L;Violet;Winter;Next Day Air;Credit Card;Quarterly
104;54;Male;Boots;Footwear;25/07/2024;22;89;West Virginia;L;Red;Winter;Next Day Air;Venmo;Bi-Weekly
105;55;Male;Sunglasses;Accessories;27/07/2024;1;24;New Hampshire;L;Pink;Spring;2-Day Shipping;PayPal;Monthly
106;69;Male;Backpack;Accessories;29/07/2024;4;96;New York;M;Charcoal;Fall;Next Day Air;Bank Transfer;Annually
107;64;Male;Jacket;Outerwear;31/07/2024;31;35;Minnesota;L;White;Summer;Standard;Credit Card;Monthly
108;28;Male;Sneakers;Footwear;02/08/2024;46;67;Maryland;L;Olive;Winter;Next Day Air;PayPal;Fortnightly
109;70;Male;Socks;Clothing;04/08/2024;32;79;Montana;L;Purple;Spring;Next Day Air;Bank Transfer;Bi-Weekly
110;58;Male;T-shirt;Clothing;06/08/2024;43;85;Alabama;M;Violet;Spring;Next Day Air;Bank Transfer;Fortnightly
111;56;Male;Backpack;Accessories;08/08/2024;26;26;New York;M;Black;Summer;Standard;Venmo;Fortnightly
112;26;Male;Belt;Accessories;10/08/2024;9;75;Massachusetts;L;Purple;Summer;Free Shipping;Credit Card;Annually
113;37;Male;Gloves;Accessories;12/08/2024;28;65;Florida;M;Red;Spring;Free Shipping;PayPal;Bi-Weekly
114;44;Male;Hat;Accessories;14/08/2024;20;54;New Jersey;L;Maroon;Winter;Next Day Air;PayPal;Quarterly
115;70;Male;Coat;Outerwear;16/08/2024;9;95;Massachusetts;S;Blue;Summer;Store Pickup;Cash;Weekly
116;53;Male;Skirt;Clothing;18/08/2024;48;94;Wyoming;M;Gray;Spring;Standard;Debit Card;Every 3 Months
117;55;Male;Shoes;Footwear;20/08/2024;12;86;Virginia;S;Blue;Spring;Free Shipping;Venmo;Annually
118;50;Male;Sandals;Footwear;22/08/2024;29;32;South Dakota;L;Yellow;Summer;Express;Cash;Fortnightly
119;50;Male;Sweater;Clothing;24/08/2024;27;45;Kentucky;L;Orange;Fall;2-Day Shipping;Cash;Bi-Weekly
120;38;Male;Coat;Outerwear;26/08/2024;44;76;Wyoming;M;Orange;Fall;Express;Cash;Annually
121;64;Male;Hat;Accessories;28/08/2024;32;84;West Virginia;L;Red;Summer;Express;Bank Transfer;Annually
122;19;Male;Shorts;Clothing;30/08/2024;11;72;Virginia;M;Olive;Winter;Standard;Cash;Fortnightly
123;40;Male;Backpack;Accessories;01/09/2024;44;40;Washington;L;Brown;Spring;2-Day Shipping;Cash;Fortnightly
124;57;Male;Sweater;Clothing;03/09/2024;46;89;Louisiana;L;Brown;Fall;Free Shipping;Cash;Weekly
125;44;Male;Sweater;Clothing;05/09/2024;50;86;Nevada;M;Gray;Spring;Next Day Air;PayPal;Annually
126;49;Male;Shorts;Clothing;07/09/2024;45;54;California;M;Indigo;Winter;Next Day Air;Venmo;Every 3 Months
127;43;Male;Shorts;Clothing;09/09/2024;48;36;Mississippi;L;Pink;Spring;Store Pickup;Cash;Every 3 Months
128;24;Male;Sweater;Clothing;11/09/2024;26;89;Mississippi;M;Gray;Winter;Next Day Air;Credit Card;Weekly
129;20;Male;Scarf;Accessories;13/09/2024;21;32;California;M;Gold;Spring;Standard;Credit Card;Fortnightly
130;24;Male;Dress;Clothing;15/09/2024;49;67;Pennsylvania;XL;Olive;Summer;2-Day Shipping;PayPal;Bi-Weekly
131;44;Male;Scarf;Accessories;17/09/2024;13;39;Kentucky;L;Violet;Fall;Next Day Air;PayPal;Fortnightly
132;28;Male;Skirt;Clothing;19/09/2024;46;29;Maine;L;Indigo;Summer;Standard;Credit Card;Weekly
133;30;Male;Backpack;Accessories;21/09/2024;42;58;New Mexico;M;Orange;Fall;2-Day Shipping;PayPal;Weekly
134;52;Male;Sweater;Clothing;23/09/2024;25;65;Montana;M;Violet;Winter;Next Day Air;Venmo;Annually
135;43;Male;Hat;Accessories;25/09/2024;25;94;Texas;L;Gray;Fall;Store Pickup;Cash;Monthly
136;43;Male;Sandals;Footwear;27/09/2024;12;81;Kansas;M;Purple;Fall;Express;PayPal;Quarterly
137;39;Male;Blouse;Clothing;29/09/2024;4;86;South Carolina;M;White;Winter;Free Shipping;Debit Card;Quarterly
138;68;Male;Sneakers;Footwear;01/10/2024;38;43;Colorado;M;Turquoise;Spring;Free Shipping;PayPal;Weekly
139;68;Male;Skirt;Clothing;03/10/2024;42;29;Georgia;M;Maroon;Winter;Store Pickup;Bank Transfer;Weekly
140;49;Male;Coat;Outerwear;05/10/2024;30;95;Florida;M;White;Fall;Store Pickup;Venmo;Annually
141;63;Male;Shirt;Clothing;07/10/2024;50;28;North Carolina;L;Yellow;Fall;2-Day Shipping;Credit Card;Weekly
142;56;Male;Gloves;Accessories;09/10/2024;45;46;Virginia;M;Turquoise;Fall;Free Shipping;PayPal;Weekly
143;37;Male;Jacket;Outerwear;11/10/2024;33;58;Nebraska;L;Violet;Fall;Free Shipping;Credit Card;Fortnightly
144;30;Male;Coat;Outerwear;13/10/2024;25;48;Missouri;M;Beige;Fall;Store Pickup;PayPal;Quarterly
145;19;Male;Shoes;Footwear;15/10/2024;25;43;New Jersey;M;Silver;Fall;Express;Cash;Monthly
146;24;Male;Jewelry;Accessories;17/10/2024;44;95;Missouri;M;Teal;Fall;Standard;Debit Card;Quarterly
147;52;Male;Skirt;Clothing;19/10/2024;21;30;Colorado;S;Black;Fall;Standard;Venmo;Fortnightly
148;63;Male;Shoes;Footwear;21/10/2024;31;64;Idaho;M;Purple;Summer;2-Day Shipping;Bank Transfer;Fortnightly
149;37;Male;Gloves;Accessories;23/10/2024;47;90;Wyoming;M;Gray;Fall;Store Pickup;Debit Card;Annually
150;38;Male;Pants;Clothing;25/10/2024;14;76;Delaware;M;White;Summer;Free Shipping;PayPal;Monthly
151;35;Male;Boots;Footwear;27/10/2024;17;96;California;L;Cyan;Fall;Standard;Debit Card;Every 3 Months
152;28;Male;Sunglasses;Accessories;29/10/2024;3;47;North Dakota;L;Turquoise;Fall;Next Day Air;Venmo;Annually
153;30;Male;Shirt;Clothing;31/10/2024;42;85;South Carolina;S;Brown;Summer;Express;Venmo;Annually
154;69;Male;Hoodie;Clothing;02/11/2024;22;55;North Carolina;M;Maroon;Winter;Standard;Debit Card;Annually
155;41;Male;Dress;Clothing;04/11/2024;21;98;Oklahoma;M;Charcoal;Fall;Next Day Air;Venmo;Quarterly
156;63;Male;Socks;Clothing;06/11/2024;21;77;Maine;S;Olive;Spring;Free Shipping;Bank Transfer;Quarterly
157;35;Male;Shorts;Clothing;08/11/2024;40;26;Missouri;M;Lavender;Fall;Standard;Debit Card;Annually
158;36;Male;Hat;Accessories;10/11/2024;1;68;Vermont;S;Yellow;Fall;Next Day Air;Bank Transfer;Fortnightly
159;25;Male;Shirt;Clothing;12/11/2024;50;73;Connecticut;XL;Teal;Fall;Standard;Bank Transfer;Monthly
160;58;Male;Gloves;Accessories;14/11/2024;39;27;New Hampshire;M;Charcoal;Fall;Store Pickup;Bank Transfer;Every 3 Months
161;27;Male;Gloves;Accessories;16/11/2024;34;23;Texas;M;Orange;Summer;Free Shipping;Venmo;Monthly
162;65;Male;Backpack;Accessories;18/11/2024;29;49;North Dakota;M;Olive;Fall;Express;Venmo;Fortnightly
163;54;Male;Sunglasses;Accessories;20/11/2024;31;74;California;M;Turquoise;Summer;Store Pickup;PayPal;Bi-Weekly
164;54;Male;Skirt;Clothing;22/11/2024;8;67;Virginia;M;Purple;Summer;Standard;Debit Card;Weekly
165;59;Male;Handbag;Accessories;24/11/2024;5;65;Delaware;S;Purple;Spring;Free Shipping;Credit Card;Fortnightly
166;42;Male;Handbag;Accessories;26/11/2024;7;60;Kentucky;S;Yellow;Winter;Store Pickup;Cash;Monthly
167;46;Male;Sneakers;Footwear;28/11/2024;30;31;Delaware;XL;Indigo;Fall;Store Pickup;Cash;Monthly
168;33;Male;Gloves;Accessories;30/11/2024;14;27;Arkansas;M;Green;Fall;Express;Credit Card;Every 3 Months
169;34;Male;Shoes;Footwear;02/12/2024;5;80;Louisiana;M;Magenta;Summer;Express;Cash;Fortnightly
170;27;Male;Jacket;Outerwear;04/12/2024;3;30;Nevada;S;Gold;Summer;Standard;PayPal;Every 3 Months
171;52;Male;Shirt;Clothing;06/12/2024;46;25;Wyoming;M;Maroon;Fall;Store Pickup;Venmo;Bi-Weekly
172;29;Male;Shorts;Clothing;08/12/2024;4;35;Virginia;M;Blue;Summer;Store Pickup;Credit Card;Weekly
173;54;Male;Jewelry;Accessories;10/12/2024;42;67;Nebraska;M;Violet;Summer;Next Day Air;Credit Card;Bi-Weekly
174;25;Male;Hat;Accessories;12/12/2024;30;46;Hawaii;M;Turquoise;Fall;Standard;Cash;Annually
175;41;Male;Shoes;Footwear;14/12/2024;37;35;Vermont;L;Brown;Winter;Express;Venmo;Annually
176;53;Male;Coat;Outerwear;16/12/2024;2;86;Oklahoma;L;Violet;Fall;Next Day Air;Bank Transfer;Annually
177;53;Male;Backpack;Accessories;18/12/2024;30;81;New Hampshire;L;Black;Spring;Next Day Air;Credit Card;Quarterly
178;21;Male;Hoodie;Clothing;20/12/2024;47;42;Kansas;L;Magenta;Fall;Next Day Air;Bank Transfer;Monthly
179;61;Male;Skirt;Clothing;22/12/2024;21;43;Idaho;L;Lavender;Fall;2-Day Shipping;PayPal;Quarterly
180;64;Male;Boots;Footwear;24/12/2024;9;31;Illinois;M;Violet;Fall;Store Pickup;Bank Transfer;Fortnightly
181;51;Male;Sandals;Footwear;26/12/2024;12;81;South Dakota;L;Green;Fall;Store Pickup;Debit Card;Fortnightly
182;32;Male;Pants;Clothing;28/12/2024;4;61;Massachusetts;M;Beige;Summer;Next Day Air;Bank Transfer;Weekly
183;38;Male;Gloves;Accessories;30/12/2024;10;96;Alabama;XL;Purple;Summer;Store Pickup;Debit Card;Annually
184;58;Male;Skirt;Clothing;01/01/2025;26;29;Ohio;XL;Beige;Spring;2-Day Shipping;Credit Card;Weekly
185;32;Male;Sneakers;Footwear;03/01/2025;40;33;Hawaii;L;Cyan;Spring;Express;Cash;Fortnightly
186;46;Male;T-shirt;Clothing;05/01/2025;34;32;Wisconsin;XL;Silver;Summer;Store Pickup;Bank Transfer;Fortnightly
187;39;Male;Backpack;Accessories;07/01/2025;31;56;Minnesota;S;Lavender;Summer;Standard;Debit Card;Annually
188;19;Male;Shoes;Footwear;09/01/2025;1;94;Georgia;S;Purple;Spring;Store Pickup;Bank Transfer;Bi-Weekly
189;50;Male;Hoodie;Clothing;11/01/2025;5;53;Arkansas;M;Pink;Spring;Express;Bank Transfer;Bi-Weekly
190;36;Male;Blouse;Clothing;13/01/2025;4;82;West Virginia;M;Maroon;Fall;Next Day Air;Credit Card;Weekly
191;65;Male;Coat;Outerwear;15/01/2025;48;70;Indiana;XL;Beige;Fall;Free Shipping;Venmo;Quarterly
192;64;Male;Hat;Accessories;17/01/2025;29;76;Utah;M;Gray;Fall;Free Shipping;Cash;Every 3 Months
193;46;Male;Shoes;Footwear;19/01/2025;12;29;Nebraska;L;Turquoise;Summer;Express;PayPal;Bi-Weekly
194;36;Male;Belt;Accessories;21/01/2025;29;100;North Dakota;S;Silver;Fall;Standard;Venmo;Annually
195;51;Male;Backpack;Accessories;23/01/2025;15;94;Missouri;M;Olive;Spring;Express;Debit Card;Quarterly
196;51;Male;Jacket;Outerwear;25/01/2025;34;25;New York;M;Magenta;Fall;Free Shipping;Credit Card;Monthly
197;38;Male;Boots;Footwear;27/01/2025;41;88;Washington;M;Lavender;Summer;Next Day Air;Credit Card;Fortnightly
198;59;Male;Scarf;Accessories;29/01/2025;41;78;South Carolina;M;Black;Fall;2-Day Shipping;Credit Card;Monthly
199;57;Male;Jewelry;Accessories;31/01/2025;39;45;Utah;M;Turquoise;Winter;Standard;Credit Card;Fortnightly
200;54;Male;Hat;Accessories;02/02/2025;32;73;Idaho;XL;Green;Summer;Express;Cash;Weekly
201;25;Male;Dress;Clothing;04/02/2025;29;61;Pennsylvania;S;Teal;Summer;Next Day Air;Venmo;Monthly
202;69;Male;Blouse;Clothing;06/02/2025;15;22;Missouri;S;Beige;Fall;Free Shipping;Bank Transfer;Annually
203;57;Male;Hat;Accessories;08/02/2025;33;38;Nebraska;L;Magenta;Spring;Express;Venmo;Annually
204;70;Male;Scarf;Accessories;10/02/2025;18;38;Indiana;S;Yellow;Fall;Next Day Air;Bank Transfer;Weekly
205;24;Male;Sneakers;Footwear;12/02/2025;35;100;Arizona;M;Yellow;Fall;Store Pickup;Cash;Bi-Weekly
206;67;Male;Shirt;Clothing;14/02/2025;25;64;Hawaii;M;Silver;Winter;Standard;PayPal;Weekly
207;24;Male;T-shirt;Clothing;16/02/2025;6;55;Wisconsin;L;Silver;Summer;Free Shipping;Venmo;Fortnightly
208;62;Male;Gloves;Accessories;18/02/2025;17;91;Rhode Island;M;Silver;Summer;Express;Bank Transfer;Bi-Weekly
209;57;Male;Skirt;Clothing;20/02/2025;17;38;Wisconsin;M;Gold;Spring;Store Pickup;Credit Card;Monthly
210;55;Male;Sandals;Footwear;22/02/2025;44;97;Minnesota;S;Olive;Winter;Store Pickup;Cash;Every 3 Months
211;45;Male;Jacket;Outerwear;24/02/2025;6;22;Vermont;L;Teal;Fall;2-Day Shipping;PayPal;Fortnightly
212;69;Male;Skirt;Clothing;26/02/2025;45;92;South Dakota;L;Maroon;Fall;2-Day Shipping;Debit Card;Fortnightly
213;67;Male;Handbag;Accessories;28/02/2025;7;84;Virginia;L;Blue;Fall;Express;Debit Card;Annually
214;30;Male;Handbag;Accessories;02/03/2025;11;93;Nevada;L;Peach;Fall;Store Pickup;Debit Card;Every 3 Months
215;24;Male;Jacket;Outerwear;04/03/2025;41;50;Hawaii;L;Blue;Summer;Next Day Air;Cash;Every 3 Months
216;62;Male;Scarf;Accessories;06/03/2025;24;64;New Jersey;S;Orange;Spring;2-Day Shipping;PayPal;Bi-Weekly
217;43;Male;Shorts;Clothing;08/03/2025;21;61;Massachusetts;L;Yellow;Spring;Free Shipping;Venmo;Weekly
218;35;Male;Sunglasses;Accessories;10/03/2025;24;48;Oklahoma;M;Purple;Winter;Next Day Air;Bank Transfer;Annually
219;28;Male;T-shirt;Clothing;12/03/2025;8;45;California;S;Magenta;Spring;Store Pickup;Credit Card;Quarterly
220;32;Male;Belt;Accessories;14/03/2025;12;88;Nevada;M;Cyan;Spring;Free Shipping;Cash;Fortnightly
221;39;Male;Sneakers;Footwear;16/03/2025;48;57;Arizona;S;Indigo;Spring;Express;Debit Card;Fortnightly
222;28;Male;Hat;Accessories;18/03/2025;6;68;North Carolina;XL;Magenta;Summer;Store Pickup;Bank Transfer;Quarterly
223;47;Male;Gloves;Accessories;20/03/2025;14;94;New York;XL;Gray;Spring;2-Day Shipping;PayPal;Fortnightly
224;20;Male;Pants;Clothing;22/03/2025;34;41;Wyoming;M;Turquoise;Spring;Free Shipping;PayPal;Annually
225;63;Male;Socks;Clothing;24/03/2025;12;83;South Dakota;S;Beige;Summer;Free Shipping;Cash;Every 3 Months
226;25;Male;Jacket;Outerwear;26/03/2025;11;22;Arkansas;M;Olive;Spring;Next Day Air;Bank Transfer;Annually
227;29;Male;Shoes;Footwear;28/03/2025;5;74;Texas;L;Violet;Spring;Free Shipping;PayPal;Monthly
228;50;Male;Jeans;Clothing;30/03/2025;25;90;Rhode Island;M;Turquoise;Winter;Standard;Venmo;Fortnightly
229;18;Male;Socks;Clothing;01/04/2025;11;79;New Hampshire;M;White;Spring;Store Pickup;Credit Card;Annually
230;70;Male;Sandals;Footwear;03/04/2025;27;28;Ohio;S;Silver;Spring;Next Day Air;PayPal;Every 3 Months
231;66;Male;Scarf;Accessories;05/04/2025;43;88;Utah;L;Olive;Fall;Standard;Credit Card;Annually
232;28;Male;Blouse;Clothing;07/04/2025;18;26;Tennessee;M;Blue;Spring;2-Day Shipping;Debit Card;Every 3 Months
233;54;Male;Jewelry;Accessories;09/04/2025;32;27;Hawaii;L;Purple;Winter;Express;Bank Transfer;Bi-Weekly
234;19;Male;Sweater;Clothing;11/04/2025;27;83;Arizona;XL;Yellow;Fall;Next Day Air;Bank Transfer;Every 3 Months
235;20;Male;Gloves;Accessories;13/04/2025;24;39;South Dakota;S;Silver;Summer;Next Day Air;Credit Card;Weekly
236;43;Male;Sunglasses;Accessories;15/04/2025;31;89;New Jersey;M;Cyan;Winter;Free Shipping;Debit Card;Quarterly
237;38;Male;Coat;Outerwear;17/04/2025;39;68;North Dakota;L;Green;Winter;Next Day Air;PayPal;Fortnightly
238;50;Male;Dress;Clothing;19/04/2025;36;90;Iowa;M;Beige;Summer;Store Pickup;Debit Card;Fortnightly
239;64;Male;Skirt;Clothing;21/04/2025;5;34;Ohio;M;Peach;Fall;Free Shipping;Cash;Annually
240;49;Male;Pants;Clothing;23/04/2025;47;51;Vermont;L;Yellow;Summer;Express;Credit Card;Bi-Weekly
241;47;Male;Sweater;Clothing;25/04/2025;29;45;Montana;XL;Turquoise;Winter;Free Shipping;Bank Transfer;Fortnightly
242;36;Male;Hoodie;Clothing;27/04/2025;43;88;Delaware;M;Peach;Winter;Free Shipping;Venmo;Bi-Weekly
243;55;Male;Coat;Outerwear;29/04/2025;40;85;New York;L;Gray;Summer;Store Pickup;Debit Card;Every 3 Months
244;25;Male;Jewelry;Accessories;01/05/2025;4;100;Kentucky;M;Olive;Winter;2-Day Shipping;Debit Card;Monthly
245;53;Male;Belt;Accessories;03/05/2025;39;42;Oregon;S;Indigo;Spring;2-Day Shipping;PayPal;Weekly
246;49;Male;Sandals;Footwear;05/05/2025;45;53;Rhode Island;L;Charcoal;Summer;Next Day Air;Venmo;Fortnightly
247;35;Male;Sunglasses;Accessories;07/05/2025;20;86;Nevada;XL;Beige;Spring;Express;Venmo;Bi-Weekly
248;29;Male;Sweater;Clothing;09/05/2025;14;66;Montana;XL;Brown;Spring;Standard;Debit Card;Weekly
249;47;Male;Belt;Accessories;11/05/2025;33;100;Pennsylvania;M;Blue;Winter;Express;PayPal;Weekly
250;53;Male;Handbag;Accessories;13/05/2025;18;47;Alaska;S;Teal;Fall;Standard;Credit Card;Annually
251;33;Male;Skirt;Clothing;15/05/2025;9;25;Mississippi;L;Black;Fall;Express;Bank Transfer;Weekly
252;21;Male;Handbag;Accessories;17/05/2025;34;51;Wyoming;XL;Gold;Winter;Standard;PayPal;Annually
253;32;Male;Shorts;Clothing;19/05/2025;33;41;Delaware;M;Violet;Summer;Free Shipping;Venmo;Fortnightly
254;52;Male;Boots;Footwear;21/05/2025;15;73;Oklahoma;L;Cyan;Winter;2-Day Shipping;Bank Transfer;Bi-Weekly
255;67;Male;Sunglasses;Accessories;23/05/2025;4;42;Indiana;M;White;Winter;Store Pickup;PayPal;Bi-Weekly
256;43;Male;Scarf;Accessories;25/05/2025;25;20;Maryland;M;Charcoal;Spring;Free Shipping;Debit Card;Annually
257;58;Male;Jewelry;Accessories;27/05/2025;20;30;South Dakota;XL;Violet;Spring;Express;Credit Card;Every 3 Months
258;20;Male;Handbag;Accessories;29/05/2025;5;53;West Virginia;M;Red;Summer;Express;Credit Card;Quarterly
259;61;Male;Gloves;Accessories;31/05/2025;16;74;Alabama;S;Lavender;Spring;Express;Cash;Quarterly
260;32;Male;Jeans;Clothing;02/06/2025;13;57;Louisiana;M;Gold;Fall;Standard;Debit Card;Annually
261;38;Male;Hat;Accessories;04/06/2025;11;57;Montana;S;Red;Winter;2-Day Shipping;Credit Card;Every 3 Months
262;21;Male;Jeans;Clothing;06/06/2025;21;77;California;L;Magenta;Winter;Standard;Credit Card;Annually
263;37;Male;Pants;Clothing;08/06/2025;6;40;Hawaii;M;Teal;Summer;Next Day Air;Debit Card;Annually
264;27;Male;Shorts;Clothing;10/06/2025;29;46;Iowa;M;Purple;Summer;Store Pickup;Venmo;Monthly
265;36;Male;Pants;Clothing;12/06/2025;15;78;Colorado;S;Charcoal;Fall;Store Pickup;Cash;Annually
266;32;Male;Backpack;Accessories;14/06/2025;17;59;Michigan;M;Gray;Spring;2-Day Shipping;Bank Transfer;Bi-Weekly
267;51;Male;Jewelry;Accessories;16/06/2025;32;75;Louisiana;L;White;Summer;Express;Credit Card;Weekly
268;64;Male;Sweater;Clothing;18/06/2025;42;54;Maryland;M;Olive;Spring;2-Day Shipping;Venmo;Annually
269;68;Male;Shoes;Footwear;20/06/2025;21;42;Georgia;M;Charcoal;Spring;Store Pickup;Cash;Monthly
270;68;Male;Blouse;Clothing;22/06/2025;9;44;Georgia;M;Charcoal;Winter;Next Day Air;Cash;Bi-Weekly
271;33;Male;Jeans;Clothing;24/06/2025;16;52;North Dakota;XL;Orange;Fall;Free Shipping;Bank Transfer;Annually
272;65;Male;Sunglasses;Accessories;26/06/2025;42;69;Maryland;XL;Yellow;Summer;Express;Credit Card;Fortnightly
273;48;Male;Jewelry;Accessories;28/06/2025;37;26;Oregon;M;Beige;Summer;2-Day Shipping;Debit Card;Bi-Weekly
274;69;Male;Coat;Outerwear;30/06/2025;32;33;North Dakota;S;Silver;Spring;Express;Debit Card;Quarterly
275;59;Male;Jewelry;Accessories;02/07/2025;28;32;Maryland;M;Indigo;Spring;Express;Cash;Bi-Weekly
276;48;Male;Backpack;Accessories;04/07/2025;13;85;Virginia;XL;Lavender;Winter;Express;Credit Card;Weekly
277;25;Male;Skirt;Clothing;06/07/2025;11;30;South Dakota;XL;Turquoise;Fall;Express;Bank Transfer;Fortnightly
278;29;Male;Shirt;Clothing;08/07/2025;36;29;Georgia;M;Green;Winter;Store Pickup;Bank Transfer;Bi-Weekly
279;57;Male;Sweater;Clothing;10/07/2025;23;95;Hawaii;M;Orange;Spring;Express;Debit Card;Annually
280;23;Male;Sneakers;Footwear;12/07/2025;37;69;Arkansas;L;Turquoise;Summer;Standard;Bank Transfer;Monthly
281;45;Male;Sandals;Footwear;14/07/2025;21;69;Montana;S;Cyan;Fall;2-Day Shipping;Cash;Bi-Weekly
282;38;Male;Belt;Accessories;16/07/2025;22;61;Oklahoma;XL;Charcoal;Spring;Standard;Debit Card;Bi-Weekly
283;21;Male;Skirt;Clothing;18/07/2025;9;94;Minnesota;M;Teal;Summer;2-Day Shipping;Cash;Monthly
284;32;Male;Sweater;Clothing;20/07/2025;16;30;Montana;S;Maroon;Fall;Next Day Air;Venmo;Annually
285;63;Male;Skirt;Clothing;22/07/2025;4;45;Ohio;M;Red;Summer;Standard;PayPal;Quarterly
286;29;Male;Handbag;Accessories;24/07/2025;3;39;Kentucky;XL;Yellow;Summer;Express;Debit Card;Bi-Weekly
287;27;Male;Jewelry;Accessories;26/07/2025;6;51;Nebraska;L;Gray;Summer;Store Pickup;Debit Card;Annually
288;56;Male;Scarf;Accessories;28/07/2025;18;37;Delaware;L;Blue;Spring;2-Day Shipping;Venmo;Fortnightly
289;30;Male;T-shirt;Clothing;30/07/2025;34;62;North Carolina;M;Lavender;Winter;2-Day Shipping;Venmo;Bi-Weekly
290;49;Male;Coat;Outerwear;01/08/2025;26;85;New York;M;Yellow;Fall;2-Day Shipping;Credit Card;Monthly
291;58;Male;T-shirt;Clothing;03/08/2025;50;33;Colorado;M;Indigo;Winter;Standard;PayPal;Weekly
292;57;Male;Dress;Clothing;05/08/2025;40;26;Delaware;XL;Violet;Fall;Next Day Air;Bank Transfer;Monthly
293;60;Male;Shoes;Footwear;07/08/2025;24;99;Utah;M;Green;Spring;Free Shipping;Cash;Quarterly
294;69;Male;Handbag;Accessories;09/08/2025;33;39;Connecticut;M;White;Spring;Express;PayPal;Annually
295;70;Male;Skirt;Clothing;11/08/2025;19;20;New Jersey;M;Gold;Spring;Store Pickup;Credit Card;Every 3 Months
296;53;Male;Sunglasses;Accessories;13/08/2025;24;42;West Virginia;M;Indigo;Winter;Store Pickup;Credit Card;Quarterly
297;25;Male;Sandals;Footwear;15/08/2025;19;74;Indiana;S;Lavender;Spring;2-Day Shipping;Credit Card;Weekly
298;48;Male;Shoes;Footwear;17/08/2025;4;26;Delaware;XL;Purple;Summer;Standard;Credit Card;Bi-Weekly
299;69;Male;T-shirt;Clothing;19/08/2025;11;53;Maryland;M;Lavender;Winter;Standard;Venmo;Every 3 Months
300;25;Male;Sneakers;Footwear;21/08/2025;28;80;Pennsylvania;M;Maroon;Summer;Next Day Air;PayPal;Fortnightly
301;29;Male;Hat;Accessories;23/08/2025;24;98;Iowa;M;Teal;Spring;Store Pickup;PayPal;Weekly
302;46;Male;Skirt;Clothing;25/08/2025;25;95;Pennsylvania;M;Green;Spring;Standard;Credit Card;Every 3 Months
303;37;Male;Sweater;Clothing;27/08/2025;27;44;Delaware;L;Olive;Summer;Express;Bank Transfer;Every 3 Months
304;20;Male;Sandals;Footwear;29/08/2025;49;60;Oregon;M;Turquoise;Summer;Next Day Air;Venmo;Weekly
305;40;Male;Dress;Clothing;31/08/2025;45;84;Oregon;M;Green;Winter;Next Day Air;Credit Card;Bi-Weekly
306;60;Male;Sweater;Clothing;02/09/2025;26;59;Utah;M;Teal;Fall;2-Day Shipping;PayPal;Annually
307;26;Male;Jacket;Outerwear;04/09/2025;4;49;North Dakota;S;White;Summer;Express;Cash;Annually
308;29;Male;Gloves;Accessories;06/09/2025;3;32;Florida;M;Orange;Winter;Free Shipping;Credit Card;Every 3 Months
309;66;Male;Handbag;Accessories;08/09/2025;45;29;Maryland;M;Beige;Fall;Standard;Venmo;Bi-Weekly
310;66;Male;Dress;Clothing;10/09/2025;21;22;Minnesota;M;Yellow;Spring;Standard;Cash;Fortnightly
311;56;Male;Pants;Clothing;12/09/2025;50;85;Montana;M;Charcoal;Winter;Standard;Cash;Fortnightly
312;69;Male;Jeans;Clothing;14/09/2025;19;52;Rhode Island;L;Silver;Winter;Store Pickup;Bank Transfer;Monthly
313;38;Male;Pants;Clothing;16/09/2025;6;89;Massachusetts;L;Green;Spring;Next Day Air;PayPal;Annually
314;42;Male;Dress;Clothing;18/09/2025;50;77;Vermont;M;Pink;Spring;Express;Credit Card;Every 3 Months
315;30;Male;Pants;Clothing;20/09/2025;17;24;New Jersey;M;Purple;Summer;Store Pickup;Debit Card;Every 3 Months
316;66;Male;Jewelry;Accessories;22/09/2025;24;24;Wisconsin;XL;Orange;Spring;Express;Debit Card;Annually
317;36;Male;Handbag;Accessories;24/09/2025;46;22;California;M;Charcoal;Fall;Free Shipping;Venmo;Monthly
318;58;Male;Sweater;Clothing;26/09/2025;42;82;West Virginia;L;Teal;Fall;Standard;Cash;Every 3 Months
319;45;Male;Backpack;Accessories;28/09/2025;10;67;South Dakota;M;Beige;Winter;Standard;Cash;Annually
320;47;Male;Shorts;Clothing;30/09/2025;1;74;Maine;XL;White;Spring;Standard;Cash;Every 3 Months
321;66;Male;Jewelry;Accessories;02/10/2025;28;72;Kansas;L;White;Summer;Standard;Debit Card;Quarterly
322;41;Male;Sneakers;Footwear;04/10/2025;48;36;Vermont;L;Orange;Summer;Free Shipping;Debit Card;Quarterly
323;41;Male;Belt;Accessories;06/10/2025;47;95;Tennessee;S;Cyan;Winter;Standard;Credit Card;Monthly
324;66;Male;Hoodie;Clothing;08/10/2025;29;78;Tennessee;M;Orange;Winter;Next Day Air;PayPal;Bi-Weekly
325;37;Male;Shirt;Clothing;10/10/2025;37;82;Wyoming;M;Olive;Summer;Standard;Venmo;Quarterly
326;70;Male;Pants;Clothing;12/10/2025;38;70;Vermont;M;Charcoal;Winter;Free Shipping;Debit Card;Annually
327;62;Male;Scarf;Accessories;14/10/2025;48;41;New Jersey;M;White;Fall;Store Pickup;Bank Transfer;Weekly
328;61;Male;Coat;Outerwear;16/10/2025;36;42;Iowa;M;Teal;Summer;Free Shipping;PayPal;Weekly
329;48;Male;Coat;Outerwear;18/10/2025;9;50;Florida;M;Yellow;Fall;Free Shipping;Credit Card;Weekly
330;70;Male;Socks;Clothing;20/10/2025;34;31;Nevada;S;White;Summer;2-Day Shipping;Bank Transfer;Monthly
331;46;Male;Sweater;Clothing;22/10/2025;43;51;North Dakota;M;Beige;Winter;Express;Venmo;Bi-Weekly
332;31;Male;Shirt;Clothing;24/10/2025;46;98;Florida;L;Beige;Fall;Store Pickup;PayPal;Quarterly
333;19;Male;Shirt;Clothing;26/10/2025;5;86;New York;M;Maroon;Winter;2-Day Shipping;Credit Card;Monthly
334;39;Male;Sweater;Clothing;28/10/2025;15;64;Alaska;M;Teal;Winter;Standard;Bank Transfer;Bi-Weekly
335;41;Male;Blouse;Clothing;30/10/2025;30;46;Kansas;M;Lavender;Fall;Next Day Air;Credit Card;Annually
336;20;Male;Sweater;Clothing;01/11/2025;44;85;Oregon;L;Maroon;Spring;Standard;Venmo;Every 3 Months
337;36;Male;Hat;Accessories;03/11/2025;16;81;Rhode Island;S;Orange;Fall;Express;PayPal;Annually
338;32;Male;Sweater;Clothing;05/11/2025;16;59;New Mexico;M;Cyan;Winter;2-Day Shipping;Bank Transfer;Annually
339;69;Male;Hoodie;Clothing;07/11/2025;16;79;Massachusetts;M;Silver;Winter;Express;Cash;Weekly
340;40;Male;Shorts;Clothing;09/11/2025;21;33;Pennsylvania;M;Teal;Spring;2-Day Shipping;Credit Card;Every 3 Months
341;40;Male;Shorts;Clothing;11/11/2025;39;47;New Jersey;L;Blue;Summer;Express;Venmo;Every 3 Months
342;20;Male;Hat;Accessories;13/11/2025;40;20;Utah;S;Blue;Summer;Store Pickup;Debit Card;Bi-Weekly
343;64;Male;Coat;Outerwear;15/11/2025;48;36;Kentucky;M;Olive;Spring;Next Day Air;Credit Card;Every 3 Months
344;27;Male;Sandals;Footwear;17/11/2025;26;39;Nebraska;M;Purple;Summer;Next Day Air;Venmo;Monthly
345;24;Male;Skirt;Clothing;19/11/2025;46;71;Virginia;M;Charcoal;Winter;Standard;Debit Card;Monthly
346;48;Male;Shoes;Footwear;21/11/2025;27;59;Wyoming;S;Olive;Winter;Next Day Air;Bank Transfer;Annually
347;49;Male;Jeans;Clothing;23/11/2025;5;50;New Mexico;L;Violet;Spring;Next Day Air;Cash;Weekly
348;36;Male;Sandals;Footwear;25/11/2025;43;41;Oregon;L;Red;Fall;Store Pickup;PayPal;Fortnightly
349;56;Male;Blouse;Clothing;27/11/2025;17;59;South Carolina;M;Beige;Fall;Free Shipping;PayPal;Fortnightly
350;37;Male;Hat;Accessories;29/11/2025;3;87;Arizona;M;Green;Winter;2-Day Shipping;Bank Transfer;Bi-Weekly
351;42;Male;Sweater;Clothing;01/12/2025;47;68;Kentucky;M;Violet;Spring;2-Day Shipping;Bank Transfer;Fortnightly
352;28;Male;Skirt;Clothing;03/12/2025;24;90;New York;M;Teal;Winter;Standard;Debit Card;Bi-Weekly
353;27;Male;Jeans;Clothing;05/12/2025;12;71;Texas;XL;Yellow;Fall;Next Day Air;Cash;Every 3 Months
354;63;Male;Sneakers;Footwear;07/12/2025;35;64;Missouri;L;Yellow;Fall;Store Pickup;Debit Card;Monthly
355;58;Male;Jewelry;Accessories;09/12/2025;42;76;Pennsylvania;S;Olive;Fall;Free Shipping;Venmo;Weekly
356;37;Male;Jewelry;Accessories;11/12/2025;1;42;Oregon;XL;Magenta;Fall;2-Day Shipping;PayPal;Every 3 Months
357;56;Male;Pants;Clothing;13/12/2025;27;80;Nevada;L;Black;Spring;Standard;Cash;Weekly
358;18;Male;Belt;Accessories;15/12/2025;16;56;Arkansas;M;Olive;Spring;Standard;Credit Card;Bi-Weekly
359;48;Male;Hat;Accessories;17/12/2025;36;25;Minnesota;XL;Magenta;Summer;Express;Credit Card;Every 3 Months
360;31;Male;Sneakers;Footwear;19/12/2025;30;74;Georgia;M;Olive;Winter;Store Pickup;Credit Card;Every 3 Months
361;51;Male;Pants;Clothing;21/12/2025;18;30;Rhode Island;M;Teal;Summer;Standard;Debit Card;Fortnightly
362;65;Male;T-shirt;Clothing;23/12/2025;45;96;Nevada;M;White;Spring;Free Shipping;Cash;Annually
363;53;Male;Sneakers;Footwear;25/12/2025;1;64;Texas;M;Charcoal;Fall;Free Shipping;Venmo;Fortnightly
364;55;Male;Shorts;Clothing;27/12/2025;42;88;Florida;L;Yellow;Winter;Free Shipping;Bank Transfer;Fortnightly
365;62;Male;Shoes;Footwear;29/12/2025;7;88;North Dakota;L;Charcoal;Summer;Free Shipping;Venmo;Every 3 Months
366;55;Male;Gloves;Accessories;31/12/2025;50;88;West Virginia;XL;Gray;Summer;Standard;PayPal;Quarterly
367;64;Male;Socks;Clothing;02/01/2026;37;36;Nebraska;M;Turquoise;Spring;Store Pickup;Venmo;Fortnightly
368;52;Male;Dress;Clothing;04/01/2026;18;40;Tennessee;XL;Cyan;Spring;Store Pickup;Bank Transfer;Monthly
369;24;Male;Handbag;Accessories;06/01/2026;29;39;Oklahoma;M;Charcoal;Spring;Standard;Cash;Monthly
370;38;Male;Belt;Accessories;08/01/2026;45;40;Wisconsin;M;Silver;Summer;Store Pickup;PayPal;Quarterly
371;59;Male;Scarf;Accessories;10/01/2026;13;34;Oregon;M;Olive;Winter;Express;PayPal;Weekly
372;27;Male;Sneakers;Footwear;12/01/2026;47;83;North Carolina;S;Pink;Winter;2-Day Shipping;PayPal;Monthly
373;24;Male;Sweater;Clothing;14/01/2026;7;85;Pennsylvania;L;Orange;Summer;Standard;Debit Card;Weekly
374;23;Male;Coat;Outerwear;16/01/2026;11;27;North Dakota;L;White;Summer;Express;Venmo;Bi-Weekly
375;69;Male;Jewelry;Accessories;18/01/2026;39;78;Ohio;S;Purple;Spring;Store Pickup;Bank Transfer;Monthly
376;59;Male;Sunglasses;Accessories;20/01/2026;6;32;Oklahoma;M;Olive;Summer;Standard;Debit Card;Quarterly
377;51;Male;Shoes;Footwear;22/01/2026;2;51;South Carolina;S;Gray;Fall;Express;Venmo;Bi-Weekly
378;63;Male;Scarf;Accessories;24/01/2026;39;32;Maine;M;Silver;Spring;Standard;Credit Card;Every 3 Months
379;54;Male;Dress;Clothing;26/01/2026;23;62;Nevada;L;Orange;Winter;Next Day Air;Credit Card;Monthly
380;32;Male;T-shirt;Clothing;28/01/2026;46;29;Montana;S;Magenta;Fall;2-Day Shipping;Debit Card;Bi-Weekly
381;39;Male;Backpack;Accessories;30/01/2026;19;69;New Hampshire;XL;Beige;Fall;Store Pickup;Bank Transfer;Weekly
382;66;Male;Jewelry;Accessories;01/02/2026;3;25;Maine;L;Lavender;Winter;Store Pickup;Credit Card;Every 3 Months
383;28;Male;Jeans;Clothing;03/02/2026;47;76;California;M;Peach;Winter;Store Pickup;PayPal;Quarterly
384;50;Male;Sunglasses;Accessories;05/02/2026;6;77;West Virginia;S;Magenta;Fall;Standard;PayPal;Quarterly
385;70;Male;Sweater;Clothing;07/02/2026;6;33;California;M;Beige;Fall;2-Day Shipping;Venmo;Annually
386;67;Male;Shorts;Clothing;09/02/2026;12;93;West Virginia;S;Yellow;Fall;Next Day Air;Credit Card;Bi-Weekly
387;64;Male;Jewelry;Accessories;11/02/2026;40;39;Louisiana;L;Brown;Spring;Express;PayPal;Quarterly
388;45;Male;Coat;Outerwear;13/02/2026;38;93;Georgia;L;Silver;Summer;Store Pickup;PayPal;Fortnightly
389;22;Male;Handbag;Accessories;15/02/2026;10;82;Washington;M;Orange;Summer;Store Pickup;PayPal;Quarterly
390;27;Male;Boots;Footwear;17/02/2026;28;42;Virginia;L;Purple;Spring;Standard;Bank Transfer;Monthly
391;25;Male;Gloves;Accessories;19/02/2026;19;71;Indiana;M;Indigo;Winter;2-Day Shipping;PayPal;Annually
392;37;Male;Sweater;Clothing;21/02/2026;25;86;Minnesota;L;Gray;Spring;Standard;Cash;Fortnightly
393;26;Male;T-shirt;Clothing;23/02/2026;38;82;Idaho;XL;Black;Spring;Next Day Air;Credit Card;Annually
394;33;Male;Shoes;Footwear;25/02/2026;6;65;Vermont;L;Maroon;Fall;Standard;PayPal;Fortnightly
395;43;Male;Scarf;Accessories;27/02/2026;7;29;North Dakota;M;Beige;Spring;Store Pickup;Debit Card;Bi-Weekly
396;37;Male;Sneakers;Footwear;01/03/2026;2;65;Rhode Island;L;Brown;Winter;Store Pickup;PayPal;Annually
397;46;Male;Dress;Clothing;03/03/2026;24;88;South Carolina;S;Black;Fall;Standard;Bank Transfer;Annually
398;22;Male;Belt;Accessories;05/03/2026;26;46;Mississippi;M;Indigo;Fall;Free Shipping;Cash;Annually
399;20;Male;Boots;Footwear;07/03/2026;25;67;Montana;S;Silver;Winter;Free Shipping;Debit Card;Every 3 Months
400;60;Male;Scarf;Accessories;09/03/2026;10;35;Idaho;L;Blue;Fall;2-Day Shipping;Debit Card;Monthly
401;39;Male;Boots;Footwear;11/03/2026;14;66;Utah;M;Green;Winter;Free Shipping;PayPal;Fortnightly
402;43;Male;T-shirt;Clothing;13/03/2026;21;91;Oklahoma;L;Orange;Fall;Standard;Cash;Quarterly
403;31;Male;Backpack;Accessories;15/03/2026;26;78;California;L;Cyan;Fall;Express;PayPal;Monthly
404;19;Male;Sneakers;Footwear;17/03/2026;12;45;Nevada;M;Orange;Winter;Next Day Air;Bank Transfer;Annually
405;35;Male;T-shirt;Clothing;19/03/2026;11;93;Delaware;M;Indigo;Spring;Store Pickup;Credit Card;Monthly
406;41;Male;Jeans;Clothing;21/03/2026;15;74;South Carolina;S;Silver;Summer;Standard;Cash;Annually
407;52;Male;Gloves;Accessories;23/03/2026;13;55;Maryland;M;Peach;Spring;Express;Cash;Monthly
408;45;Male;Hoodie;Clothing;25/03/2026;5;76;North Carolina;XL;Teal;Spring;Next Day Air;Credit Card;Bi-Weekly
409;34;Male;Sneakers;Footwear;27/03/2026;36;66;Alabama;L;White;Spring;Express;Cash;Fortnightly
410;35;Male;Shorts;Clothing;29/03/2026;32;51;Minnesota;M;Brown;Winter;2-Day Shipping;Bank Transfer;Monthly
411;29;Male;Sweater;Clothing;31/03/2026;1;26;Virginia;L;Lavender;Spring;2-Day Shipping;Credit Card;Quarterly
412;59;Male;Jeans;Clothing;02/04/2026;15;29;Michigan;M;Indigo;Summer;Express;PayPal;Annually
413;24;Male;Jacket;Outerwear;04/04/2026;3;74;Maine;M;Yellow;Summer;Store Pickup;Bank Transfer;Weekly
414;70;Male;Jewelry;Accessories;06/04/2026;48;99;Nevada;S;White;Summer;Free Shipping;Cash;Monthly
415;29;Male;Backpack;Accessories;08/04/2026;30;88;Wyoming;L;Violet;Winter;Store Pickup;Debit Card;Weekly
416;67;Male;Coat;Outerwear;10/04/2026;40;31;Connecticut;M;Lavender;Winter;Express;Bank Transfer;Monthly
417;36;Male;Belt;Accessories;12/04/2026;24;55;Oregon;L;Olive;Spring;Free Shipping;Bank Transfer;Fortnightly
418;23;Male;Sandals;Footwear;14/04/2026;48;81;Mississippi;L;Beige;Fall;Free Shipping;Debit Card;Quarterly
419;18;Male;Sweater;Clothing;16/04/2026;27;73;Illinois;L;Purple;Spring;Standard;Venmo;Bi-Weekly
420;53;Male;Shorts;Clothing;18/04/2026;14;91;Utah;S;Teal;Winter;Free Shipping;Credit Card;Every 3 Months
421;32;Male;Socks;Clothing;20/04/2026;18;54;North Carolina;S;Peach;Spring;Free Shipping;Debit Card;Bi-Weekly
422;38;Male;Shirt;Clothing;22/04/2026;48;40;Kentucky;M;Violet;Winter;Standard;Cash;Bi-Weekly
423;47;Male;Pants;Clothing;24/04/2026;32;59;Minnesota;M;Purple;Fall;Store Pickup;Debit Card;Annually
424;46;Male;Scarf;Accessories;26/04/2026;21;26;New York;L;Teal;Spring;Store Pickup;Credit Card;Bi-Weekly
425;66;Male;Sweater;Clothing;28/04/2026;42;23;Illinois;M;Gold;Winter;Standard;PayPal;Fortnightly
426;40;Male;Jeans;Clothing;30/04/2026;4;87;North Dakota;S;Teal;Winter;Store Pickup;Credit Card;Quarterly
427;43;Male;Pants;Clothing;02/05/2026;19;71;Louisiana;M;Violet;Winter;Express;Credit Card;Quarterly
428;58;Male;Backpack;Accessories;04/05/2026;6;91;Illinois;L;Black;Winter;Store Pickup;Credit Card;Quarterly
429;21;Male;Coat;Outerwear;06/05/2026;2;64;Wyoming;XL;Gold;Winter;Free Shipping;Debit Card;Fortnightly
430;42;Male;Sandals;Footwear;08/05/2026;21;94;Washington;M;Gold;Winter;2-Day Shipping;Cash;Fortnightly
431;24;Male;Shirt;Clothing;10/05/2026;40;40;Texas;M;Brown;Summer;Store Pickup;Debit Card;Annually
432;43;Male;Hat;Accessories;12/05/2026;33;76;New Hampshire;L;Cyan;Winter;Store Pickup;Cash;Fortnightly
433;47;Male;Shirt;Clothing;14/05/2026;26;86;Indiana;S;Indigo;Fall;Free Shipping;Venmo;Weekly
434;49;Male;Skirt;Clothing;16/05/2026;23;92;Alabama;M;Orange;Fall;Store Pickup;Credit Card;Fortnightly
435;50;Male;Shoes;Footwear;18/05/2026;39;52;Oklahoma;L;Pink;Spring;Store Pickup;PayPal;Every 3 Months
436;51;Male;Coat;Outerwear;20/05/2026;42;28;Montana;XL;Olive;Winter;Next Day Air;Bank Transfer;Monthly
437;40;Male;Pants;Clothing;22/05/2026;41;46;Tennessee;L;Cyan;Summer;Free Shipping;Bank Transfer;Weekly
438;45;Male;Jewelry;Accessories;24/05/2026;41;50;New Mexico;M;Peach;Summer;Next Day Air;PayPal;Annually
439;52;Male;Belt;Accessories;26/05/2026;12;23;Iowa;M;Turquoise;Winter;Express;Credit Card;Fortnightly
440;62;Male;Jacket;Outerwear;28/05/2026;31;50;Idaho;M;Turquoise;Summer;Free Shipping;Cash;Monthly
441;20;Male;Shirt;Clothing;30/05/2026;34;89;Oklahoma;XL;Maroon;Winter;Store Pickup;Debit Card;Fortnightly
442;43;Male;Hoodie;Clothing;01/06/2026;32;81;Florida;M;Maroon;Winter;Standard;Credit Card;Annually
443;29;Male;Sunglasses;Accessories;03/06/2026;31;69;Michigan;M;Olive;Fall;Store Pickup;Credit Card;Quarterly
444;22;Male;Sunglasses;Accessories;05/06/2026;24;67;Hawaii;M;Magenta;Summer;Free Shipping;PayPal;Annually
445;48;Male;Dress;Clothing;07/06/2026;31;20;California;M;Red;Summer;Store Pickup;Debit Card;Annually
446;42;Male;Boots;Footwear;09/06/2026;18;29;Iowa;M;Olive;Fall;Standard;Venmo;Annually
447;19;Male;Shirt;Clothing;11/06/2026;15;74;West Virginia;M;Silver;Summer;Store Pickup;Venmo;Monthly
448;60;Male;Shorts;Clothing;13/06/2026;7;82;Washington;S;Turquoise;Spring;Standard;Bank Transfer;Every 3 Months
449;32;Male;Gloves;Accessories;15/06/2026;35;23;Missouri;M;Yellow;Summer;Next Day Air;Bank Transfer;Fortnightly
450;26;Male;Jewelry;Accessories;17/06/2026;35;45;New York;L;Peach;Summer;2-Day Shipping;Bank Transfer;Monthly
451;25;Male;Boots;Footwear;19/06/2026;19;21;Connecticut;L;Beige;Summer;Store Pickup;Credit Card;Monthly
452;66;Male;Jewelry;Accessories;21/06/2026;26;31;Virginia;M;Pink;Summer;Express;Credit Card;Fortnightly
453;45;Male;Pants;Clothing;23/06/2026;39;45;Missouri;M;Violet;Summer;Express;PayPal;Fortnightly
454;54;Male;Jewelry;Accessories;25/06/2026;22;56;Nebraska;XL;Peach;Winter;Next Day Air;Credit Card;Weekly
455;37;Male;Jacket;Outerwear;27/06/2026;14;97;New Jersey;S;Gold;Summer;Next Day Air;Cash;Bi-Weekly
456;54;Male;Blouse;Clothing;29/06/2026;50;100;Utah;XL;Gold;Fall;Store Pickup;Debit Card;Fortnightly
457;50;Male;Blouse;Clothing;01/07/2026;33;96;North Carolina;S;Indigo;Fall;2-Day Shipping;Credit Card;Quarterly
458;25;Male;Gloves;Accessories;03/07/2026;48;99;Rhode Island;M;Blue;Spring;Next Day Air;Debit Card;Every 3 Months
459;47;Male;Shorts;Clothing;05/07/2026;48;91;Arkansas;L;Black;Winter;2-Day Shipping;PayPal;Monthly
460;63;Male;Hat;Accessories;07/07/2026;27;30;Maryland;L;Black;Winter;Standard;PayPal;Fortnightly
461;64;Male;Shoes;Footwear;09/07/2026;27;65;South Carolina;L;Teal;Summer;Store Pickup;Bank Transfer;Weekly
462;18;Male;Boots;Footwear;11/07/2026;20;93;Ohio;M;Yellow;Winter;Express;Venmo;Weekly
463;59;Male;Jacket;Outerwear;13/07/2026;48;81;Illinois;M;White;Fall;Express;Venmo;Every 3 Months
464;37;Male;Jewelry;Accessories;15/07/2026;29;81;Georgia;S;Orange;Summer;Standard;Venmo;Weekly
465;23;Male;Sunglasses;Accessories;17/07/2026;45;52;Alabama;M;Silver;Winter;Next Day Air;PayPal;Monthly
466;54;Male;Skirt;Clothing;19/07/2026;25;88;Oklahoma;M;Pink;Summer;Next Day Air;Cash;Quarterly
467;38;Male;Jeans;Clothing;21/07/2026;25;24;Vermont;L;Turquoise;Winter;Free Shipping;PayPal;Weekly
468;19;Male;Backpack;Accessories;23/07/2026;37;51;Nebraska;S;Orange;Spring;2-Day Shipping;Debit Card;Every 3 Months
469;34;Male;Backpack;Accessories;25/07/2026;16;38;Georgia;S;Peach;Fall;Free Shipping;Cash;Quarterly
470;21;Male;Shorts;Clothing;27/07/2026;30;46;Alabama;L;Pink;Fall;2-Day Shipping;Debit Card;Bi-Weekly
471;50;Male;Dress;Clothing;29/07/2026;6;63;Minnesota;L;Teal;Summer;Express;Cash;Every 3 Months
472;55;Male;Scarf;Accessories;31/07/2026;36;72;Missouri;XL;White;Winter;2-Day Shipping;Bank Transfer;Quarterly
473;20;Male;Jeans;Clothing;02/08/2026;3;39;Georgia;L;Gray;Winter;Free Shipping;Bank Transfer;Quarterly
474;34;Male;Coat;Outerwear;04/08/2026;29;42;West Virginia;L;Olive;Spring;Store Pickup;PayPal;Every 3 Months
475;62;Male;Sweater;Clothing;06/08/2026;15;76;Arkansas;XL;Maroon;Summer;2-Day Shipping;Cash;Quarterly
476;21;Male;Sneakers;Footwear;08/08/2026;18;66;Ohio;L;Magenta;Summer;Free Shipping;Debit Card;Annually
477;21;Male;Scarf;Accessories;10/08/2026;2;90;Connecticut;M;Magenta;Spring;Free Shipping;Debit Card;Fortnightly
478;42;Male;Sweater;Clothing;12/08/2026;49;56;North Dakota;M;Green;Summer;Free Shipping;Debit Card;Weekly
479;35;Male;Jewelry;Accessories;14/08/2026;48;43;Kansas;XL;Turquoise;Winter;Free Shipping;Venmo;Annually
480;39;Male;Handbag;Accessories;16/08/2026;43;84;Iowa;L;Yellow;Winter;Store Pickup;Venmo;Monthly
481;68;Male;Hoodie;Clothing;18/08/2026;30;88;Vermont;M;Gray;Summer;Standard;Debit Card;Bi-Weekly
482;46;Male;Hat;Accessories;20/08/2026;10;88;Wisconsin;L;Peach;Fall;2-Day Shipping;PayPal;Fortnightly
483;41;Male;Belt;Accessories;22/08/2026;11;42;Connecticut;M;Yellow;Winter;2-Day Shipping;Venmo;Annually
484;23;Male;Hoodie;Clothing;24/08/2026;12;73;Oklahoma;M;White;Fall;Store Pickup;Debit Card;Weekly
485;68;Male;Hat;Accessories;26/08/2026;28;73;Missouri;L;Lavender;Summer;Free Shipping;Bank Transfer;Quarterly
486;48;Male;Shoes;Footwear;28/08/2026;36;44;Tennessee;S;Blue;Spring;Next Day Air;Debit Card;Fortnightly
487;38;Male;Sandals;Footwear;30/08/2026;37;63;New Mexico;M;Charcoal;Fall;Store Pickup;Venmo;Every 3 Months
488;41;Male;Jacket;Outerwear;01/09/2026;22;68;Iowa;L;Red;Winter;Store Pickup;Credit Card;Quarterly
489;58;Male;Sweater;Clothing;03/09/2026;32;29;Maine;L;Olive;Spring;Standard;Venmo;Weekly
490;49;Male;Socks;Clothing;05/09/2026;40;85;South Dakota;M;Green;Summer;Standard;PayPal;Annually
491;57;Male;Sneakers;Footwear;07/09/2026;47;42;Colorado;M;Silver;Winter;2-Day Shipping;Cash;Monthly
492;49;Male;Coat;Outerwear;09/09/2026;24;69;Vermont;M;Silver;Summer;2-Day Shipping;Credit Card;Bi-Weekly
493;50;Male;Shirt;Clothing;11/09/2026;11;62;Michigan;M;Black;Fall;Standard;Debit Card;Weekly
494;28;Male;Backpack;Accessories;13/09/2026;19;48;Nevada;XL;Red;Summer;Store Pickup;Cash;Bi-Weekly
495;38;Male;Boots;Footwear;15/09/2026;42;68;Indiana;M;Indigo;Winter;Express;Debit Card;Weekly
496;33;Male;Handbag;Accessories;17/09/2026;6;36;Michigan;XL;Cyan;Fall;Free Shipping;Debit Card;Fortnightly
497;30;Male;Dress;Clothing;19/09/2026;31;63;California;S;Maroon;Fall;Express;Venmo;Fortnightly
498;43;Male;Sneakers;Footwear;21/09/2026;31;39;Oklahoma;S;Silver;Winter;Free Shipping;Cash;Weekly
499;43;Male;Boots;Footwear;23/09/2026;27;78;Iowa;M;Lavender;Spring;Free Shipping;Bank Transfer;Monthly
500;36;Male;Shoes;Footwear;25/09/2026;24;99;Rhode Island;L;Silver;Winter;Express;PayPal;Monthly
501;36;Male;T-shirt;Clothing;27/09/2026;35;31;Washington;L;Purple;Fall;Next Day Air;Venmo;Every 3 Months
502;64;Male;Boots;Footwear;29/09/2026;21;45;Florida;M;Cyan;Spring;Next Day Air;Venmo;Annually
503;59;Male;Pants;Clothing;01/10/2026;8;30;South Carolina;S;Cyan;Fall;Express;PayPal;Fortnightly
504;55;Male;Shoes;Footwear;03/10/2026;26;24;West Virginia;M;Lavender;Summer;Next Day Air;Bank Transfer;Quarterly
505;42;Male;Shoes;Footwear;05/10/2026;26;22;Missouri;M;Maroon;Winter;Free Shipping;PayPal;Annually
506;61;Male;T-shirt;Clothing;07/10/2026;9;63;Maine;L;Gray;Spring;Express;Cash;Bi-Weekly
507;28;Male;Scarf;Accessories;09/10/2026;48;40;Georgia;M;Olive;Fall;2-Day Shipping;Debit Card;Annually
508;65;Male;Shorts;Clothing;11/10/2026;33;20;Maine;M;Magenta;Spring;Store Pickup;Debit Card;Fortnightly
509;27;Male;Jewelry;Accessories;13/10/2026;31;20;Illinois;S;Yellow;Winter;Store Pickup;PayPal;Quarterly
510;41;Male;T-shirt;Clothing;15/10/2026;17;80;Delaware;L;Cyan;Summer;Free Shipping;Debit Card;Weekly
511;21;Male;Shirt;Clothing;17/10/2026;22;87;West Virginia;M;Teal;Fall;2-Day Shipping;Venmo;Annually
512;61;Male;Shirt;Clothing;19/10/2026;8;46;Hawaii;L;Yellow;Fall;Free Shipping;PayPal;Annually
513;19;Male;Gloves;Accessories;21/10/2026;2;49;New York;L;Peach;Winter;Next Day Air;Bank Transfer;Monthly
514;22;Male;Scarf;Accessories;23/10/2026;45;65;New Mexico;M;Peach;Fall;Store Pickup;Venmo;Annually
515;64;Male;Skirt;Clothing;25/10/2026;47;62;Indiana;S;Olive;Winter;Standard;PayPal;Quarterly
516;28;Male;Hat;Accessories;27/10/2026;7;67;Kentucky;L;Charcoal;Spring;Next Day Air;Cash;Monthly
517;34;Male;Hoodie;Clothing;29/10/2026;19;41;West Virginia;L;Indigo;Fall;2-Day Shipping;Debit Card;Bi-Weekly
518;61;Male;Boots;Footwear;31/10/2026;44;49;North Dakota;L;Silver;Fall;Free Shipping;Cash;Every 3 Months
519;24;Male;Blouse;Clothing;02/11/2026;16;100;Oregon;M;Beige;Fall;Next Day Air;Venmo;Every 3 Months
520;19;Male;Belt;Accessories;04/11/2026;17;54;Minnesota;L;Blue;Summer;2-Day Shipping;Bank Transfer;Quarterly
521;51;Male;Sunglasses;Accessories;06/11/2026;20;84;South Carolina;M;White;Spring;Free Shipping;Debit Card;Quarterly
522;36;Male;Shorts;Clothing;08/11/2026;50;41;Vermont;L;Gold;Winter;Standard;Bank Transfer;Annually
523;65;Male;Gloves;Accessories;10/11/2026;37;88;Minnesota;M;Blue;Spring;Store Pickup;Cash;Quarterly
524;46;Male;Sandals;Footwear;12/11/2026;5;40;Delaware;M;Orange;Spring;Express;PayPal;Quarterly
525;59;Male;Shirt;Clothing;14/11/2026;44;39;Pennsylvania;M;Gold;Summer;Free Shipping;PayPal;Annually
526;51;Male;Coat;Outerwear;16/11/2026;41;37;Iowa;M;Cyan;Spring;Next Day Air;Debit Card;Monthly
527;51;Male;Pants;Clothing;18/11/2026;19;52;New Jersey;S;Red;Winter;Standard;Cash;Monthly
528;21;Male;T-shirt;Clothing;20/11/2026;47;23;South Carolina;L;Yellow;Winter;Next Day Air;Bank Transfer;Every 3 Months
529;34;Male;Sneakers;Footwear;22/11/2026;40;88;Maryland;S;Beige;Winter;Express;Cash;Annually
530;32;Male;Shorts;Clothing;24/11/2026;6;84;California;M;Orange;Fall;Standard;Credit Card;Monthly
531;48;Male;Coat;Outerwear;26/11/2026;25;37;Montana;XL;Magenta;Winter;Store Pickup;Credit Card;Bi-Weekly
532;50;Male;Sandals;Footwear;28/11/2026;42;51;Vermont;L;Purple;Fall;Next Day Air;Cash;Weekly
533;26;Male;Pants;Clothing;30/11/2026;35;76;Texas;L;Black;Winter;Express;Bank Transfer;Every 3 Months
534;57;Male;Sandals;Footwear;02/12/2026;17;60;North Carolina;L;Pink;Spring;Next Day Air;Debit Card;Weekly
535;65;Male;Gloves;Accessories;04/12/2026;4;72;Florida;L;Pink;Fall;Next Day Air;PayPal;Quarterly
536;56;Male;T-shirt;Clothing;06/12/2026;24;45;West Virginia;L;Maroon;Spring;Free Shipping;Bank Transfer;Weekly
537;44;Male;Jacket;Outerwear;08/12/2026;16;84;Illinois;S;Maroon;Fall;Store Pickup;Debit Card;Every 3 Months
538;50;Male;Blouse;Clothing;10/12/2026;14;49;Virginia;S;Turquoise;Summer;Store Pickup;Debit Card;Annually
539;27;Male;Socks;Clothing;12/12/2026;43;22;Virginia;XL;Green;Spring;Free Shipping;Cash;Weekly
540;49;Male;Coat;Outerwear;14/12/2026;49;48;Wyoming;M;Violet;Winter;Store Pickup;Debit Card;Weekly
541;49;Male;Dress;Clothing;16/12/2026;33;37;South Carolina;M;Lavender;Spring;Next Day Air;Cash;Every 3 Months
542;52;Male;Jacket;Outerwear;18/12/2026;45;27;Connecticut;L;Gray;Fall;Next Day Air;Cash;Bi-Weekly
543;27;Male;Boots;Footwear;20/12/2026;35;79;Illinois;XL;Teal;Spring;Next Day Air;Cash;Bi-Weekly
544;53;Male;Skirt;Clothing;22/12/2026;11;98;Alabama;S;Red;Spring;Express;Credit Card;Monthly
545;34;Male;Sandals;Footwear;24/12/2026;30;64;Washington;S;Yellow;Summer;Standard;Bank Transfer;Every 3 Months
546;33;Male;Coat;Outerwear;26/12/2026;48;32;Alabama;L;Magenta;Summer;2-Day Shipping;Debit Card;Annually
547;62;Male;Hoodie;Clothing;28/12/2026;45;74;New Mexico;M;Brown;Winter;Free Shipping;Venmo;Bi-Weekly
548;38;Male;Jacket;Outerwear;30/12/2026;26;50;Nevada;M;Blue;Winter;Free Shipping;Venmo;Weekly
549;36;Male;Backpack;Accessories;01/01/2027;41;64;Nebraska;M;Black;Winter;Store Pickup;Debit Card;Every 3 Months
550;31;Male;Backpack;Accessories;03/01/2027;37;29;Arizona;S;Olive;Fall;Express;Venmo;Bi-Weekly
551;62;Male;Belt;Accessories;05/01/2027;12;62;Georgia;M;Olive;Summer;Store Pickup;PayPal;Weekly
552;29;Male;Coat;Outerwear;07/01/2027;27;78;Idaho;XL;Green;Fall;2-Day Shipping;Cash;Bi-Weekly
553;24;Male;T-shirt;Clothing;09/01/2027;18;94;Missouri;M;Peach;Fall;Express;Bank Transfer;Weekly
554;63;Male;Sunglasses;Accessories;11/01/2027;15;59;Florida;M;White;Winter;Express;Credit Card;Quarterly
555;56;Male;Sneakers;Footwear;13/01/2027;34;47;Minnesota;M;Red;Summer;Express;Bank Transfer;Weekly
556;63;Male;Gloves;Accessories;15/01/2027;37;57;Maine;M;White;Fall;Express;Venmo;Annually
557;40;Male;Coat;Outerwear;17/01/2027;21;90;Montana;L;Indigo;Winter;Store Pickup;Cash;Fortnightly
558;18;Male;Shirt;Clothing;19/01/2027;31;60;Alaska;M;White;Spring;Free Shipping;Debit Card;Weekly
559;50;Male;Sneakers;Footwear;21/01/2027;43;77;Iowa;L;Teal;Fall;Express;Debit Card;Every 3 Months
560;66;Male;Scarf;Accessories;23/01/2027;22;41;Arizona;M;Indigo;Fall;Store Pickup;Bank Transfer;Monthly
561;25;Male;Jewelry;Accessories;25/01/2027;12;48;Louisiana;L;Red;Fall;Free Shipping;Debit Card;Annually
562;65;Male;Jacket;Outerwear;27/01/2027;25;65;Alabama;M;Blue;Fall;Next Day Air;PayPal;Fortnightly
563;53;Male;Jeans;Clothing;29/01/2027;40;62;Missouri;M;Blue;Summer;Standard;Debit Card;Annually
564;61;Male;Shoes;Footwear;31/01/2027;16;99;Idaho;M;Black;Fall;Standard;Debit Card;Quarterly
565;67;Male;Hoodie;Clothing;02/02/2027;30;58;Florida;M;Olive;Winter;Next Day Air;Bank Transfer;Weekly
566;59;Male;Backpack;Accessories;04/02/2027;10;43;Idaho;L;Lavender;Fall;Store Pickup;Venmo;Weekly
567;55;Male;Sneakers;Footwear;06/02/2027;1;93;Alabama;M;Indigo;Spring;Store Pickup;Debit Card;Fortnightly
568;21;Male;Blouse;Clothing;08/02/2027;24;50;New Hampshire;S;Red;Winter;Next Day Air;Venmo;Fortnightly
569;44;Male;Pants;Clothing;10/02/2027;36;88;Utah;L;Red;Summer;Free Shipping;PayPal;Monthly
570;65;Male;Skirt;Clothing;12/02/2027;46;33;Alabama;M;Pink;Fall;Express;Credit Card;Every 3 Months
571;65;Male;T-shirt;Clothing;14/02/2027;20;99;Iowa;XL;Purple;Fall;Standard;Cash;Annually
572;54;Male;Jacket;Outerwear;16/02/2027;37;76;Kentucky;XL;Cyan;Spring;Free Shipping;Venmo;Weekly
573;56;Male;Scarf;Accessories;18/02/2027;26;97;South Carolina;XL;Cyan;Summer;Next Day Air;Bank Transfer;Annually
574;58;Male;Pants;Clothing;20/02/2027;23;68;California;M;Charcoal;Summer;2-Day Shipping;Credit Card;Bi-Weekly
575;54;Male;Sneakers;Footwear;22/02/2027;20;79;Maine;L;Red;Fall;Free Shipping;Bank Transfer;Bi-Weekly
576;58;Male;Jeans;Clothing;24/02/2027;38;86;Nebraska;M;Peach;Fall;Express;PayPal;Monthly
577;48;Male;Hat;Accessories;26/02/2027;5;68;Washington;M;Black;Winter;2-Day Shipping;Credit Card;Every 3 Months
578;19;Male;Skirt;Clothing;28/02/2027;41;52;Alabama;M;Black;Fall;Store Pickup;Venmo;Annually
579;69;Male;Sandals;Footwear;02/03/2027;22;90;Maine;M;Purple;Fall;Next Day Air;Credit Card;Fortnightly
580;58;Male;Sandals;Footwear;04/03/2027;48;41;California;M;Violet;Winter;Free Shipping;Credit Card;Annually
581;49;Male;Sweater;Clothing;06/03/2027;10;80;Iowa;M;Orange;Spring;Free Shipping;PayPal;Weekly
582;32;Male;Sweater;Clothing;08/03/2027;12;100;Iowa;XL;Charcoal;Winter;Store Pickup;Bank Transfer;Every 3 Months
583;40;Male;Jacket;Outerwear;10/03/2027;2;77;Colorado;L;Turquoise;Spring;Store Pickup;Bank Transfer;Quarterly
584;25;Male;Shorts;Clothing;12/03/2027;38;78;California;L;Yellow;Spring;Store Pickup;PayPal;Monthly
585;70;Male;Socks;Clothing;14/03/2027;20;94;Indiana;M;White;Spring;Free Shipping;Debit Card;Monthly
586;69;Male;Socks;Clothing;16/03/2027;5;23;South Carolina;M;Gray;Fall;Next Day Air;Cash;Every 3 Months
587;45;Male;Hoodie;Clothing;18/03/2027;9;20;Wisconsin;S;Blue;Winter;2-Day Shipping;Venmo;Annually
588;29;Male;Socks;Clothing;20/03/2027;48;86;Washington;S;Maroon;Fall;Express;Debit Card;Every 3 Months
589;47;Male;Boots;Footwear;22/03/2027;9;60;South Dakota;M;Violet;Fall;Standard;Debit Card;Quarterly
590;28;Male;Shirt;Clothing;24/03/2027;40;70;Minnesota;M;Orange;Fall;2-Day Shipping;PayPal;Annually
591;64;Male;Belt;Accessories;26/03/2027;30;39;Alaska;S;Turquoise;Fall;Standard;Venmo;Fortnightly
592;47;Male;Backpack;Accessories;28/03/2027;6;37;Kentucky;L;Olive;Fall;Store Pickup;Debit Card;Bi-Weekly
593;60;Male;Boots;Footwear;30/03/2027;42;29;North Dakota;M;Brown;Fall;Free Shipping;Venmo;Every 3 Months
594;67;Male;Coat;Outerwear;01/04/2027;9;35;Alaska;S;Green;Winter;Store Pickup;PayPal;Every 3 Months
595;35;Male;Hoodie;Clothing;03/04/2027;6;83;Oklahoma;S;Brown;Winter;Next Day Air;Debit Card;Monthly
596;30;Male;Shoes;Footwear;05/04/2027;47;77;Delaware;M;Silver;Summer;Next Day Air;PayPal;Quarterly
597;23;Male;Shoes;Footwear;07/04/2027;36;37;Montana;XL;White;Summer;Store Pickup;Venmo;Annually
598;70;Male;Jewelry;Accessories;09/04/2027;19;69;Alaska;L;Gold;Summer;Standard;Bank Transfer;Fortnightly
599;21;Male;Dress;Clothing;11/04/2027;30;66;California;L;Green;Winter;2-Day Shipping;Cash;Every 3 Months
600;51;Male;Boots;Footwear;13/04/2027;27;26;Massachusetts;L;Teal;Spring;Standard;Debit Card;Every 3 Months
601;22;Male;Hat;Accessories;15/04/2027;25;63;South Carolina;M;Charcoal;Spring;2-Day Shipping;Venmo;Monthly
602;32;Male;Backpack;Accessories;17/04/2027;5;38;West Virginia;M;Maroon;Summer;Store Pickup;Cash;Fortnightly
603;37;Male;Shoes;Footwear;19/04/2027;10;58;Oregon;L;Lavender;Summer;Next Day Air;Cash;Every 3 Months
604;31;Male;Handbag;Accessories;21/04/2027;26;46;Massachusetts;L;Green;Winter;2-Day Shipping;PayPal;Every 3 Months
605;44;Male;Sunglasses;Accessories;23/04/2027;11;92;West Virginia;S;Pink;Fall;Store Pickup;Credit Card;Every 3 Months
606;40;Male;Hat;Accessories;25/04/2027;17;32;California;XL;Charcoal;Winter;Standard;Bank Transfer;Weekly
607;27;Male;Scarf;Accessories;27/04/2027;44;90;Colorado;M;Blue;Spring;Standard;PayPal;Monthly
608;47;Male;Hoodie;Clothing;29/04/2027;44;23;Indiana;L;Purple;Fall;Next Day Air;Cash;Monthly
609;41;Male;Backpack;Accessories;01/05/2027;21;25;Delaware;S;Gold;Fall;Next Day Air;Venmo;Every 3 Months
610;51;Male;Sweater;Clothing;03/05/2027;49;54;Ohio;L;Purple;Fall;Next Day Air;Credit Card;Fortnightly
611;53;Male;Shorts;Clothing;05/05/2027;27;72;Oklahoma;M;Charcoal;Summer;Free Shipping;Bank Transfer;Every 3 Months
612;43;Male;Scarf;Accessories;07/05/2027;19;33;California;M;Black;Winter;Store Pickup;Cash;Monthly
613;67;Male;Hat;Accessories;09/05/2027;33;43;New Hampshire;L;Lavender;Fall;Express;Credit Card;Quarterly
614;61;Male;Coat;Outerwear;11/05/2027;46;51;Pennsylvania;L;Lavender;Fall;Standard;Cash;Bi-Weekly
615;68;Male;Jewelry;Accessories;13/05/2027;21;85;Idaho;M;Lavender;Winter;Standard;Credit Card;Bi-Weekly
616;67;Male;Sandals;Footwear;15/05/2027;23;100;Maryland;L;Olive;Summer;Next Day Air;Venmo;Annually
617;29;Male;Gloves;Accessories;17/05/2027;38;72;Pennsylvania;L;Teal;Spring;Free Shipping;Credit Card;Every 3 Months
618;50;Male;Backpack;Accessories;19/05/2027;2;57;Colorado;M;Maroon;Fall;Standard;Bank Transfer;Quarterly
619;61;Male;Jacket;Outerwear;21/05/2027;21;94;Indiana;L;Cyan;Spring;Express;Debit Card;Bi-Weekly
620;19;Male;Backpack;Accessories;23/05/2027;1;34;Nebraska;M;Charcoal;Summer;Store Pickup;Debit Card;Every 3 Months
621;33;Male;Backpack;Accessories;25/05/2027;10;89;Rhode Island;M;Black;Fall;2-Day Shipping;Venmo;Every 3 Months
622;51;Male;Sunglasses;Accessories;27/05/2027;45;27;Kansas;S;Red;Fall;Store Pickup;Credit Card;Weekly
623;69;Male;Socks;Clothing;29/05/2027;44;63;Georgia;S;Peach;Spring;Next Day Air;Bank Transfer;Fortnightly
624;19;Male;Shoes;Footwear;31/05/2027;48;70;Nevada;M;White;Fall;Standard;PayPal;Bi-Weekly
625;55;Male;Pants;Clothing;02/06/2027;21;87;South Carolina;XL;Pink;Fall;Express;PayPal;Annually
626;49;Male;Jewelry;Accessories;04/06/2027;1;79;Delaware;M;Red;Fall;Next Day Air;Venmo;Weekly
627;31;Male;Sunglasses;Accessories;06/06/2027;10;79;New Hampshire;M;Indigo;Spring;Standard;Venmo;Annually
628;42;Male;Sandals;Footwear;08/06/2027;24;44;Oregon;L;Black;Winter;Express;PayPal;Monthly
629;69;Male;Sweater;Clothing;10/06/2027;29;85;Massachusetts;M;White;Fall;2-Day Shipping;Credit Card;Monthly
630;26;Male;Shoes;Footwear;12/06/2027;11;90;Vermont;L;Beige;Spring;Standard;Debit Card;Annually
631;41;Male;Jewelry;Accessories;14/06/2027;33;94;Mississippi;S;Silver;Fall;2-Day Shipping;Debit Card;Annually
632;55;Male;Boots;Footwear;16/06/2027;27;68;Washington;S;Violet;Summer;Store Pickup;Cash;Fortnightly
633;35;Male;Backpack;Accessories;18/06/2027;19;51;Wyoming;M;Red;Winter;Next Day Air;Venmo;Fortnightly
634;66;Male;Sandals;Footwear;20/06/2027;50;33;Minnesota;M;Orange;Spring;Express;Debit Card;Quarterly
635;36;Male;Sneakers;Footwear;22/06/2027;46;60;Ohio;M;Teal;Summer;Standard;PayPal;Weekly
636;27;Male;Hoodie;Clothing;24/06/2027;28;59;South Carolina;M;Brown;Fall;2-Day Shipping;Cash;Quarterly
637;41;Male;Handbag;Accessories;26/06/2027;14;30;Wisconsin;M;Indigo;Summer;Store Pickup;Bank Transfer;Every 3 Months
638;21;Male;Sweater;Clothing;28/06/2027;46;20;Tennessee;M;Cyan;Winter;2-Day Shipping;Cash;Fortnightly
639;53;Male;Sandals;Footwear;30/06/2027;41;20;Maryland;S;Blue;Summer;Express;PayPal;Monthly
640;54;Male;Dress;Clothing;02/07/2027;50;24;Mississippi;L;Olive;Spring;2-Day Shipping;Credit Card;Annually
641;53;Male;Skirt;Clothing;04/07/2027;28;88;Minnesota;M;Gray;Summer;Store Pickup;Debit Card;Fortnightly
642;47;Male;Blouse;Clothing;06/07/2027;23;78;Alaska;M;Red;Winter;2-Day Shipping;Credit Card;Every 3 Months
643;64;Male;Skirt;Clothing;08/07/2027;14;25;Arkansas;L;Red;Spring;2-Day Shipping;Debit Card;Bi-Weekly
644;18;Male;Sweater;Clothing;10/07/2027;10;57;Oregon;XL;Green;Winter;Next Day Air;Bank Transfer;Every 3 Months
645;68;Male;Backpack;Accessories;12/07/2027;37;93;Louisiana;S;Blue;Summer;Next Day Air;Cash;Weekly
646;62;Male;Hoodie;Clothing;14/07/2027;15;42;Oklahoma;S;Purple;Summer;Express;Venmo;Bi-Weekly
647;51;Male;Boots;Footwear;16/07/2027;19;54;Indiana;XL;Pink;Spring;Standard;Venmo;Bi-Weekly
648;54;Male;Blouse;Clothing;18/07/2027;23;70;Mississippi;XL;Charcoal;Summer;Express;Credit Card;Fortnightly
649;22;Male;Hoodie;Clothing;20/07/2027;35;31;Michigan;M;Brown;Winter;Store Pickup;Credit Card;Weekly
650;53;Male;Pants;Clothing;22/07/2027;33;93;Delaware;L;Orange;Spring;Store Pickup;PayPal;Every 3 Months
651;34;Male;Gloves;Accessories;24/07/2027;12;40;Florida;M;Magenta;Spring;Next Day Air;Bank Transfer;Annually
652;32;Male;Hat;Accessories;26/07/2027;41;32;Arkansas;L;Yellow;Summer;Next Day Air;Venmo;Fortnightly
653;64;Male;Sunglasses;Accessories;28/07/2027;27;27;Minnesota;M;Beige;Winter;Free Shipping;Venmo;Weekly
654;20;Male;Scarf;Accessories;30/07/2027;45;68;North Dakota;M;Olive;Winter;2-Day Shipping;Cash;Fortnightly
655;24;Male;Handbag;Accessories;01/08/2027;23;59;California;L;Gray;Summer;2-Day Shipping;Venmo;Annually
656;20;Male;Handbag;Accessories;03/08/2027;19;36;Mississippi;S;Purple;Fall;Free Shipping;Venmo;Monthly
657;42;Male;Jeans;Clothing;05/08/2027;6;23;Pennsylvania;M;Beige;Summer;Standard;PayPal;Quarterly
658;48;Male;Jacket;Outerwear;07/08/2027;6;80;Arizona;M;White;Winter;Free Shipping;PayPal;Quarterly
659;62;Male;Backpack;Accessories;09/08/2027;20;37;Louisiana;S;White;Fall;Store Pickup;Venmo;Weekly
660;62;Male;Shorts;Clothing;11/08/2027;8;52;Virginia;S;Gold;Spring;2-Day Shipping;Cash;Weekly
661;50;Male;Coat;Outerwear;13/08/2027;39;79;Montana;M;Olive;Fall;2-Day Shipping;Credit Card;Quarterly
662;57;Male;Shirt;Clothing;15/08/2027;39;68;Iowa;XL;Green;Fall;Store Pickup;Credit Card;Quarterly
663;24;Male;Gloves;Accessories;17/08/2027;39;98;Illinois;L;Magenta;Fall;Express;Venmo;Bi-Weekly
664;59;Male;Dress;Clothing;19/08/2027;23;83;Alaska;M;Charcoal;Fall;Express;Credit Card;Monthly
665;63;Male;Pants;Clothing;21/08/2027;41;83;Colorado;M;Indigo;Winter;Express;PayPal;Bi-Weekly
666;41;Male;Pants;Clothing;23/08/2027;50;55;New Mexico;M;Peach;Spring;2-Day Shipping;Credit Card;Annually
667;35;Male;Hoodie;Clothing;25/08/2027;30;26;Colorado;L;Turquoise;Winter;Free Shipping;Debit Card;Quarterly
668;34;Male;Sunglasses;Accessories;27/08/2027;32;76;Arizona;S;Blue;Winter;Standard;Bank Transfer;Quarterly
669;49;Male;T-shirt;Clothing;29/08/2027;35;85;Hawaii;S;Turquoise;Fall;Express;Bank Transfer;Monthly
670;43;Male;Jacket;Outerwear;31/08/2027;45;89;Illinois;M;Gray;Spring;Free Shipping;Venmo;Bi-Weekly
671;63;Male;Sweater;Clothing;02/09/2027;37;41;Louisiana;XL;Purple;Spring;Next Day Air;Cash;Bi-Weekly
672;38;Male;Jacket;Outerwear;04/09/2027;45;30;Iowa;L;Black;Winter;Express;Cash;Weekly
673;59;Male;Socks;Clothing;06/09/2027;29;53;Washington;M;Peach;Winter;2-Day Shipping;Cash;Quarterly
674;35;Male;Shirt;Clothing;08/09/2027;27;66;Oklahoma;M;Indigo;Spring;Free Shipping;Venmo;Bi-Weekly
675;48;Male;Jewelry;Accessories;10/09/2027;36;33;Washington;XL;Beige;Winter;Store Pickup;Bank Transfer;Annually
676;64;Male;Sunglasses;Accessories;12/09/2027;9;86;Arkansas;M;Yellow;Spring;2-Day Shipping;Cash;Annually
677;28;Male;Pants;Clothing;14/09/2027;38;60;Connecticut;M;Peach;Winter;2-Day Shipping;Venmo;Bi-Weekly
678;60;Male;Socks;Clothing;16/09/2027;41;62;Washington;S;Turquoise;Summer;Express;PayPal;Annually
679;27;Male;Blouse;Clothing;18/09/2027;25;74;Maine;M;Teal;Fall;Store Pickup;Debit Card;Every 3 Months
680;56;Male;Sandals;Footwear;20/09/2027;37;95;Michigan;M;Turquoise;Fall;Express;Venmo;Fortnightly
681;58;Male;Sneakers;Footwear;22/09/2027;3;25;Tennessee;M;Magenta;Spring;Express;PayPal;Annually
682;30;Male;Shirt;Clothing;24/09/2027;24;59;Louisiana;XL;Purple;Winter;2-Day Shipping;Credit Card;Every 3 Months
683;23;Male;Jacket;Outerwear;26/09/2027;49;29;Missouri;M;Brown;Summer;Standard;Credit Card;Bi-Weekly
684;33;Male;Sandals;Footwear;28/09/2027;3;36;Michigan;S;Violet;Winter;Free Shipping;Bank Transfer;Monthly
685;63;Male;Hat;Accessories;30/09/2027;42;82;Alabama;M;Yellow;Summer;Express;Debit Card;Monthly
686;70;Male;Blouse;Clothing;02/10/2027;32;71;Massachusetts;XL;Magenta;Winter;Standard;Cash;Fortnightly
687;70;Male;Sweater;Clothing;04/10/2027;33;35;Indiana;L;Beige;Fall;2-Day Shipping;Venmo;Fortnightly
688;19;Male;Gloves;Accessories;06/10/2027;46;38;West Virginia;XL;Turquoise;Winter;Free Shipping;Bank Transfer;Quarterly
689;25;Male;Scarf;Accessories;08/10/2027;44;59;Michigan;S;Peach;Summer;Store Pickup;Venmo;Monthly
690;19;Male;Hoodie;Clothing;10/10/2027;35;91;Pennsylvania;M;Orange;Summer;Express;Credit Card;Every 3 Months
691;25;Male;Shorts;Clothing;12/10/2027;45;68;Alaska;XL;Red;Spring;Standard;Bank Transfer;Weekly
692;60;Male;Backpack;Accessories;14/10/2027;37;21;Massachusetts;L;Silver;Summer;Standard;PayPal;Bi-Weekly
693;35;Male;Sunglasses;Accessories;16/10/2027;40;95;North Dakota;M;Cyan;Spring;2-Day Shipping;Debit Card;Every 3 Months
694;46;Male;Shorts;Clothing;18/10/2027;30;52;Vermont;L;Turquoise;Spring;Free Shipping;Cash;Every 3 Months
695;41;Male;Dress;Clothing;20/10/2027;38;21;Kentucky;S;Charcoal;Fall;2-Day Shipping;Venmo;Every 3 Months
696;30;Male;Shorts;Clothing;22/10/2027;15;67;Nevada;XL;Peach;Summer;Next Day Air;Debit Card;Every 3 Months
697;44;Male;Belt;Accessories;24/10/2027;49;42;Utah;L;Green;Fall;Standard;Cash;Monthly
698;61;Male;Scarf;Accessories;26/10/2027;40;63;North Dakota;XL;Brown;Summer;Free Shipping;Debit Card;Quarterly
699;55;Male;Boots;Footwear;28/10/2027;40;41;Iowa;M;Yellow;Winter;Standard;Debit Card;Weekly
700;50;Male;Handbag;Accessories;30/10/2027;5;46;Connecticut;M;Charcoal;Fall;2-Day Shipping;PayPal;Weekly
701;57;Male;Pants;Clothing;01/11/2027;5;79;Wisconsin;L;Olive;Winter;Standard;PayPal;Monthly
702;51;Male;Boots;Footwear;03/11/2027;5;90;Idaho;L;Red;Fall;Next Day Air;Debit Card;Every 3 Months
703;18;Male;Shirt;Clothing;05/11/2027;1;71;Montana;M;White;Winter;Store Pickup;Cash;Weekly
704;63;Male;Dress;Clothing;07/11/2027;21;87;Connecticut;L;Pink;Summer;Standard;Venmo;Weekly
705;34;Male;Hoodie;Clothing;09/11/2027;18;66;Idaho;S;Black;Spring;Express;PayPal;Annually
706;25;Male;Pants;Clothing;11/11/2027;49;90;Arkansas;XL;Indigo;Summer;Free Shipping;Cash;Quarterly
707;46;Male;Jeans;Clothing;13/11/2027;27;47;Iowa;L;Turquoise;Summer;Express;Debit Card;Weekly
708;59;Male;Shirt;Clothing;15/11/2027;21;38;Louisiana;L;Purple;Spring;Next Day Air;Venmo;Annually
709;37;Male;Backpack;Accessories;17/11/2027;19;50;Kentucky;L;Beige;Summer;Store Pickup;Cash;Fortnightly
710;49;Male;Jacket;Outerwear;19/11/2027;23;79;Massachusetts;L;Charcoal;Summer;Standard;Debit Card;Monthly
711;22;Male;Scarf;Accessories;21/11/2027;26;91;Virginia;L;Turquoise;Spring;Standard;PayPal;Fortnightly
712;64;Male;Boots;Footwear;23/11/2027;13;60;New Hampshire;M;Maroon;Spring;2-Day Shipping;Bank Transfer;Bi-Weekly
713;42;Male;Blouse;Clothing;25/11/2027;36;81;New Hampshire;XL;Black;Summer;Next Day Air;Bank Transfer;Quarterly
714;37;Male;Hoodie;Clothing;27/11/2027;39;90;Oregon;M;Lavender;Summer;Express;Bank Transfer;Bi-Weekly
715;26;Male;Jacket;Outerwear;29/11/2027;40;70;South Dakota;M;Magenta;Fall;Store Pickup;Debit Card;Fortnightly
716;33;Male;Jeans;Clothing;01/12/2027;37;63;Delaware;L;Green;Spring;Express;Debit Card;Quarterly
717;30;Male;Jewelry;Accessories;03/12/2027;9;29;Missouri;M;Olive;Spring;Express;Venmo;Bi-Weekly
718;21;Male;Socks;Clothing;05/12/2027;7;90;Alaska;L;Green;Spring;Express;Venmo;Every 3 Months
719;22;Male;Shirt;Clothing;07/12/2027;25;22;Florida;M;Peach;Summer;Standard;Bank Transfer;Annually
720;63;Male;Shorts;Clothing;09/12/2027;42;22;Mississippi;L;Turquoise;Summer;Next Day Air;Venmo;Bi-Weekly
721;33;Male;Jewelry;Accessories;11/12/2027;19;62;New Mexico;L;Orange;Fall;Free Shipping;Debit Card;Weekly
722;43;Male;Blouse;Clothing;13/12/2027;41;57;California;L;Silver;Summer;Next Day Air;Debit Card;Every 3 Months
723;27;Male;Sweater;Clothing;15/12/2027;50;32;Wyoming;S;Blue;Summer;Store Pickup;Cash;Bi-Weekly
724;35;Male;Jewelry;Accessories;17/12/2027;43;53;Missouri;L;Cyan;Fall;Express;PayPal;Monthly
725;37;Male;T-shirt;Clothing;19/12/2027;36;79;New Hampshire;XL;Green;Fall;Store Pickup;Venmo;Every 3 Months
726;61;Male;Hat;Accessories;21/12/2027;33;61;Texas;L;Silver;Winter;Standard;Debit Card;Fortnightly
727;32;Male;Shorts;Clothing;23/12/2027;20;78;North Dakota;L;Yellow;Summer;Next Day Air;Bank Transfer;Every 3 Months
728;62;Male;Sweater;Clothing;25/12/2027;37;97;Arkansas;S;Gray;Winter;Next Day Air;Venmo;Every 3 Months
729;29;Male;Jeans;Clothing;27/12/2027;12;78;Nebraska;M;Pink;Winter;Next Day Air;PayPal;Every 3 Months
730;41;Male;Sunglasses;Accessories;29/12/2027;46;56;Minnesota;L;Beige;Summer;Express;PayPal;Every 3 Months
731;48;Male;Boots;Footwear;31/12/2027;28;25;Massachusetts;M;Indigo;Summer;Standard;Venmo;Fortnightly
732;43;Male;Coat;Outerwear;02/01/2028;30;28;Arkansas;M;Red;Spring;Free Shipping;PayPal;Fortnightly
733;34;Male;Shirt;Clothing;04/01/2028;28;57;New Hampshire;L;Blue;Spring;Express;Cash;Bi-Weekly
734;45;Male;Dress;Clothing;06/01/2028;20;36;Rhode Island;L;Cyan;Fall;2-Day Shipping;Debit Card;Bi-Weekly
735;65;Male;Shirt;Clothing;08/01/2028;39;69;New Jersey;S;Violet;Winter;Express;Bank Transfer;Every 3 Months
736;61;Male;Sunglasses;Accessories;10/01/2028;48;48;Montana;M;Orange;Fall;2-Day Shipping;Cash;Bi-Weekly
737;18;Male;Dress;Clothing;12/01/2028;32;58;Colorado;L;Maroon;Spring;2-Day Shipping;Credit Card;Every 3 Months
738;47;Male;Sunglasses;Accessories;14/01/2028;28;24;Nebraska;M;Teal;Spring;Store Pickup;PayPal;Annually
739;56;Male;Sunglasses;Accessories;16/01/2028;27;31;Minnesota;L;Orange;Winter;2-Day Shipping;Venmo;Quarterly
740;64;Male;Shorts;Clothing;18/01/2028;26;29;Minnesota;S;Purple;Summer;Free Shipping;Venmo;Bi-Weekly
741;26;Male;Jeans;Clothing;20/01/2028;22;69;South Dakota;M;Orange;Summer;Next Day Air;Credit Card;Fortnightly
742;22;Male;T-shirt;Clothing;22/01/2028;23;79;West Virginia;XL;Yellow;Summer;Free Shipping;Bank Transfer;Every 3 Months
743;64;Male;Pants;Clothing;24/01/2028;21;39;Nevada;M;Charcoal;Summer;Express;Debit Card;Quarterly
744;21;Male;Sunglasses;Accessories;26/01/2028;36;84;North Carolina;L;Gray;Fall;Free Shipping;Cash;Weekly
745;67;Male;Boots;Footwear;28/01/2028;42;66;Illinois;S;Charcoal;Spring;Next Day Air;Debit Card;Bi-Weekly
746;46;Male;T-shirt;Clothing;30/01/2028;4;92;Michigan;L;Orange;Fall;Standard;Venmo;Monthly
747;40;Male;Sandals;Footwear;01/02/2028;47;45;Michigan;M;Red;Winter;Free Shipping;Credit Card;Annually
748;51;Male;Shorts;Clothing;03/02/2028;13;74;Oklahoma;L;Gold;Spring;Next Day Air;Bank Transfer;Weekly
749;35;Male;Hat;Accessories;05/02/2028;8;39;South Dakota;L;Brown;Fall;Free Shipping;Bank Transfer;Quarterly
750;56;Male;Scarf;Accessories;07/02/2028;11;71;Oklahoma;M;Olive;Winter;Standard;Debit Card;Quarterly
751;25;Male;T-shirt;Clothing;09/02/2028;5;95;Maryland;L;Violet;Fall;Free Shipping;Venmo;Annually
752;65;Male;Gloves;Accessories;11/02/2028;1;72;Ohio;L;Indigo;Fall;Free Shipping;Credit Card;Monthly
753;39;Male;Scarf;Accessories;13/02/2028;17;85;Ohio;L;Yellow;Fall;2-Day Shipping;PayPal;Every 3 Months
754;47;Male;Boots;Footwear;15/02/2028;27;54;Massachusetts;M;Teal;Fall;Store Pickup;Venmo;Quarterly
755;36;Male;Gloves;Accessories;17/02/2028;3;41;North Carolina;L;Pink;Spring;Store Pickup;Debit Card;Quarterly
756;66;Male;Coat;Outerwear;19/02/2028;22;24;Florida;M;Violet;Spring;Free Shipping;PayPal;Weekly
757;62;Male;Belt;Accessories;21/02/2028;24;99;Montana;S;Orange;Summer;Standard;Cash;Fortnightly
758;41;Male;Hoodie;Clothing;23/02/2028;18;32;Minnesota;M;Red;Fall;Store Pickup;Debit Card;Quarterly
759;66;Male;Shoes;Footwear;25/02/2028;39;71;Massachusetts;L;Peach;Summer;2-Day Shipping;Bank Transfer;Every 3 Months
760;51;Male;Dress;Clothing;27/02/2028;25;49;Rhode Island;XL;Green;Winter;Next Day Air;Credit Card;Fortnightly
761;33;Male;Gloves;Accessories;29/02/2028;6;50;Minnesota;XL;Violet;Fall;Free Shipping;Cash;Annually
762;57;Male;Jewelry;Accessories;02/03/2028;26;91;Nevada;L;Yellow;Fall;Express;Bank Transfer;Weekly
763;45;Male;Belt;Accessories;04/03/2028;43;46;New Mexico;M;Pink;Fall;Standard;Debit Card;Fortnightly
764;61;Male;Sweater;Clothing;06/03/2028;6;50;North Carolina;M;Brown;Spring;2-Day Shipping;Credit Card;Monthly
765;55;Male;Skirt;Clothing;08/03/2028;6;39;Virginia;XL;Silver;Fall;Free Shipping;Debit Card;Quarterly
766;54;Male;Sneakers;Footwear;10/03/2028;13;99;Alaska;M;Pink;Summer;Store Pickup;Cash;Quarterly
767;57;Male;Gloves;Accessories;12/03/2028;13;48;Nevada;M;Cyan;Winter;Next Day Air;PayPal;Monthly
768;27;Male;Coat;Outerwear;14/03/2028;11;77;Pennsylvania;M;Brown;Fall;Next Day Air;Cash;Annually
769;64;Male;Backpack;Accessories;16/03/2028;45;95;Illinois;XL;Red;Spring;Express;Venmo;Weekly
770;52;Male;Socks;Clothing;18/03/2028;8;100;Delaware;M;Silver;Spring;Store Pickup;PayPal;Monthly
771;19;Male;Sneakers;Footwear;20/03/2028;8;54;Vermont;M;Gray;Spring;Express;Credit Card;Annually
772;22;Male;Sweater;Clothing;22/03/2028;34;68;Hawaii;L;Cyan;Fall;Next Day Air;Bank Transfer;Fortnightly
773;18;Male;Jeans;Clothing;24/03/2028;40;22;Illinois;L;Teal;Fall;Free Shipping;Debit Card;Bi-Weekly
774;29;Male;Hat;Accessories;26/03/2028;14;84;California;L;Indigo;Winter;Express;Debit Card;Bi-Weekly
775;42;Male;Hat;Accessories;28/03/2028;11;46;Nevada;M;Yellow;Summer;Standard;Credit Card;Quarterly
776;49;Male;Handbag;Accessories;30/03/2028;8;53;Kentucky;S;Gold;Winter;Store Pickup;PayPal;Monthly
777;49;Male;Shirt;Clothing;01/04/2028;8;60;Alabama;M;Maroon;Spring;Standard;Venmo;Every 3 Months
778;55;Male;Socks;Clothing;03/04/2028;37;32;Wyoming;XL;Silver;Spring;Express;Venmo;Weekly
779;29;Male;Socks;Clothing;05/04/2028;23;50;Massachusetts;M;Yellow;Summer;Store Pickup;Debit Card;Annually
780;60;Male;Dress;Clothing;07/04/2028;38;94;Utah;M;Blue;Spring;Express;Cash;Annually
781;34;Male;Shoes;Footwear;09/04/2028;38;26;New York;M;Turquoise;Spring;Free Shipping;Cash;Quarterly
782;30;Male;Scarf;Accessories;11/04/2028;12;44;Vermont;L;Indigo;Winter;Store Pickup;Credit Card;Fortnightly
783;28;Male;Hoodie;Clothing;13/04/2028;15;57;Hawaii;M;Green;Summer;Standard;Cash;Weekly
784;63;Male;T-shirt;Clothing;15/04/2028;38;65;Louisiana;L;Purple;Winter;Next Day Air;PayPal;Fortnightly
785;31;Male;Jeans;Clothing;17/04/2028;41;72;Alabama;M;Peach;Winter;Store Pickup;Bank Transfer;Every 3 Months
786;46;Male;Shorts;Clothing;19/04/2028;37;62;Louisiana;S;Purple;Spring;Next Day Air;PayPal;Fortnightly
787;70;Male;Hat;Accessories;21/04/2028;16;21;Indiana;S;Teal;Winter;Express;Bank Transfer;Every 3 Months
788;53;Male;Handbag;Accessories;23/04/2028;25;85;Michigan;S;Green;Spring;Free Shipping;Venmo;Weekly
789;50;Male;Pants;Clothing;25/04/2028;18;51;Rhode Island;XL;Yellow;Summer;Store Pickup;Bank Transfer;Quarterly
790;33;Male;Handbag;Accessories;27/04/2028;4;84;Idaho;S;Purple;Fall;Standard;Credit Card;Bi-Weekly
791;22;Male;Sweater;Clothing;29/04/2028;12;37;Louisiana;M;Indigo;Summer;Store Pickup;Bank Transfer;Quarterly
792;50;Male;Scarf;Accessories;01/05/2028;35;44;North Carolina;S;Magenta;Summer;2-Day Shipping;PayPal;Fortnightly
793;34;Male;Sneakers;Footwear;03/05/2028;45;45;New Jersey;M;Violet;Spring;Next Day Air;Venmo;Weekly
794;24;Male;Pants;Clothing;05/05/2028;16;35;Alabama;L;Maroon;Summer;Free Shipping;Credit Card;Monthly
795;69;Male;Backpack;Accessories;07/05/2028;10;50;Kentucky;XL;Yellow;Winter;Store Pickup;Debit Card;Fortnightly
796;39;Male;Sandals;Footwear;09/05/2028;34;26;New York;M;Beige;Summer;Store Pickup;Venmo;Annually
797;42;Male;Socks;Clothing;11/05/2028;43;78;Arizona;XL;Black;Fall;2-Day Shipping;Credit Card;Annually
798;42;Male;Coat;Outerwear;13/05/2028;38;82;Maryland;M;Violet;Fall;2-Day Shipping;Debit Card;Weekly
799;29;Male;Socks;Clothing;15/05/2028;48;39;Alaska;M;Violet;Spring;2-Day Shipping;PayPal;Every 3 Months
800;55;Male;Belt;Accessories;17/05/2028;31;55;Nevada;L;Brown;Summer;Free Shipping;PayPal;Annually
801;32;Male;Socks;Clothing;19/05/2028;20;20;Utah;S;Gold;Summer;Free Shipping;Cash;Every 3 Months
802;25;Male;Belt;Accessories;21/05/2028;12;29;New Mexico;L;Blue;Fall;Express;Credit Card;Fortnightly
803;38;Male;Pants;Clothing;23/05/2028;2;41;Delaware;M;Teal;Winter;Next Day Air;Bank Transfer;Weekly
804;32;Male;Shorts;Clothing;25/05/2028;30;38;Connecticut;L;Silver;Winter;Express;Venmo;Every 3 Months
805;43;Male;Boots;Footwear;27/05/2028;28;47;Mississippi;M;Maroon;Summer;Store Pickup;Venmo;Quarterly
806;41;Male;Dress;Clothing;29/05/2028;40;30;Connecticut;L;White;Summer;Next Day Air;Debit Card;Monthly
807;56;Male;Jeans;Clothing;31/05/2028;46;56;Florida;L;Charcoal;Summer;Standard;PayPal;Quarterly
808;27;Male;T-shirt;Clothing;02/06/2028;15;89;New York;S;Brown;Winter;Express;Credit Card;Weekly
809;46;Male;Shoes;Footwear;04/06/2028;38;96;Wisconsin;L;Lavender;Fall;Next Day Air;Cash;Every 3 Months
810;48;Male;Boots;Footwear;06/06/2028;30;81;South Carolina;M;Violet;Fall;Next Day Air;PayPal;Bi-Weekly
811;52;Male;Scarf;Accessories;08/06/2028;32;83;South Dakota;S;Lavender;Fall;Store Pickup;Debit Card;Bi-Weekly
812;18;Male;Sneakers;Footwear;10/06/2028;36;35;Illinois;M;Green;Winter;Free Shipping;Venmo;Quarterly
813;64;Male;Boots;Footwear;12/06/2028;32;56;Alaska;M;Olive;Summer;Standard;Credit Card;Weekly
814;54;Male;Handbag;Accessories;14/06/2028;14;45;Montana;S;Olive;Summer;Store Pickup;Debit Card;Annually
815;31;Male;Shirt;Clothing;16/06/2028;8;62;Minnesota;M;Pink;Winter;Express;PayPal;Monthly
816;30;Male;Hat;Accessories;18/06/2028;27;84;West Virginia;L;Teal;Spring;Next Day Air;Venmo;Bi-Weekly
817;26;Male;Sweater;Clothing;20/06/2028;24;24;Illinois;L;Cyan;Summer;Store Pickup;Debit Card;Monthly
818;25;Male;Handbag;Accessories;22/06/2028;30;21;Nevada;S;Gray;Spring;Store Pickup;PayPal;Fortnightly
819;59;Male;Shirt;Clothing;24/06/2028;34;91;Idaho;M;Peach;Winter;Store Pickup;Debit Card;Monthly
820;55;Male;Sunglasses;Accessories;26/06/2028;28;36;Colorado;S;Teal;Winter;Next Day Air;Debit Card;Quarterly
821;56;Male;Sneakers;Footwear;28/06/2028;27;39;Louisiana;M;Turquoise;Spring;2-Day Shipping;Debit Card;Monthly
822;62;Male;Hoodie;Clothing;30/06/2028;31;39;Vermont;M;Green;Spring;Standard;Credit Card;Bi-Weekly
823;35;Male;Shirt;Clothing;02/07/2028;23;59;Mississippi;L;Magenta;Winter;Standard;Bank Transfer;Annually
824;51;Male;Sunglasses;Accessories;04/07/2028;11;27;Georgia;M;Green;Winter;Free Shipping;Credit Card;Quarterly
825;61;Male;Blouse;Clothing;06/07/2028;48;94;Georgia;M;White;Spring;Store Pickup;Cash;Quarterly
826;27;Male;Belt;Accessories;08/07/2028;17;94;Nebraska;XL;Brown;Fall;Next Day Air;Cash;Monthly
827;54;Male;Dress;Clothing;10/07/2028;36;94;Massachusetts;M;Purple;Winter;Standard;PayPal;Weekly
828;31;Male;Shoes;Footwear;12/07/2028;33;51;Colorado;S;Green;Fall;Free Shipping;Bank Transfer;Fortnightly
829;24;Male;Socks;Clothing;14/07/2028;27;62;Nevada;M;Peach;Fall;2-Day Shipping;PayPal;Bi-Weekly
830;42;Male;Socks;Clothing;16/07/2028;14;57;Idaho;S;Silver;Spring;2-Day Shipping;Credit Card;Fortnightly
831;41;Male;Shorts;Clothing;18/07/2028;5;76;Wyoming;M;Maroon;Fall;Express;Credit Card;Annually
832;66;Male;Gloves;Accessories;20/07/2028;47;63;Washington;M;Red;Summer;Express;Cash;Every 3 Months
833;58;Male;Jacket;Outerwear;22/07/2028;28;80;California;L;Blue;Fall;Express;Cash;Bi-Weekly
834;43;Male;Handbag;Accessories;24/07/2028;11;68;Oklahoma;M;Purple;Fall;Standard;Credit Card;Annually
835;52;Male;Backpack;Accessories;26/07/2028;18;89;Nevada;M;Indigo;Summer;Free Shipping;Credit Card;Weekly
836;35;Male;Boots;Footwear;28/07/2028;21;26;Maryland;L;Indigo;Summer;Next Day Air;Debit Card;Weekly
837;23;Male;Gloves;Accessories;30/07/2028;22;90;West Virginia;L;Violet;Winter;Store Pickup;Cash;Bi-Weekly
838;25;Male;Hoodie;Clothing;01/08/2028;33;28;Illinois;L;Brown;Spring;Express;Cash;Every 3 Months
839;33;Male;Coat;Outerwear;03/08/2028;49;29;Kentucky;M;Gray;Spring;Express;Credit Card;Annually
840;48;Male;Shirt;Clothing;05/08/2028;10;31;Illinois;L;Teal;Spring;Free Shipping;Debit Card;Every 3 Months
841;42;Male;Shirt;Clothing;07/08/2028;18;24;Alabama;L;Teal;Summer;2-Day Shipping;PayPal;Weekly
842;55;Male;Sweater;Clothing;09/08/2028;28;88;Texas;M;Beige;Summer;Store Pickup;PayPal;Fortnightly
843;59;Male;Shirt;Clothing;11/08/2028;25;87;Missouri;M;Violet;Spring;Express;PayPal;Weekly
844;65;Male;Hoodie;Clothing;13/08/2028;6;80;Pennsylvania;S;Beige;Summer;Express;PayPal;Weekly
845;59;Male;Sandals;Footwear;15/08/2028;44;48;Missouri;L;Purple;Winter;Express;Venmo;Bi-Weekly
846;31;Male;Belt;Accessories;17/08/2028;30;21;Michigan;XL;Charcoal;Winter;Standard;Venmo;Monthly
847;49;Male;Boots;Footwear;19/08/2028;42;72;Kentucky;M;Pink;Spring;Express;Debit Card;Quarterly
848;53;Male;Hoodie;Clothing;21/08/2028;30;44;New Jersey;L;Blue;Fall;Standard;PayPal;Monthly
849;48;Male;Sandals;Footwear;23/08/2028;33;73;Delaware;M;Lavender;Fall;Store Pickup;Credit Card;Bi-Weekly
850;23;Male;Jeans;Clothing;25/08/2028;24;61;Missouri;S;Charcoal;Spring;Express;PayPal;Quarterly
851;68;Male;Shoes;Footwear;27/08/2028;13;20;Connecticut;L;Turquoise;Winter;Store Pickup;Venmo;Monthly
852;35;Male;Sandals;Footwear;29/08/2028;19;86;Massachusetts;M;Red;Summer;Express;Debit Card;Monthly
853;34;Male;Dress;Clothing;31/08/2028;23;60;Florida;L;Yellow;Spring;Next Day Air;Debit Card;Every 3 Months
854;62;Male;Hat;Accessories;02/09/2028;35;43;Delaware;L;Orange;Winter;Free Shipping;Cash;Monthly
855;21;Male;Pants;Clothing;04/09/2028;22;44;California;L;Blue;Spring;Free Shipping;Venmo;Monthly
856;70;Male;Socks;Clothing;06/09/2028;14;76;Oregon;L;Gold;Spring;2-Day Shipping;Credit Card;Quarterly
857;55;Male;Shirt;Clothing;08/09/2028;47;33;Alaska;M;Gold;Summer;Express;Debit Card;Fortnightly
858;43;Male;Shorts;Clothing;10/09/2028;50;60;Missouri;L;Cyan;Fall;Standard;Debit Card;Every 3 Months
859;19;Male;Jacket;Outerwear;12/09/2028;33;26;Oklahoma;L;Olive;Fall;Free Shipping;PayPal;Weekly
860;47;Male;Hoodie;Clothing;14/09/2028;7;73;Wisconsin;M;Teal;Winter;Next Day Air;Debit Card;Monthly
861;26;Male;Shoes;Footwear;16/09/2028;3;87;South Carolina;M;Maroon;Spring;Standard;Cash;Monthly
862;46;Male;Skirt;Clothing;18/09/2028;35;100;Virginia;XL;Green;Spring;2-Day Shipping;Credit Card;Every 3 Months
863;19;Male;Coat;Outerwear;20/09/2028;13;84;Arkansas;M;Charcoal;Winter;Standard;PayPal;Fortnightly
864;49;Male;Sneakers;Footwear;22/09/2028;42;41;Vermont;M;Cyan;Summer;Standard;PayPal;Fortnightly
865;51;Male;Jeans;Clothing;24/09/2028;5;59;Kentucky;S;Charcoal;Winter;Next Day Air;PayPal;Annually
866;64;Male;Blouse;Clothing;26/09/2028;23;26;Colorado;L;Charcoal;Winter;Store Pickup;Venmo;Annually
867;67;Male;Sunglasses;Accessories;28/09/2028;11;69;New Mexico;M;Lavender;Summer;Free Shipping;PayPal;Bi-Weekly
868;37;Male;Jacket;Outerwear;30/09/2028;23;20;Colorado;M;Turquoise;Spring;Free Shipping;Bank Transfer;Fortnightly
869;40;Male;Dress;Clothing;02/10/2028;2;83;North Carolina;M;Green;Summer;Next Day Air;Credit Card;Every 3 Months
870;38;Male;Hat;Accessories;04/10/2028;33;54;New Hampshire;M;Silver;Spring;2-Day Shipping;PayPal;Weekly
871;66;Male;Hoodie;Clothing;06/10/2028;6;66;West Virginia;M;Blue;Fall;Standard;Bank Transfer;Bi-Weekly
872;47;Male;Handbag;Accessories;08/10/2028;45;42;Hawaii;M;Charcoal;Spring;Next Day Air;Debit Card;Quarterly
873;56;Male;Jeans;Clothing;10/10/2028;25;33;North Dakota;M;Pink;Spring;Standard;Cash;Quarterly
874;51;Male;Boots;Footwear;12/10/2028;24;77;Mississippi;M;Pink;Summer;Free Shipping;Venmo;Quarterly
875;25;Male;Jacket;Outerwear;14/10/2028;10;65;Maine;M;Magenta;Fall;Free Shipping;Venmo;Every 3 Months
876;37;Male;Sandals;Footwear;16/10/2028;7;39;North Dakota;L;Gray;Summer;Free Shipping;Bank Transfer;Every 3 Months
877;41;Male;Belt;Accessories;18/10/2028;1;51;Nebraska;L;Gray;Summer;2-Day Shipping;Debit Card;Weekly
878;64;Male;Handbag;Accessories;20/10/2028;45;65;Nebraska;M;Orange;Winter;Next Day Air;Venmo;Every 3 Months
879;23;Male;Sunglasses;Accessories;22/10/2028;37;89;Tennessee;S;Black;Summer;Express;Debit Card;Weekly
880;62;Male;Skirt;Clothing;24/10/2028;14;76;Wyoming;S;Lavender;Spring;Free Shipping;PayPal;Quarterly
881;39;Male;Backpack;Accessories;26/10/2028;25;75;Nevada;L;Red;Spring;Express;Debit Card;Monthly
882;52;Male;Sandals;Footwear;28/10/2028;18;61;South Carolina;M;Silver;Summer;Next Day Air;Venmo;Annually
883;50;Male;Boots;Footwear;30/10/2028;37;35;Virginia;M;Cyan;Fall;Next Day Air;Cash;Every 3 Months
884;28;Male;Sneakers;Footwear;01/11/2028;30;37;Pennsylvania;S;Gold;Fall;Free Shipping;Bank Transfer;Monthly
885;67;Male;Skirt;Clothing;03/11/2028;34;91;Hawaii;L;Yellow;Winter;Express;Bank Transfer;Weekly
886;41;Male;Dress;Clothing;05/11/2028;49;99;Ohio;L;Purple;Fall;Free Shipping;Debit Card;Every 3 Months
887;19;Male;Shorts;Clothing;07/11/2028;48;54;Utah;S;Brown;Summer;Express;Bank Transfer;Monthly
888;70;Male;Handbag;Accessories;09/11/2028;33;47;Minnesota;L;Turquoise;Winter;2-Day Shipping;PayPal;Fortnightly
889;49;Male;Scarf;Accessories;11/11/2028;44;77;New Hampshire;S;Gold;Spring;Express;Cash;Annually
890;59;Male;Belt;Accessories;13/11/2028;50;84;Arizona;S;Olive;Fall;Free Shipping;Venmo;Weekly
891;52;Male;Gloves;Accessories;15/11/2028;47;51;New York;S;Purple;Spring;2-Day Shipping;Credit Card;Monthly
892;20;Male;Skirt;Clothing;17/11/2028;24;26;Pennsylvania;S;Lavender;Summer;Store Pickup;PayPal;Every 3 Months
893;31;Male;Shorts;Clothing;19/11/2028;43;64;New Mexico;L;Gray;Summer;Free Shipping;Debit Card;Monthly
894;33;Male;Backpack;Accessories;21/11/2028;14;51;Nebraska;M;Red;Spring;Express;Venmo;Monthly
895;44;Male;Hoodie;Clothing;23/11/2028;3;60;Wyoming;L;Purple;Spring;Free Shipping;Debit Card;Quarterly
896;40;Male;Hat;Accessories;25/11/2028;33;69;Mississippi;XL;Olive;Spring;Next Day Air;Debit Card;Quarterly
897;69;Male;Jewelry;Accessories;27/11/2028;38;29;Arkansas;M;Lavender;Spring;Express;Cash;Fortnightly
898;29;Male;Shirt;Clothing;29/11/2028;46;91;Illinois;M;Gray;Spring;Express;Venmo;Weekly
899;54;Male;Belt;Accessories;01/12/2028;19;70;Nevada;L;Red;Spring;2-Day Shipping;Bank Transfer;Every 3 Months
900;65;Male;Sweater;Clothing;03/12/2028;20;58;Rhode Island;M;Peach;Summer;Standard;PayPal;Annually
901;54;Male;Hat;Accessories;05/12/2028;42;98;West Virginia;L;Gray;Fall;Free Shipping;Bank Transfer;Quarterly
902;60;Male;Scarf;Accessories;07/12/2028;34;68;Missouri;L;Violet;Summer;2-Day Shipping;Cash;Monthly
903;43;Male;Hat;Accessories;09/12/2028;5;44;Kentucky;M;Beige;Summer;Next Day Air;Cash;Monthly
904;44;Male;Jacket;Outerwear;11/12/2028;3;45;Washington;M;Blue;Winter;Express;PayPal;Quarterly
905;69;Male;T-shirt;Clothing;13/12/2028;46;99;Alaska;L;Magenta;Spring;Free Shipping;PayPal;Every 3 Months
906;46;Male;Dress;Clothing;15/12/2028;16;68;Mississippi;S;Cyan;Spring;Standard;Venmo;Annually
907;41;Male;Pants;Clothing;17/12/2028;21;56;South Carolina;M;Red;Spring;Standard;Debit Card;Bi-Weekly
908;32;Male;Sweater;Clothing;19/12/2028;34;43;Missouri;L;Cyan;Winter;Express;Credit Card;Bi-Weekly
909;26;Male;Sunglasses;Accessories;21/12/2028;9;99;New Jersey;M;Turquoise;Winter;Free Shipping;PayPal;Every 3 Months
910;61;Male;Belt;Accessories;23/12/2028;36;56;Louisiana;L;Silver;Fall;Express;PayPal;Weekly
911;49;Male;Hoodie;Clothing;25/12/2028;22;25;South Carolina;S;Pink;Spring;Express;Credit Card;Monthly
912;53;Male;Pants;Clothing;27/12/2028;2;74;Vermont;M;Black;Winter;2-Day Shipping;Bank Transfer;Quarterly
913;24;Male;Hoodie;Clothing;29/12/2028;32;56;Arkansas;M;Green;Winter;Next Day Air;Bank Transfer;Monthly
914;37;Male;Sneakers;Footwear;31/12/2028;29;47;Utah;M;Yellow;Fall;Next Day Air;Cash;Every 3 Months
915;43;Male;Dress;Clothing;02/01/2029;27;67;Washington;L;Purple;Summer;Standard;Venmo;Every 3 Months
916;31;Male;Dress;Clothing;04/01/2029;33;22;Rhode Island;L;Purple;Winter;Store Pickup;Credit Card;Fortnightly
917;49;Male;Jeans;Clothing;06/01/2029;16;34;Illinois;S;Blue;Spring;Standard;Venmo;Monthly
918;69;Male;Sweater;Clothing;08/01/2029;11;64;Missouri;M;Maroon;Spring;Standard;Bank Transfer;Quarterly
919;65;Male;Shorts;Clothing;10/01/2029;11;42;North Carolina;M;Orange;Spring;2-Day Shipping;Cash;Fortnightly
920;41;Male;Shirt;Clothing;12/01/2029;17;82;Massachusetts;L;Green;Winter;2-Day Shipping;Debit Card;Bi-Weekly
921;37;Male;Belt;Accessories;14/01/2029;37;81;Arkansas;XL;Gold;Summer;Free Shipping;Cash;Weekly
922;70;Male;Coat;Outerwear;16/01/2029;18;24;South Dakota;L;Silver;Summer;Express;PayPal;Weekly
923;63;Male;Sneakers;Footwear;18/01/2029;13;60;Georgia;M;Cyan;Fall;Standard;Credit Card;Monthly
924;55;Male;Shirt;Clothing;20/01/2029;7;24;Arkansas;M;Silver;Spring;2-Day Shipping;PayPal;Weekly
925;52;Male;Socks;Clothing;22/01/2029;37;78;Kansas;XL;Beige;Winter;Standard;Cash;Quarterly
926;22;Male;Jeans;Clothing;24/01/2029;8;88;Arizona;L;Teal;Winter;Express;Cash;Monthly
927;54;Male;Jeans;Clothing;26/01/2029;11;63;Massachusetts;XL;Green;Spring;Express;Cash;Bi-Weekly
928;28;Male;Sneakers;Footwear;28/01/2029;8;78;New Mexico;L;Black;Summer;Standard;Venmo;Bi-Weekly
929;67;Male;Dress;Clothing;30/01/2029;31;37;Arkansas;XL;Yellow;Winter;Store Pickup;Cash;Every 3 Months
930;59;Male;Boots;Footwear;01/02/2029;26;94;Nebraska;M;White;Fall;2-Day Shipping;Debit Card;Fortnightly
931;26;Male;T-shirt;Clothing;03/02/2029;20;78;Hawaii;L;Green;Fall;Store Pickup;Credit Card;Bi-Weekly
932;24;Male;Coat;Outerwear;05/02/2029;24;36;Nebraska;M;Silver;Winter;Standard;Bank Transfer;Fortnightly
933;62;Male;Skirt;Clothing;07/02/2029;45;24;Indiana;L;Blue;Winter;Standard;Debit Card;Bi-Weekly
934;70;Male;Sneakers;Footwear;09/02/2029;33;84;Colorado;M;Magenta;Spring;Store Pickup;Debit Card;Monthly
935;45;Male;Jeans;Clothing;11/02/2029;21;47;Oregon;S;Yellow;Spring;Express;Bank Transfer;Monthly
936;58;Male;Hoodie;Clothing;13/02/2029;2;51;Ohio;L;White;Fall;Store Pickup;Bank Transfer;Fortnightly
937;31;Male;Shoes;Footwear;15/02/2029;28;84;Maine;M;Pink;Summer;Free Shipping;Cash;Weekly
938;32;Male;Shorts;Clothing;17/02/2029;18;24;Iowa;M;Magenta;Summer;Express;Venmo;Quarterly
939;36;Male;Blouse;Clothing;19/02/2029;21;97;Wisconsin;S;Teal;Fall;Free Shipping;Debit Card;Fortnightly
940;25;Male;T-shirt;Clothing;21/02/2029;24;89;New York;L;Indigo;Winter;Next Day Air;Credit Card;Monthly
941;48;Male;Belt;Accessories;23/02/2029;15;44;Colorado;S;Maroon;Spring;Store Pickup;PayPal;Every 3 Months
942;39;Male;Handbag;Accessories;25/02/2029;38;35;Illinois;L;Black;Winter;2-Day Shipping;PayPal;Every 3 Months
943;26;Male;Dress;Clothing;27/02/2029;38;91;Arizona;M;Cyan;Winter;Express;PayPal;Bi-Weekly
944;32;Male;Hat;Accessories;01/03/2029;13;63;Oklahoma;L;Cyan;Winter;Next Day Air;Venmo;Fortnightly
945;54;Male;Belt;Accessories;03/03/2029;39;97;Indiana;S;Gray;Spring;Express;Cash;Bi-Weekly
946;38;Male;Boots;Footwear;05/03/2029;8;38;Minnesota;M;Violet;Summer;Store Pickup;Venmo;Every 3 Months
947;46;Male;Coat;Outerwear;07/03/2029;4;24;Pennsylvania;XL;Blue;Spring;Next Day Air;PayPal;Quarterly
948;57;Male;Blouse;Clothing;09/03/2029;6;32;Indiana;M;Charcoal;Winter;Store Pickup;Cash;Every 3 Months
949;49;Male;Hat;Accessories;11/03/2029;11;90;Alabama;L;Olive;Summer;Express;Venmo;Every 3 Months
950;33;Male;Jeans;Clothing;13/03/2029;49;36;Montana;M;Olive;Summer;Standard;Venmo;Monthly
951;54;Male;Backpack;Accessories;15/03/2029;30;37;New Mexico;XL;Turquoise;Winter;Free Shipping;PayPal;Quarterly
952;47;Male;Dress;Clothing;17/03/2029;34;51;Alaska;M;Cyan;Summer;Express;Bank Transfer;Monthly
953;36;Male;Hat;Accessories;19/03/2029;28;71;Idaho;S;Red;Fall;2-Day Shipping;PayPal;Monthly
954;68;Male;Sunglasses;Accessories;21/03/2029;36;50;Utah;S;Cyan;Spring;2-Day Shipping;Venmo;Quarterly
955;60;Male;Hat;Accessories;23/03/2029;18;74;Louisiana;S;Turquoise;Fall;Standard;Credit Card;Every 3 Months
956;55;Male;Dress;Clothing;25/03/2029;4;75;Mississippi;L;Lavender;Summer;Free Shipping;PayPal;Monthly
957;29;Male;Shirt;Clothing;27/03/2029;42;99;Mississippi;XL;Cyan;Spring;2-Day Shipping;Debit Card;Quarterly
958;38;Male;Scarf;Accessories;29/03/2029;11;23;Indiana;XL;Violet;Spring;Store Pickup;Cash;Quarterly
959;70;Male;Sneakers;Footwear;31/03/2029;31;53;Washington;XL;Beige;Winter;Free Shipping;Credit Card;Bi-Weekly
960;36;Male;Skirt;Clothing;02/04/2029;12;99;Nevada;M;Cyan;Spring;Standard;Cash;Fortnightly
961;18;Male;Jewelry;Accessories;04/04/2029;20;48;Louisiana;XL;Indigo;Spring;Standard;Venmo;Quarterly
962;62;Male;Boots;Footwear;06/04/2029;37;72;Pennsylvania;L;Olive;Fall;Next Day Air;Debit Card;Quarterly
963;29;Male;Sunglasses;Accessories;08/04/2029;26;64;Michigan;L;Green;Spring;Standard;Debit Card;Fortnightly
964;21;Male;Boots;Footwear;10/04/2029;14;63;South Carolina;L;Green;Spring;2-Day Shipping;Credit Card;Weekly
965;42;Male;Sandals;Footwear;12/04/2029;12;51;Arizona;M;Beige;Spring;Next Day Air;Venmo;Bi-Weekly
966;43;Male;Boots;Footwear;14/04/2029;10;55;Delaware;L;Black;Spring;Store Pickup;Credit Card;Annually
967;58;Male;Dress;Clothing;16/04/2029;19;55;Kentucky;M;Brown;Spring;Express;Cash;Annually
968;27;Male;Hoodie;Clothing;18/04/2029;4;26;Georgia;S;Silver;Summer;Store Pickup;Cash;Weekly
969;57;Male;Shorts;Clothing;20/04/2029;48;67;North Carolina;L;Gray;Summer;Next Day Air;Bank Transfer;Quarterly
970;40;Male;Coat;Outerwear;22/04/2029;37;31;California;S;Pink;Fall;Express;PayPal;Monthly
971;45;Male;Jeans;Clothing;24/04/2029;4;66;California;S;Maroon;Winter;Free Shipping;Cash;Monthly
972;47;Male;Sunglasses;Accessories;26/04/2029;15;67;Indiana;M;Cyan;Summer;Next Day Air;Credit Card;Weekly
973;61;Male;Sneakers;Footwear;28/04/2029;33;61;Colorado;L;Gold;Winter;Standard;Credit Card;Weekly
974;60;Male;Jacket;Outerwear;30/04/2029;30;75;Colorado;M;Teal;Fall;2-Day Shipping;Bank Transfer;Quarterly
975;69;Male;Skirt;Clothing;02/05/2029;23;90;North Carolina;M;Beige;Spring;2-Day Shipping;Bank Transfer;Monthly
976;58;Male;Sweater;Clothing;04/05/2029;2;40;Washington;M;Olive;Summer;2-Day Shipping;Bank Transfer;Weekly
977;34;Male;T-shirt;Clothing;06/05/2029;50;90;Florida;M;Gray;Fall;Express;Credit Card;Every 3 Months
978;20;Male;Belt;Accessories;08/05/2029;34;20;Washington;M;Black;Spring;Express;Cash;Bi-Weekly
979;56;Male;Gloves;Accessories;10/05/2029;33;40;Colorado;M;Turquoise;Summer;Standard;Credit Card;Weekly
980;64;Male;Hat;Accessories;12/05/2029;34;33;New Hampshire;S;Brown;Fall;Store Pickup;Debit Card;Monthly
981;56;Male;Boots;Footwear;14/05/2029;39;98;Maryland;S;Magenta;Spring;Free Shipping;PayPal;Every 3 Months
982;27;Male;Belt;Accessories;16/05/2029;47;42;Maryland;M;Silver;Spring;Next Day Air;Credit Card;Quarterly
983;35;Male;Coat;Outerwear;18/05/2029;37;62;Texas;S;Red;Summer;Standard;PayPal;Monthly
984;24;Male;Hat;Accessories;20/05/2029;40;45;New Mexico;L;Indigo;Winter;Free Shipping;Venmo;Bi-Weekly
985;26;Male;Shoes;Footwear;22/05/2029;8;78;Utah;M;Green;Summer;Free Shipping;Credit Card;Bi-Weekly
986;32;Male;Handbag;Accessories;24/05/2029;12;80;West Virginia;M;Gray;Fall;Express;Bank Transfer;Annually
987;54;Male;Scarf;Accessories;26/05/2029;36;96;Connecticut;S;Peach;Spring;Store Pickup;Bank Transfer;Monthly
988;62;Male;Handbag;Accessories;28/05/2029;48;47;West Virginia;M;Charcoal;Summer;Express;PayPal;Weekly
989;50;Male;Pants;Clothing;30/05/2029;47;84;Ohio;M;Orange;Winter;2-Day Shipping;PayPal;Fortnightly
990;70;Male;Shoes;Footwear;01/06/2029;2;31;Texas;M;Beige;Spring;Store Pickup;Bank Transfer;Monthly
991;48;Male;Sunglasses;Accessories;03/06/2029;24;63;Washington;S;Yellow;Spring;Store Pickup;Cash;Weekly
992;20;Male;Shorts;Clothing;05/06/2029;40;97;Wisconsin;XL;White;Spring;Standard;Bank Transfer;Bi-Weekly
993;46;Male;Jacket;Outerwear;07/06/2029;50;99;Louisiana;M;Gray;Winter;Express;Debit Card;Weekly
994;51;Male;Sandals;Footwear;09/06/2029;25;90;Iowa;M;Peach;Winter;Store Pickup;Cash;Weekly
995;53;Male;Shoes;Footwear;11/06/2029;20;68;New York;L;Violet;Fall;Express;Debit Card;Monthly
996;44;Male;Jewelry;Accessories;13/06/2029;10;80;Idaho;M;Magenta;Spring;2-Day Shipping;Venmo;Weekly
997;29;Male;Sandals;Footwear;15/06/2029;32;91;Delaware;L;Maroon;Summer;Standard;Bank Transfer;Quarterly
998;64;Male;Pants;Clothing;17/06/2029;31;30;Kentucky;M;Cyan;Spring;Express;Cash;Fortnightly
999;51;Male;Shoes;Footwear;19/06/2029;48;90;Connecticut;M;White;Spring;Next Day Air;Bank Transfer;Bi-Weekly
1000;50;Male;Socks;Clothing;21/06/2029;23;28;New Mexico;L;Brown;Spring;Standard;Debit Card;Monthly
1001;43;Male;Socks;Clothing;23/06/2029;1;46;Georgia;M;Red;Winter;Express;Bank Transfer;Bi-Weekly
1002;61;Male;Dress;Clothing;25/06/2029;4;60;Washington;M;Orange;Fall;Standard;Debit Card;Fortnightly
1003;55;Male;Shoes;Footwear;27/06/2029;3;59;North Dakota;M;White;Spring;Store Pickup;Bank Transfer;Bi-Weekly
1004;56;Male;Hat;Accessories;29/06/2029;3;68;Ohio;M;Green;Fall;Store Pickup;Cash;Bi-Weekly
1005;33;Male;Backpack;Accessories;01/07/2029;44;79;Tennessee;M;Black;Summer;2-Day Shipping;Cash;Annually
1006;43;Male;Backpack;Accessories;03/07/2029;5;94;New York;M;Gold;Winter;Store Pickup;Debit Card;Bi-Weekly
1007;21;Male;Pants;Clothing;05/07/2029;50;83;Michigan;S;Lavender;Summer;Next Day Air;Venmo;Quarterly
1008;58;Male;Gloves;Accessories;07/07/2029;2;62;Georgia;XL;Turquoise;Spring;Standard;Credit Card;Annually
1009;41;Male;Scarf;Accessories;09/07/2029;29;85;New Mexico;M;Pink;Spring;Store Pickup;PayPal;Annually
1010;39;Male;Hoodie;Clothing;11/07/2029;11;30;Louisiana;M;Silver;Summer;Express;Venmo;Annually
1011;54;Male;Jeans;Clothing;13/07/2029;37;24;South Dakota;XL;Gray;Spring;2-Day Shipping;Credit Card;Fortnightly
1012;43;Male;Backpack;Accessories;15/07/2029;32;25;Montana;L;Indigo;Spring;Next Day Air;Debit Card;Fortnightly
1013;28;Male;Sandals;Footwear;17/07/2029;27;37;New Mexico;L;Teal;Summer;Express;Credit Card;Annually
1014;59;Male;Belt;Accessories;19/07/2029;31;69;South Carolina;XL;Green;Summer;2-Day Shipping;Venmo;Bi-Weekly
1015;28;Male;Shoes;Footwear;21/07/2029;36;97;Ohio;M;Violet;Summer;Standard;Debit Card;Fortnightly
1016;68;Male;Gloves;Accessories;23/07/2029;34;24;North Carolina;M;Cyan;Summer;Standard;Cash;Weekly
1017;20;Male;Belt;Accessories;25/07/2029;15;30;Idaho;XL;Blue;Summer;Express;Bank Transfer;Every 3 Months
1018;21;Male;Jacket;Outerwear;27/07/2029;14;53;Oklahoma;L;Orange;Fall;Express;Credit Card;Annually
1019;50;Male;Dress;Clothing;29/07/2029;46;70;Georgia;XL;Charcoal;Spring;Next Day Air;Cash;Weekly
1020;32;Male;Shirt;Clothing;31/07/2029;33;76;Kentucky;S;Beige;Winter;Standard;Venmo;Bi-Weekly
1021;24;Male;Scarf;Accessories;02/08/2029;41;95;Delaware;M;Black;Fall;Express;Debit Card;Annually
1022;55;Male;Coat;Outerwear;04/08/2029;39;51;Massachusetts;S;Lavender;Winter;2-Day Shipping;PayPal;Weekly
1023;61;Male;Handbag;Accessories;06/08/2029;7;41;Nebraska;M;Lavender;Winter;Store Pickup;Cash;Annually
1024;61;Male;Sunglasses;Accessories;08/08/2029;29;71;Maine;S;Turquoise;Winter;Free Shipping;Bank Transfer;Every 3 Months
1025;28;Male;T-shirt;Clothing;10/08/2029;18;66;Pennsylvania;M;Purple;Summer;Free Shipping;Venmo;Quarterly
1026;60;Male;Shirt;Clothing;12/08/2029;15;84;Nebraska;M;Olive;Winter;Free Shipping;Credit Card;Annually
1027;49;Male;Handbag;Accessories;14/08/2029;39;95;Virginia;L;Turquoise;Winter;Express;PayPal;Bi-Weekly
1028;33;Male;Jewelry;Accessories;16/08/2029;11;90;Ohio;L;Teal;Summer;Next Day Air;Cash;Monthly
1029;45;Male;Hoodie;Clothing;18/08/2029;4;36;Nebraska;S;Lavender;Summer;Standard;Cash;Fortnightly
1030;29;Male;Gloves;Accessories;20/08/2029;33;22;Ohio;M;Purple;Spring;2-Day Shipping;Venmo;Bi-Weekly
1031;58;Male;Coat;Outerwear;22/08/2029;37;89;Kentucky;L;Blue;Winter;Next Day Air;Debit Card;Quarterly
1032;22;Male;Sandals;Footwear;24/08/2029;32;50;Tennessee;M;Teal;Spring;Free Shipping;Cash;Quarterly
1033;55;Male;Boots;Footwear;26/08/2029;44;36;Maine;M;Lavender;Fall;Free Shipping;Credit Card;Quarterly
1034;19;Male;Pants;Clothing;28/08/2029;41;52;Montana;S;Silver;Spring;Free Shipping;Bank Transfer;Quarterly
1035;68;Male;Socks;Clothing;30/08/2029;44;29;Maryland;M;Olive;Fall;Next Day Air;Bank Transfer;Weekly
1036;61;Male;Blouse;Clothing;01/09/2029;32;89;Georgia;M;Brown;Fall;Express;Venmo;Annually
1037;68;Male;Handbag;Accessories;03/09/2029;13;47;Hawaii;M;Yellow;Fall;2-Day Shipping;Bank Transfer;Monthly
1038;52;Male;Jewelry;Accessories;05/09/2029;48;25;Rhode Island;XL;Brown;Spring;Standard;Debit Card;Quarterly
1039;41;Male;Pants;Clothing;07/09/2029;3;74;Nebraska;XL;Cyan;Fall;Express;Bank Transfer;Weekly
1040;29;Male;Belt;Accessories;09/09/2029;39;46;Michigan;M;Magenta;Fall;Standard;Venmo;Monthly
1041;68;Male;Jeans;Clothing;11/09/2029;7;22;North Carolina;S;Magenta;Fall;Next Day Air;Cash;Fortnightly
1042;36;Male;Shirt;Clothing;13/09/2029;11;25;Minnesota;M;Orange;Summer;Next Day Air;Cash;Fortnightly
1043;55;Male;Belt;Accessories;15/09/2029;47;80;Maryland;M;Maroon;Spring;Next Day Air;Credit Card;Weekly
1044;28;Male;Jeans;Clothing;17/09/2029;28;76;Hawaii;M;Green;Spring;2-Day Shipping;Debit Card;Fortnightly
1045;39;Male;Jeans;Clothing;19/09/2029;17;30;Oregon;L;Teal;Summer;Next Day Air;Bank Transfer;Every 3 Months
1046;54;Male;Sweater;Clothing;21/09/2029;11;79;New Mexico;L;Black;Fall;2-Day Shipping;PayPal;Bi-Weekly
1047;40;Male;Sneakers;Footwear;23/09/2029;12;22;Illinois;M;Magenta;Winter;Standard;Venmo;Annually
1048;31;Male;Socks;Clothing;25/09/2029;7;36;Utah;S;Olive;Fall;Standard;Credit Card;Fortnightly
1049;30;Male;Socks;Clothing;27/09/2029;19;77;Maine;L;Yellow;Fall;Standard;Venmo;Fortnightly
1050;45;Male;Sunglasses;Accessories;29/09/2029;24;33;Virginia;S;Purple;Fall;Store Pickup;Cash;Quarterly
1051;48;Male;Sneakers;Footwear;01/10/2029;19;64;Florida;M;Beige;Winter;Next Day Air;Venmo;Monthly
1052;45;Male;Socks;Clothing;03/10/2029;39;53;Ohio;M;Indigo;Fall;Free Shipping;PayPal;Annually
1053;60;Male;Shoes;Footwear;05/10/2029;1;36;Virginia;XL;Pink;Fall;2-Day Shipping;Credit Card;Fortnightly
1054;59;Male;Blouse;Clothing;07/10/2029;10;70;Kansas;M;Blue;Spring;2-Day Shipping;Debit Card;Bi-Weekly
1055;18;Male;Shorts;Clothing;09/10/2029;48;96;Arkansas;L;Cyan;Winter;Express;PayPal;Quarterly
1056;70;Male;Jacket;Outerwear;11/10/2029;24;27;Massachusetts;M;Orange;Spring;Next Day Air;Debit Card;Annually
1057;20;Male;Sweater;Clothing;13/10/2029;42;64;Idaho;L;Black;Winter;2-Day Shipping;Venmo;Fortnightly
1058;65;Male;Jacket;Outerwear;15/10/2029;20;23;Wisconsin;S;Maroon;Spring;2-Day Shipping;Credit Card;Weekly
1059;29;Male;Scarf;Accessories;17/10/2029;49;33;New Mexico;L;Violet;Summer;Next Day Air;Bank Transfer;Every 3 Months
1060;22;Male;Jacket;Outerwear;19/10/2029;25;34;North Carolina;M;Beige;Winter;Standard;Debit Card;Monthly
1061;27;Male;Sweater;Clothing;21/10/2029;21;35;Iowa;S;Gray;Summer;Next Day Air;Debit Card;Every 3 Months
1062;36;Male;Coat;Outerwear;23/10/2029;12;62;Idaho;M;Gray;Summer;Free Shipping;Venmo;Every 3 Months
1063;59;Male;Boots;Footwear;25/10/2029;21;75;Ohio;M;Brown;Fall;Next Day Air;Debit Card;Every 3 Months
1064;62;Male;Hoodie;Clothing;27/10/2029;35;29;Alabama;S;Indigo;Summer;Free Shipping;Cash;Monthly
1065;34;Male;Hat;Accessories;29/10/2029;42;28;Wyoming;M;Violet;Spring;Express;Credit Card;Every 3 Months
1066;59;Male;T-shirt;Clothing;31/10/2029;3;20;Alabama;XL;Blue;Spring;Store Pickup;PayPal;Every 3 Months
1067;49;Male;Coat;Outerwear;02/11/2029;11;96;Mississippi;M;Red;Winter;Store Pickup;PayPal;Bi-Weekly
1068;18;Male;Dress;Clothing;04/11/2029;22;43;Pennsylvania;S;Peach;Summer;2-Day Shipping;PayPal;Quarterly
1069;55;Male;Shirt;Clothing;06/11/2029;47;94;Wyoming;M;Olive;Fall;Standard;Credit Card;Weekly
1070;38;Male;Skirt;Clothing;08/11/2029;33;81;Maryland;XL;White;Fall;Next Day Air;Venmo;Every 3 Months
1071;50;Male;Jewelry;Accessories;10/11/2029;50;75;North Carolina;M;Magenta;Summer;Free Shipping;Debit Card;Weekly
1072;61;Male;Hat;Accessories;12/11/2029;46;81;Pennsylvania;M;Beige;Summer;Express;Credit Card;Monthly
1073;48;Male;Shorts;Clothing;14/11/2029;34;92;Idaho;L;Gold;Fall;Express;Debit Card;Fortnightly
1074;22;Male;Scarf;Accessories;16/11/2029;33;96;California;XL;Purple;Spring;Store Pickup;Credit Card;Monthly
1075;48;Male;Jewelry;Accessories;18/11/2029;45;71;Tennessee;S;White;Fall;Standard;Bank Transfer;Fortnightly
1076;57;Male;Sunglasses;Accessories;20/11/2029;32;50;Missouri;L;Indigo;Summer;Next Day Air;Debit Card;Bi-Weekly
1077;33;Male;Coat;Outerwear;22/11/2029;47;72;North Dakota;L;Charcoal;Spring;Standard;Venmo;Bi-Weekly
1078;58;Male;Jacket;Outerwear;24/11/2029;5;28;West Virginia;M;Pink;Winter;Standard;PayPal;Quarterly
1079;37;Male;Sweater;Clothing;26/11/2029;49;59;Arizona;M;Silver;Fall;Express;Credit Card;Fortnightly
1080;18;Male;Coat;Outerwear;28/11/2029;48;33;Oklahoma;S;Blue;Summer;Free Shipping;Bank Transfer;Monthly
1081;65;Male;Scarf;Accessories;30/11/2029;22;59;Pennsylvania;L;Blue;Fall;Express;Cash;Every 3 Months
1082;62;Male;Belt;Accessories;02/12/2029;45;30;Idaho;XL;Brown;Spring;Standard;Credit Card;Annually
1083;54;Male;Hat;Accessories;04/12/2029;30;85;South Carolina;XL;Cyan;Winter;Next Day Air;Venmo;Quarterly
1084;35;Male;Backpack;Accessories;06/12/2029;43;97;Washington;L;Teal;Summer;Store Pickup;Cash;Weekly
1085;34;Male;T-shirt;Clothing;08/12/2029;48;36;Arkansas;S;Purple;Fall;Next Day Air;Cash;Quarterly
1086;25;Male;Jewelry;Accessories;10/12/2029;23;85;Utah;M;Turquoise;Winter;Store Pickup;Venmo;Fortnightly
1087;53;Male;Sunglasses;Accessories;12/12/2029;27;62;Alaska;M;Olive;Winter;Free Shipping;PayPal;Bi-Weekly
1088;45;Male;Jeans;Clothing;14/12/2029;7;71;West Virginia;S;White;Winter;Next Day Air;Bank Transfer;Monthly
1089;49;Male;Pants;Clothing;16/12/2029;2;21;Louisiana;M;Turquoise;Winter;Free Shipping;PayPal;Weekly
1090;40;Male;Backpack;Accessories;18/12/2029;33;61;Arizona;M;Silver;Spring;Next Day Air;PayPal;Bi-Weekly
1091;38;Male;Scarf;Accessories;20/12/2029;27;58;Connecticut;M;Violet;Spring;Store Pickup;Cash;Fortnightly
1092;44;Male;Sweater;Clothing;22/12/2029;6;80;North Carolina;L;Lavender;Spring;Store Pickup;Credit Card;Fortnightly
1093;68;Male;Jewelry;Accessories;24/12/2029;20;50;South Dakota;L;Magenta;Spring;2-Day Shipping;Venmo;Quarterly
1094;60;Male;Sneakers;Footwear;26/12/2029;46;48;Delaware;S;Indigo;Winter;2-Day Shipping;Venmo;Every 3 Months
1095;25;Male;Jewelry;Accessories;28/12/2029;25;40;Connecticut;M;Black;Winter;Next Day Air;Cash;Quarterly
1096;19;Male;Coat;Outerwear;30/12/2029;30;34;Tennessee;S;Peach;Summer;Free Shipping;Bank Transfer;Quarterly
1097;57;Male;Coat;Outerwear;01/01/2030;48;46;New Hampshire;S;Beige;Fall;Standard;Credit Card;Annually
1098;58;Male;Sunglasses;Accessories;03/01/2030;47;27;Vermont;M;Black;Summer;Store Pickup;Bank Transfer;Weekly
1099;49;Male;Handbag;Accessories;05/01/2030;27;98;Idaho;S;Turquoise;Spring;Next Day Air;Credit Card;Weekly
1100;19;Male;Sweater;Clothing;07/01/2030;45;73;North Carolina;M;Peach;Fall;Next Day Air;Bank Transfer;Fortnightly
1101;50;Male;Pants;Clothing;09/01/2030;2;28;Nevada;L;Gold;Spring;Express;Credit Card;Weekly
1102;30;Male;Gloves;Accessories;11/01/2030;39;76;Delaware;XL;Silver;Fall;Free Shipping;Cash;Fortnightly
1103;52;Male;Sweater;Clothing;13/01/2030;24;83;Texas;M;Peach;Fall;Express;Cash;Fortnightly
1104;35;Male;Hoodie;Clothing;15/01/2030;8;23;Tennessee;S;Charcoal;Spring;Free Shipping;Debit Card;Bi-Weekly
1105;35;Male;Hat;Accessories;17/01/2030;8;28;Delaware;M;Beige;Fall;Express;Bank Transfer;Quarterly
1106;33;Male;T-shirt;Clothing;19/01/2030;6;83;Massachusetts;S;Olive;Spring;Next Day Air;Venmo;Every 3 Months
1107;52;Male;Skirt;Clothing;21/01/2030;12;96;Minnesota;L;Violet;Winter;Store Pickup;Venmo;Fortnightly
1108;69;Male;Sneakers;Footwear;23/01/2030;26;62;Texas;M;Peach;Fall;Store Pickup;Bank Transfer;Weekly
1109;27;Male;Shorts;Clothing;25/01/2030;50;25;Nebraska;M;Teal;Fall;Standard;Cash;Fortnightly
1110;66;Male;Hoodie;Clothing;27/01/2030;2;97;Oklahoma;L;Violet;Winter;Next Day Air;Venmo;Weekly
1111;28;Male;Hoodie;Clothing;29/01/2030;31;61;Texas;L;Cyan;Fall;Standard;Cash;Bi-Weekly
1112;22;Male;Shoes;Footwear;31/01/2030;4;66;New York;S;Olive;Summer;Next Day Air;Credit Card;Bi-Weekly
1113;69;Male;Hoodie;Clothing;02/02/2030;32;67;Washington;XL;Pink;Spring;Free Shipping;PayPal;Quarterly
1114;28;Male;Sunglasses;Accessories;04/02/2030;11;80;Maryland;M;Purple;Summer;Next Day Air;PayPal;Bi-Weekly
1115;55;Male;Skirt;Clothing;06/02/2030;47;25;New Hampshire;L;Violet;Fall;Next Day Air;Bank Transfer;Every 3 Months
1116;30;Male;Hat;Accessories;08/02/2030;37;58;New York;S;Peach;Fall;2-Day Shipping;Cash;Weekly
1117;67;Male;Backpack;Accessories;10/02/2030;39;96;Hawaii;M;Charcoal;Winter;Express;PayPal;Fortnightly
1118;25;Male;Sunglasses;Accessories;12/02/2030;24;77;California;L;Lavender;Spring;Store Pickup;Credit Card;Monthly
1119;49;Male;Belt;Accessories;14/02/2030;11;65;Indiana;M;Purple;Summer;Standard;PayPal;Every 3 Months
1120;34;Male;Jewelry;Accessories;16/02/2030;36;36;Louisiana;M;Indigo;Spring;Standard;Credit Card;Weekly
1121;22;Male;Sneakers;Footwear;18/02/2030;40;84;Pennsylvania;M;Magenta;Winter;Next Day Air;Debit Card;Monthly
1122;63;Male;T-shirt;Clothing;20/02/2030;25;58;Florida;XL;Peach;Fall;Express;Cash;Quarterly
1123;70;Male;Handbag;Accessories;22/02/2030;12;62;North Carolina;S;Charcoal;Spring;2-Day Shipping;Credit Card;Annually
1124;36;Male;Hat;Accessories;24/02/2030;38;67;Massachusetts;S;Purple;Fall;Store Pickup;Cash;Monthly
1125;42;Male;Sweater;Clothing;26/02/2030;40;20;Iowa;M;Orange;Spring;Express;Cash;Quarterly
1126;27;Male;Sandals;Footwear;28/02/2030;10;90;North Dakota;M;Lavender;Summer;2-Day Shipping;Bank Transfer;Weekly
1127;23;Male;Scarf;Accessories;02/03/2030;47;58;Iowa;L;Beige;Winter;Standard;Venmo;Fortnightly
1128;50;Male;Shirt;Clothing;04/03/2030;22;53;Delaware;XL;Maroon;Spring;Store Pickup;Debit Card;Monthly
1129;56;Male;Gloves;Accessories;06/03/2030;35;30;New York;L;Charcoal;Winter;Next Day Air;Debit Card;Monthly
1130;37;Male;Hoodie;Clothing;08/03/2030;46;65;New Hampshire;XL;White;Winter;Express;Venmo;Fortnightly
1131;67;Male;Jewelry;Accessories;10/03/2030;30;41;Kentucky;M;Lavender;Summer;Standard;PayPal;Bi-Weekly
1132;67;Male;Shirt;Clothing;12/03/2030;20;73;Illinois;M;Black;Spring;Express;Bank Transfer;Monthly
1133;50;Male;Hoodie;Clothing;14/03/2030;25;98;North Carolina;S;Teal;Spring;Store Pickup;Cash;Fortnightly
1134;36;Male;Shoes;Footwear;16/03/2030;29;36;Connecticut;XL;Magenta;Winter;2-Day Shipping;Cash;Weekly
1135;62;Male;T-shirt;Clothing;18/03/2030;2;81;Wisconsin;M;Brown;Summer;Express;Venmo;Every 3 Months
1136;65;Male;Skirt;Clothing;20/03/2030;32;90;Massachusetts;L;Peach;Winter;2-Day Shipping;Bank Transfer;Quarterly
1137;23;Male;Handbag;Accessories;22/03/2030;37;83;Illinois;S;Cyan;Summer;Free Shipping;Cash;Monthly
1138;46;Male;Shirt;Clothing;24/03/2030;16;91;New Mexico;XL;Pink;Winter;2-Day Shipping;Bank Transfer;Every 3 Months
1139;18;Male;Pants;Clothing;26/03/2030;32;36;Iowa;M;Purple;Summer;Express;Venmo;Fortnightly
1140;58;Male;Coat;Outerwear;28/03/2030;42;53;Alabama;L;Purple;Spring;Standard;Debit Card;Bi-Weekly
1141;31;Male;Jeans;Clothing;30/03/2030;6;39;Maryland;M;White;Winter;Store Pickup;Credit Card;Every 3 Months
1142;39;Male;Gloves;Accessories;01/04/2030;23;33;Ohio;S;Silver;Winter;Next Day Air;PayPal;Fortnightly
1143;69;Male;T-shirt;Clothing;03/04/2030;27;76;Ohio;L;Green;Spring;Store Pickup;Venmo;Bi-Weekly
1144;68;Male;Boots;Footwear;05/04/2030;43;23;Nevada;L;Teal;Winter;Standard;PayPal;Quarterly
1145;41;Male;Jeans;Clothing;07/04/2030;25;54;South Carolina;S;Indigo;Fall;2-Day Shipping;Bank Transfer;Fortnightly
1146;31;Male;Sneakers;Footwear;09/04/2030;30;89;Nevada;L;Pink;Summer;Express;Cash;Every 3 Months
1147;48;Male;Sneakers;Footwear;11/04/2030;7;38;Wisconsin;M;Indigo;Summer;Standard;Bank Transfer;Every 3 Months
1148;59;Male;Hat;Accessories;13/04/2030;17;36;Tennessee;XL;Red;Winter;Next Day Air;Debit Card;Annually
1149;34;Male;Pants;Clothing;15/04/2030;10;66;Florida;M;Violet;Spring;Store Pickup;PayPal;Fortnightly
1150;21;Male;Jewelry;Accessories;17/04/2030;40;42;Georgia;L;Cyan;Spring;Store Pickup;Venmo;Annually
1151;29;Male;Jewelry;Accessories;19/04/2030;50;36;Kentucky;S;Red;Winter;Next Day Air;Venmo;Bi-Weekly
1152;41;Male;Blouse;Clothing;21/04/2030;24;86;Ohio;M;Gray;Spring;Express;Credit Card;Weekly
1153;62;Male;Handbag;Accessories;23/04/2030;8;49;Connecticut;M;Gold;Fall;Standard;PayPal;Every 3 Months
1154;27;Male;Shirt;Clothing;25/04/2030;6;41;Idaho;M;Pink;Summer;Free Shipping;Bank Transfer;Quarterly
1155;49;Male;Dress;Clothing;27/04/2030;44;82;Georgia;L;Cyan;Spring;2-Day Shipping;Credit Card;Bi-Weekly
1156;67;Male;T-shirt;Clothing;29/04/2030;47;53;Tennessee;S;Red;Fall;Express;PayPal;Quarterly
1157;20;Male;Shoes;Footwear;01/05/2030;6;21;Hawaii;M;Gold;Summer;Express;Venmo;Every 3 Months
1158;37;Male;Belt;Accessories;03/05/2030;11;66;Maryland;M;Charcoal;Fall;Standard;Cash;Quarterly
1159;69;Male;Belt;Accessories;05/05/2030;41;89;Nevada;L;Orange;Summer;2-Day Shipping;Bank Transfer;Annually
1160;66;Male;Handbag;Accessories;07/05/2030;46;55;New Hampshire;L;Blue;Fall;2-Day Shipping;Venmo;Every 3 Months
1161;37;Male;Scarf;Accessories;09/05/2030;9;42;North Dakota;S;Blue;Summer;Next Day Air;Venmo;Bi-Weekly
1162;63;Male;Shorts;Clothing;11/05/2030;37;52;Oklahoma;S;Orange;Fall;2-Day Shipping;PayPal;Monthly
1163;47;Male;Sandals;Footwear;13/05/2030;13;92;North Carolina;M;Blue;Winter;Express;PayPal;Weekly
1164;26;Male;Pants;Clothing;15/05/2030;24;56;Tennessee;L;White;Summer;2-Day Shipping;Debit Card;Monthly
1165;68;Male;Dress;Clothing;17/05/2030;47;96;Montana;M;Green;Winter;Standard;PayPal;Quarterly
1166;51;Male;T-shirt;Clothing;19/05/2030;21;64;Wisconsin;M;Silver;Winter;Next Day Air;Venmo;Every 3 Months
1167;48;Male;Dress;Clothing;21/05/2030;22;48;Connecticut;S;Lavender;Winter;Store Pickup;Venmo;Fortnightly
1168;60;Male;Socks;Clothing;23/05/2030;16;83;New Jersey;XL;Beige;Summer;Free Shipping;PayPal;Quarterly
1169;68;Male;Scarf;Accessories;25/05/2030;37;91;Mississippi;L;Violet;Summer;Standard;Debit Card;Fortnightly
1170;25;Male;Backpack;Accessories;27/05/2030;3;94;Wyoming;S;Gray;Fall;2-Day Shipping;Cash;Annually
1171;57;Male;Skirt;Clothing;29/05/2030;33;62;Illinois;S;Red;Spring;Express;Cash;Bi-Weekly
1172;41;Male;Socks;Clothing;31/05/2030;15;55;Louisiana;M;Lavender;Spring;Next Day Air;Debit Card;Annually
1173;59;Male;Coat;Outerwear;02/06/2030;42;68;Oregon;L;Peach;Spring;Store Pickup;Bank Transfer;Bi-Weekly
1174;44;Male;Jewelry;Accessories;04/06/2030;42;76;South Dakota;M;Indigo;Winter;Express;Cash;Bi-Weekly
1175;42;Male;Backpack;Accessories;06/06/2030;19;31;Michigan;M;Black;Winter;Express;Bank Transfer;Bi-Weekly
1176;35;Male;Belt;Accessories;08/06/2030;26;81;New Jersey;M;Beige;Spring;Store Pickup;PayPal;Quarterly
1177;36;Male;Dress;Clothing;10/06/2030;39;83;Oregon;M;Red;Winter;Free Shipping;PayPal;Quarterly
1178;54;Male;Skirt;Clothing;12/06/2030;24;21;Iowa;M;Black;Spring;Standard;Debit Card;Monthly
1179;37;Male;Dress;Clothing;14/06/2030;23;22;South Carolina;M;Teal;Spring;Express;Debit Card;Annually
1180;20;Male;T-shirt;Clothing;16/06/2030;44;33;Indiana;M;Blue;Summer;Free Shipping;Bank Transfer;Annually
1181;23;Male;Skirt;Clothing;18/06/2030;34;23;Oregon;S;Beige;Spring;Standard;Cash;Monthly
1182;61;Male;Shorts;Clothing;20/06/2030;43;96;New York;L;Teal;Summer;Free Shipping;Bank Transfer;Quarterly
1183;37;Male;Jewelry;Accessories;22/06/2030;45;21;New Mexico;M;Maroon;Spring;Express;PayPal;Quarterly
1184;23;Male;Pants;Clothing;24/06/2030;4;39;Louisiana;M;Yellow;Spring;2-Day Shipping;Credit Card;Weekly
1185;63;Male;Belt;Accessories;26/06/2030;19;73;South Carolina;S;Indigo;Fall;Express;Credit Card;Annually
1186;47;Male;Jeans;Clothing;28/06/2030;29;64;Maine;M;Magenta;Spring;Standard;Credit Card;Monthly
1187;63;Male;Jeans;Clothing;30/06/2030;27;68;Indiana;M;Beige;Summer;2-Day Shipping;Credit Card;Annually
1188;56;Male;Hat;Accessories;02/07/2030;37;89;Iowa;L;Maroon;Fall;Express;Credit Card;Every 3 Months
1189;68;Male;Blouse;Clothing;04/07/2030;11;29;Mississippi;M;Magenta;Summer;Next Day Air;Credit Card;Weekly
1190;64;Male;Shirt;Clothing;06/07/2030;28;97;Arkansas;XL;Teal;Summer;Free Shipping;Debit Card;Annually
1191;62;Male;Shirt;Clothing;08/07/2030;31;45;South Carolina;M;Orange;Winter;Next Day Air;Credit Card;Weekly
1192;34;Male;T-shirt;Clothing;10/07/2030;50;70;Indiana;L;Charcoal;Winter;Free Shipping;Venmo;Quarterly
1193;49;Male;Coat;Outerwear;12/07/2030;42;56;Florida;M;Turquoise;Summer;2-Day Shipping;Venmo;Quarterly
1194;40;Male;Jacket;Outerwear;14/07/2030;18;55;Alaska;L;Pink;Fall;2-Day Shipping;Credit Card;Fortnightly
1195;50;Male;Hoodie;Clothing;16/07/2030;6;46;New York;S;Teal;Winter;2-Day Shipping;Credit Card;Fortnightly
1196;25;Male;Scarf;Accessories;18/07/2030;33;95;Texas;M;White;Winter;2-Day Shipping;Venmo;Monthly
1197;30;Male;Belt;Accessories;20/07/2030;13;88;North Dakota;M;Maroon;Winter;2-Day Shipping;Bank Transfer;Bi-Weekly
1198;54;Male;Sneakers;Footwear;22/07/2030;26;92;Vermont;L;Violet;Fall;Standard;PayPal;Annually
1199;40;Male;Socks;Clothing;24/07/2030;17;49;New Jersey;M;Brown;Summer;2-Day Shipping;Cash;Annually
1200;49;Male;Sandals;Footwear;26/07/2030;3;89;Maryland;M;Indigo;Fall;Free Shipping;Debit Card;Weekly
1201;27;Male;Coat;Outerwear;28/07/2030;7;22;Connecticut;XL;Black;Winter;Store Pickup;PayPal;Weekly
1202;27;Male;Shoes;Footwear;30/07/2030;46;61;Illinois;XL;Black;Summer;2-Day Shipping;Venmo;Fortnightly
1203;48;Male;Scarf;Accessories;01/08/2030;14;29;Maryland;S;Olive;Spring;Standard;Venmo;Every 3 Months
1204;40;Male;Sneakers;Footwear;03/08/2030;23;82;Minnesota;M;Orange;Winter;Free Shipping;Bank Transfer;Annually
1205;67;Male;Belt;Accessories;05/08/2030;20;94;Florida;M;Pink;Spring;2-Day Shipping;Credit Card;Every 3 Months
1206;52;Male;Handbag;Accessories;07/08/2030;38;99;California;M;Olive;Spring;Standard;Bank Transfer;Fortnightly
1207;22;Male;Handbag;Accessories;09/08/2030;16;59;Mississippi;S;Cyan;Fall;Free Shipping;Venmo;Every 3 Months
1208;62;Male;Boots;Footwear;11/08/2030;48;90;Washington;M;White;Summer;Next Day Air;Credit Card;Every 3 Months
1209;20;Male;Boots;Footwear;13/08/2030;8;100;Wisconsin;S;Red;Winter;2-Day Shipping;Debit Card;Annually
1210;41;Male;Pants;Clothing;15/08/2030;16;62;Pennsylvania;M;Blue;Winter;Next Day Air;Bank Transfer;Monthly
1211;34;Male;Sunglasses;Accessories;17/08/2030;5;78;Missouri;M;Olive;Fall;Next Day Air;Cash;Quarterly
1212;23;Male;Hoodie;Clothing;19/08/2030;14;94;Oklahoma;M;Green;Spring;Store Pickup;Venmo;Every 3 Months
1213;32;Male;Shoes;Footwear;21/08/2030;18;74;Pennsylvania;M;Yellow;Summer;Free Shipping;Credit Card;Weekly
1214;68;Male;Handbag;Accessories;23/08/2030;14;52;Kentucky;XL;Black;Spring;Express;Debit Card;Every 3 Months
1215;30;Male;Jacket;Outerwear;25/08/2030;5;81;Vermont;M;Blue;Fall;Free Shipping;Cash;Every 3 Months
1216;66;Male;Blouse;Clothing;27/08/2030;15;20;Oregon;L;Pink;Winter;2-Day Shipping;Credit Card;Every 3 Months
1217;62;Male;Pants;Clothing;29/08/2030;3;32;Utah;XL;Lavender;Summer;Free Shipping;Venmo;Every 3 Months
1218;50;Male;Boots;Footwear;31/08/2030;12;63;Nebraska;XL;Cyan;Fall;Free Shipping;Cash;Every 3 Months
1219;55;Male;Boots;Footwear;02/09/2030;43;79;Pennsylvania;M;Cyan;Spring;Store Pickup;Cash;Every 3 Months
1220;19;Male;Sweater;Clothing;04/09/2030;35;23;Vermont;M;Gold;Winter;Next Day Air;Credit Card;Bi-Weekly
1221;67;Male;Gloves;Accessories;06/09/2030;36;64;Kentucky;M;Green;Winter;Express;Bank Transfer;Quarterly
1222;18;Male;Socks;Clothing;08/09/2030;3;69;Iowa;M;Red;Winter;Standard;Cash;Quarterly
1223;58;Male;Jeans;Clothing;10/09/2030;27;69;Indiana;L;Magenta;Fall;Store Pickup;Bank Transfer;Annually
1224;69;Male;Pants;Clothing;12/09/2030;21;24;Kansas;L;Red;Winter;Free Shipping;Bank Transfer;Weekly
1225;62;Male;Shorts;Clothing;14/09/2030;18;50;Illinois;M;Yellow;Summer;Store Pickup;Venmo;Weekly
1226;28;Male;Gloves;Accessories;16/09/2030;16;97;North Carolina;S;Turquoise;Fall;Free Shipping;Debit Card;Weekly
1227;53;Male;Sandals;Footwear;18/09/2030;18;91;Ohio;S;Cyan;Fall;Store Pickup;Venmo;Bi-Weekly
1228;27;Male;Blouse;Clothing;20/09/2030;19;37;Illinois;L;Yellow;Spring;Store Pickup;Bank Transfer;Bi-Weekly
1229;55;Male;Jacket;Outerwear;22/09/2030;1;55;Indiana;S;Yellow;Winter;Express;Cash;Annually
1230;34;Male;Jewelry;Accessories;24/09/2030;39;52;Kansas;XL;Maroon;Winter;Express;Bank Transfer;Annually
1231;25;Male;Hat;Accessories;26/09/2030;49;80;Illinois;L;Brown;Spring;Standard;Venmo;Monthly
1232;66;Male;Socks;Clothing;28/09/2030;43;79;Pennsylvania;M;Gold;Spring;2-Day Shipping;Credit Card;Fortnightly
1233;57;Male;Handbag;Accessories;30/09/2030;31;23;New York;M;Charcoal;Summer;Free Shipping;Debit Card;Every 3 Months
1234;46;Male;Pants;Clothing;02/10/2030;40;73;Utah;L;Beige;Winter;Next Day Air;Venmo;Every 3 Months
1235;38;Male;Gloves;Accessories;04/10/2030;2;99;New Jersey;M;Indigo;Fall;Store Pickup;Bank Transfer;Bi-Weekly
1236;23;Male;Sweater;Clothing;06/10/2030;46;22;Idaho;M;Red;Spring;Store Pickup;PayPal;Every 3 Months
1237;42;Male;Hat;Accessories;08/10/2030;35;68;New Mexico;M;White;Summer;Store Pickup;Debit Card;Every 3 Months
1238;25;Male;Dress;Clothing;10/10/2030;42;92;Michigan;S;Charcoal;Spring;2-Day Shipping;Credit Card;Quarterly
1239;55;Male;Pants;Clothing;12/10/2030;3;77;Wyoming;M;Violet;Winter;Express;Venmo;Fortnightly
1240;62;Male;Coat;Outerwear;14/10/2030;32;37;New Jersey;XL;Magenta;Spring;Standard;Debit Card;Every 3 Months
1241;41;Male;Scarf;Accessories;16/10/2030;48;79;New Jersey;L;White;Winter;Store Pickup;Debit Card;Annually
1242;58;Male;Hoodie;Clothing;18/10/2030;34;51;Hawaii;XL;Pink;Winter;Express;Credit Card;Weekly
1243;56;Male;Socks;Clothing;20/10/2030;15;27;Nevada;M;Lavender;Summer;Next Day Air;Bank Transfer;Quarterly
1244;25;Male;Blouse;Clothing;22/10/2030;22;23;New Hampshire;S;Pink;Spring;Store Pickup;Debit Card;Annually
1245;70;Male;Socks;Clothing;24/10/2030;2;76;Indiana;S;Silver;Summer;2-Day Shipping;Cash;Monthly
1246;42;Male;Dress;Clothing;26/10/2030;30;31;New York;M;Violet;Fall;Standard;Bank Transfer;Weekly
1247;27;Male;Hoodie;Clothing;28/10/2030;27;60;Louisiana;M;Charcoal;Winter;Standard;Cash;Monthly
1248;65;Male;T-shirt;Clothing;30/10/2030;18;99;Virginia;M;Charcoal;Spring;Express;Venmo;Bi-Weekly
1249;62;Male;Hat;Accessories;01/11/2030;8;37;Wisconsin;XL;Red;Winter;Free Shipping;Credit Card;Annually
1250;62;Male;Boots;Footwear;03/11/2030;48;50;Oregon;M;Peach;Winter;Express;Venmo;Fortnightly
1251;52;Male;Jeans;Clothing;05/11/2030;24;26;New Hampshire;XL;Purple;Winter;Free Shipping;Cash;Monthly
1252;56;Male;Shorts;Clothing;07/11/2030;43;86;Indiana;XL;Orange;Spring;Next Day Air;Credit Card;Monthly
1253;28;Male;Sandals;Footwear;09/11/2030;8;41;Massachusetts;L;Magenta;Fall;Standard;Cash;Quarterly
1254;39;Male;Sandals;Footwear;11/11/2030;49;23;Montana;XL;Red;Winter;Express;PayPal;Annually
1255;54;Male;Sneakers;Footwear;13/11/2030;2;56;California;XL;Black;Spring;2-Day Shipping;Credit Card;Bi-Weekly
1256;30;Male;Hat;Accessories;15/11/2030;38;68;Indiana;M;Peach;Fall;Standard;Cash;Fortnightly
1257;45;Male;Coat;Outerwear;17/11/2030;4;48;West Virginia;S;Olive;Winter;Express;Cash;Fortnightly
1258;68;Male;Dress;Clothing;19/11/2030;31;67;Minnesota;L;Gold;Spring;Free Shipping;Cash;Every 3 Months
1259;47;Male;Boots;Footwear;21/11/2030;34;87;Ohio;XL;Gold;Spring;2-Day Shipping;Debit Card;Every 3 Months
1260;68;Male;Skirt;Clothing;23/11/2030;45;64;Minnesota;M;Turquoise;Fall;Standard;Credit Card;Monthly
1261;63;Male;Shirt;Clothing;25/11/2030;30;93;Virginia;XL;Green;Spring;Store Pickup;Debit Card;Quarterly
1262;20;Male;Shirt;Clothing;27/11/2030;2;29;Connecticut;L;Maroon;Summer;Next Day Air;Credit Card;Fortnightly
1263;29;Male;Boots;Footwear;29/11/2030;44;62;Tennessee;L;Brown;Winter;Store Pickup;Venmo;Monthly
1264;41;Male;Hoodie;Clothing;01/12/2030;1;70;Delaware;L;Brown;Winter;2-Day Shipping;Credit Card;Bi-Weekly
1265;52;Male;Sweater;Clothing;03/12/2030;1;92;Vermont;S;Blue;Winter;Next Day Air;Venmo;Bi-Weekly
1266;32;Male;Shirt;Clothing;05/12/2030;27;79;Louisiana;M;Lavender;Spring;Next Day Air;Bank Transfer;Weekly
1267;20;Male;Blouse;Clothing;07/12/2030;14;31;North Dakota;M;Peach;Fall;Standard;Debit Card;Every 3 Months
1268;47;Male;T-shirt;Clothing;09/12/2030;41;83;Oregon;S;Gray;Spring;Standard;Cash;Weekly
1269;23;Male;Jacket;Outerwear;11/12/2030;25;88;Idaho;XL;Charcoal;Winter;Next Day Air;Debit Card;Bi-Weekly
1270;43;Male;Jewelry;Accessories;13/12/2030;47;53;Vermont;M;Lavender;Spring;Standard;PayPal;Quarterly
1271;67;Male;Hoodie;Clothing;15/12/2030;20;98;West Virginia;M;Green;Fall;Standard;Cash;Annually
1272;70;Male;Jewelry;Accessories;17/12/2030;42;57;Kentucky;S;Gray;Spring;Store Pickup;PayPal;Annually
1273;35;Male;Sandals;Footwear;19/12/2030;16;80;Wisconsin;M;Orange;Winter;Express;Bank Transfer;Monthly
1274;41;Male;Jeans;Clothing;21/12/2030;32;29;Mississippi;L;Silver;Spring;Next Day Air;Credit Card;Every 3 Months
1275;54;Male;Hat;Accessories;23/12/2030;37;73;Missouri;M;Olive;Spring;2-Day Shipping;PayPal;Quarterly
1276;55;Male;Sweater;Clothing;25/12/2030;1;32;Arkansas;S;Turquoise;Fall;Standard;PayPal;Monthly
1277;51;Male;Boots;Footwear;27/12/2030;37;68;Wyoming;L;Turquoise;Spring;Next Day Air;Bank Transfer;Weekly
1278;19;Male;Blouse;Clothing;29/12/2030;5;97;Rhode Island;L;Green;Spring;Express;Venmo;Quarterly
1279;28;Male;Shorts;Clothing;31/12/2030;31;98;Utah;M;Violet;Fall;Next Day Air;Venmo;Fortnightly
1280;63;Male;Hoodie;Clothing;02/01/2031;18;56;Maryland;L;Charcoal;Fall;Express;Debit Card;Annually
1281;30;Male;Pants;Clothing;04/01/2031;39;78;Georgia;L;White;Winter;2-Day Shipping;Venmo;Every 3 Months
1282;29;Male;Belt;Accessories;06/01/2031;8;81;New Jersey;M;Olive;Spring;Store Pickup;Venmo;Bi-Weekly
1283;24;Male;Shirt;Clothing;08/01/2031;20;68;New Hampshire;L;Violet;Winter;Free Shipping;Venmo;Monthly
1284;69;Male;Shirt;Clothing;10/01/2031;23;94;Oregon;M;Violet;Winter;2-Day Shipping;Debit Card;Every 3 Months
1285;65;Male;Dress;Clothing;12/01/2031;38;93;Arkansas;M;Black;Spring;Express;PayPal;Fortnightly
1286;64;Male;Gloves;Accessories;14/01/2031;45;99;North Carolina;M;Charcoal;Fall;Next Day Air;Bank Transfer;Fortnightly
1287;40;Male;Gloves;Accessories;16/01/2031;44;49;West Virginia;L;Yellow;Winter;Next Day Air;Debit Card;Fortnightly
1288;24;Male;Jeans;Clothing;18/01/2031;20;28;Utah;XL;Blue;Winter;Standard;PayPal;Monthly
1289;66;Male;Belt;Accessories;20/01/2031;34;93;South Dakota;XL;Charcoal;Winter;Standard;PayPal;Bi-Weekly
1290;35;Male;Jacket;Outerwear;22/01/2031;10;24;New Hampshire;M;Red;Fall;Next Day Air;PayPal;Weekly
1291;67;Male;Skirt;Clothing;24/01/2031;3;35;Maryland;M;Indigo;Spring;Free Shipping;PayPal;Annually
1292;69;Male;Sandals;Footwear;26/01/2031;23;68;South Dakota;S;Beige;Spring;2-Day Shipping;Debit Card;Fortnightly
1293;26;Male;Belt;Accessories;28/01/2031;42;61;Kentucky;M;Maroon;Summer;Free Shipping;Bank Transfer;Annually
1294;23;Male;Sweater;Clothing;30/01/2031;30;74;Florida;XL;Yellow;Fall;Standard;Debit Card;Annually
1295;27;Male;Shirt;Clothing;01/02/2031;21;64;Texas;M;Silver;Summer;Standard;Cash;Every 3 Months
1296;30;Male;Sneakers;Footwear;03/02/2031;50;60;New Mexico;M;Olive;Fall;Standard;PayPal;Weekly
1297;48;Male;Jeans;Clothing;05/02/2031;16;29;South Dakota;S;Teal;Spring;Express;Cash;Bi-Weekly
1298;44;Male;Sandals;Footwear;07/02/2031;32;85;New Jersey;M;Silver;Summer;Standard;Venmo;Annually
1299;29;Male;Pants;Clothing;09/02/2031;14;81;Indiana;S;Indigo;Summer;Free Shipping;Bank Transfer;Fortnightly
1300;29;Male;Belt;Accessories;11/02/2031;42;23;Louisiana;L;Teal;Fall;2-Day Shipping;Venmo;Bi-Weekly
1301;67;Male;T-shirt;Clothing;13/02/2031;47;100;West Virginia;M;Charcoal;Spring;Next Day Air;Credit Card;Every 3 Months
1302;42;Male;Shirt;Clothing;15/02/2031;21;54;Maine;M;Orange;Fall;Express;Debit Card;Weekly
1303;23;Male;Sneakers;Footwear;17/02/2031;37;25;Idaho;M;Gold;Fall;Next Day Air;Credit Card;Monthly
1304;34;Male;Blouse;Clothing;19/02/2031;10;32;New York;L;Silver;Summer;Next Day Air;Credit Card;Annually
1305;64;Male;Backpack;Accessories;21/02/2031;18;63;Montana;S;Orange;Spring;2-Day Shipping;PayPal;Every 3 Months
1306;31;Male;Pants;Clothing;23/02/2031;2;56;Mississippi;XL;Peach;Spring;Express;PayPal;Every 3 Months
1307;54;Male;Sweater;Clothing;25/02/2031;40;33;Alaska;L;Brown;Winter;Next Day Air;PayPal;Annually
1308;23;Male;Coat;Outerwear;27/02/2031;43;32;Missouri;L;Black;Summer;Express;PayPal;Annually
1309;59;Male;Dress;Clothing;01/03/2031;14;38;Rhode Island;L;Red;Summer;Next Day Air;Credit Card;Every 3 Months
1310;32;Male;Blouse;Clothing;03/03/2031;41;21;Hawaii;L;Lavender;Summer;Store Pickup;Cash;Quarterly
1311;43;Male;Hoodie;Clothing;05/03/2031;38;59;South Carolina;L;Brown;Winter;Store Pickup;Credit Card;Every 3 Months
1312;32;Male;Shoes;Footwear;07/03/2031;12;87;Tennessee;M;Maroon;Fall;Express;Venmo;Annually
1313;66;Male;T-shirt;Clothing;09/03/2031;19;79;Missouri;M;Violet;Winter;Store Pickup;Bank Transfer;Monthly
1314;70;Male;Shoes;Footwear;11/03/2031;23;28;Missouri;M;Lavender;Summer;Free Shipping;Credit Card;Bi-Weekly
1315;42;Male;Boots;Footwear;13/03/2031;49;67;Missouri;S;Magenta;Summer;Free Shipping;Debit Card;Annually
1316;56;Male;Shorts;Clothing;15/03/2031;29;75;Mississippi;L;Green;Spring;2-Day Shipping;Debit Card;Quarterly
1317;28;Male;Belt;Accessories;17/03/2031;14;32;Arkansas;S;Lavender;Spring;Standard;Debit Card;Bi-Weekly
1318;28;Male;Pants;Clothing;19/03/2031;19;43;Kentucky;M;Green;Spring;Free Shipping;Cash;Monthly
1319;52;Male;Shorts;Clothing;21/03/2031;19;93;Connecticut;M;Maroon;Spring;Express;Credit Card;Bi-Weekly
1320;65;Male;Sunglasses;Accessories;23/03/2031;48;24;Oklahoma;M;Magenta;Spring;Standard;Bank Transfer;Weekly
1321;56;Male;Hat;Accessories;25/03/2031;19;31;California;XL;Teal;Fall;Free Shipping;Debit Card;Annually
1322;59;Male;T-shirt;Clothing;27/03/2031;45;84;Missouri;L;Orange;Winter;Express;Bank Transfer;Every 3 Months
1323;23;Male;Pants;Clothing;29/03/2031;17;74;Washington;M;Violet;Winter;Next Day Air;Bank Transfer;Quarterly
1324;58;Male;Shorts;Clothing;31/03/2031;15;62;New York;M;Yellow;Spring;Standard;Debit Card;Every 3 Months
1325;39;Male;Jewelry;Accessories;02/04/2031;11;77;Indiana;S;Orange;Summer;Free Shipping;Credit Card;Fortnightly
1326;28;Male;Backpack;Accessories;04/04/2031;1;73;Oregon;L;Gold;Summer;Express;Cash;Monthly
1327;40;Male;Shoes;Footwear;06/04/2031;17;50;Texas;M;Indigo;Spring;Free Shipping;Cash;Monthly
1328;52;Male;Coat;Outerwear;08/04/2031;37;40;Florida;M;Turquoise;Winter;Standard;Cash;Weekly
1329;37;Male;Sweater;Clothing;10/04/2031;40;97;Rhode Island;M;Orange;Winter;Standard;Bank Transfer;Weekly
1330;70;Male;Gloves;Accessories;12/04/2031;50;63;Texas;M;Indigo;Fall;Express;PayPal;Every 3 Months
1331;30;Male;Handbag;Accessories;14/04/2031;20;65;Vermont;M;Charcoal;Fall;Standard;PayPal;Bi-Weekly
1332;38;Male;Socks;Clothing;16/04/2031;8;91;Maryland;M;Lavender;Spring;Standard;PayPal;Bi-Weekly
1333;66;Male;Hoodie;Clothing;18/04/2031;16;60;Alaska;S;Gold;Spring;Store Pickup;Bank Transfer;Quarterly
1334;29;Male;Pants;Clothing;20/04/2031;9;69;Idaho;M;Lavender;Winter;Next Day Air;Bank Transfer;Quarterly
1335;46;Male;Coat;Outerwear;22/04/2031;12;52;West Virginia;S;White;Spring;Store Pickup;Venmo;Monthly
1336;56;Male;Boots;Footwear;24/04/2031;26;49;Nevada;M;Lavender;Fall;2-Day Shipping;Credit Card;Weekly
1337;23;Male;Sneakers;Footwear;26/04/2031;44;85;Oregon;M;Charcoal;Spring;Store Pickup;Debit Card;Fortnightly
1338;37;Male;Sweater;Clothing;28/04/2031;19;86;Tennessee;L;Silver;Spring;Express;Credit Card;Bi-Weekly
1339;56;Male;Handbag;Accessories;30/04/2031;43;51;Alabama;S;Yellow;Winter;Standard;PayPal;Fortnightly
1340;36;Male;Belt;Accessories;02/05/2031;5;56;Indiana;L;Olive;Winter;Next Day Air;Bank Transfer;Every 3 Months
1341;40;Male;Belt;Accessories;04/05/2031;5;72;Idaho;M;Peach;Fall;Next Day Air;Debit Card;Every 3 Months
1342;26;Male;Hoodie;Clothing;06/05/2031;31;27;Rhode Island;XL;Yellow;Fall;Standard;Bank Transfer;Quarterly
1343;57;Male;Sunglasses;Accessories;08/05/2031;11;43;Arizona;XL;Yellow;Summer;2-Day Shipping;Bank Transfer;Monthly
1344;68;Male;Sneakers;Footwear;10/05/2031;34;56;Florida;M;Indigo;Spring;Standard;Bank Transfer;Monthly
1345;56;Male;T-shirt;Clothing;12/05/2031;14;37;New York;S;Violet;Fall;Next Day Air;Cash;Annually
1346;40;Male;Dress;Clothing;14/05/2031;42;21;Nebraska;M;White;Fall;Standard;Venmo;Weekly
1347;44;Male;Hoodie;Clothing;16/05/2031;15;91;Mississippi;L;White;Winter;Free Shipping;Venmo;Bi-Weekly
1348;44;Male;Sweater;Clothing;18/05/2031;47;95;Vermont;M;Cyan;Summer;2-Day Shipping;Bank Transfer;Monthly
1349;19;Male;Belt;Accessories;20/05/2031;23;54;Nebraska;XL;Purple;Spring;Standard;Credit Card;Fortnightly
1350;21;Male;Socks;Clothing;22/05/2031;23;36;South Carolina;XL;Black;Spring;Next Day Air;Cash;Bi-Weekly
1351;31;Male;Sunglasses;Accessories;24/05/2031;1;71;Delaware;M;Orange;Fall;Next Day Air;Cash;Every 3 Months
1352;30;Male;Coat;Outerwear;26/05/2031;28;31;Vermont;L;Maroon;Summer;2-Day Shipping;Bank Transfer;Quarterly
1353;65;Male;Hat;Accessories;28/05/2031;37;89;Indiana;XL;Orange;Spring;Next Day Air;Credit Card;Bi-Weekly
1354;39;Male;Pants;Clothing;30/05/2031;4;83;Oregon;M;Teal;Winter;Next Day Air;Cash;Every 3 Months
1355;64;Male;Backpack;Accessories;01/06/2031;21;42;Maryland;M;Gray;Spring;2-Day Shipping;Bank Transfer;Quarterly
1356;59;Male;Shorts;Clothing;03/06/2031;50;91;Florida;M;Blue;Summer;2-Day Shipping;PayPal;Bi-Weekly
1357;49;Male;Jacket;Outerwear;05/06/2031;34;61;Indiana;M;Cyan;Spring;Free Shipping;Bank Transfer;Annually
1358;24;Male;Backpack;Accessories;07/06/2031;20;66;Texas;S;Red;Summer;Next Day Air;Cash;Quarterly
1359;19;Male;Scarf;Accessories;09/06/2031;25;22;Nebraska;XL;Pink;Spring;Store Pickup;Venmo;Every 3 Months
1360;27;Male;Hoodie;Clothing;11/06/2031;26;68;North Carolina;S;Cyan;Winter;Store Pickup;Bank Transfer;Fortnightly
1361;56;Male;Skirt;Clothing;13/06/2031;4;43;Alabama;L;Black;Fall;Express;Bank Transfer;Annually
1362;49;Male;Dress;Clothing;15/06/2031;39;32;Alabama;M;Beige;Fall;Next Day Air;Debit Card;Monthly
1363;41;Male;Coat;Outerwear;17/06/2031;29;46;Colorado;M;Gray;Fall;Express;Cash;Weekly
1364;36;Male;Blouse;Clothing;19/06/2031;47;90;Wisconsin;L;Red;Summer;Express;PayPal;Quarterly
1365;68;Male;Hat;Accessories;21/06/2031;5;75;Delaware;L;Yellow;Fall;Express;Cash;Every 3 Months
1366;28;Male;Handbag;Accessories;23/06/2031;18;69;Indiana;M;Magenta;Winter;Store Pickup;Bank Transfer;Fortnightly
1367;45;Male;Belt;Accessories;25/06/2031;10;40;Iowa;M;Magenta;Fall;Free Shipping;Credit Card;Fortnightly
1368;60;Male;Belt;Accessories;27/06/2031;25;63;Iowa;S;Black;Fall;Express;Cash;Quarterly
1369;21;Male;Shirt;Clothing;29/06/2031;2;36;Wisconsin;L;Orange;Summer;Express;Cash;Weekly
1370;32;Male;Shoes;Footwear;01/07/2031;48;75;Iowa;M;Green;Winter;Standard;Venmo;Fortnightly
1371;27;Male;Scarf;Accessories;03/07/2031;41;67;Montana;L;Peach;Summer;2-Day Shipping;Bank Transfer;Every 3 Months
1372;40;Male;Pants;Clothing;05/07/2031;42;64;Mississippi;M;Charcoal;Spring;Store Pickup;Credit Card;Monthly
1373;64;Male;Blouse;Clothing;07/07/2031;44;61;Michigan;M;Gray;Fall;2-Day Shipping;PayPal;Bi-Weekly
1374;18;Male;Gloves;Accessories;09/07/2031;6;40;Virginia;L;Turquoise;Winter;Store Pickup;Cash;Quarterly
1375;22;Male;Handbag;Accessories;11/07/2031;5;97;New York;M;Red;Fall;Free Shipping;Bank Transfer;Quarterly
1376;42;Male;Sneakers;Footwear;13/07/2031;8;31;Maine;L;Brown;Spring;2-Day Shipping;Credit Card;Annually
1377;57;Male;Sandals;Footwear;15/07/2031;24;65;New Jersey;L;Pink;Spring;Free Shipping;PayPal;Annually
1378;33;Male;Sunglasses;Accessories;17/07/2031;42;54;Maryland;L;Olive;Spring;Next Day Air;Venmo;Monthly
1379;37;Male;Jacket;Outerwear;19/07/2031;24;49;Kentucky;XL;Lavender;Fall;Free Shipping;Venmo;Weekly
1380;21;Male;T-shirt;Clothing;21/07/2031;38;64;Minnesota;L;Purple;Fall;2-Day Shipping;Venmo;Bi-Weekly
1381;51;Male;Sneakers;Footwear;23/07/2031;41;35;Massachusetts;S;Beige;Winter;Standard;Cash;Fortnightly
1382;30;Male;Shoes;Footwear;25/07/2031;48;86;Illinois;L;Green;Winter;Standard;Venmo;Quarterly
1383;68;Male;Jacket;Outerwear;27/07/2031;16;55;Michigan;L;Brown;Winter;Express;Bank Transfer;Quarterly
1384;36;Male;Scarf;Accessories;29/07/2031;4;58;Wisconsin;M;Beige;Spring;Express;Venmo;Monthly
1385;46;Male;Sneakers;Footwear;31/07/2031;8;96;Alaska;M;Beige;Fall;Standard;Bank Transfer;Weekly
1386;41;Male;Jewelry;Accessories;02/08/2031;1;64;Mississippi;M;Indigo;Fall;Store Pickup;Bank Transfer;Bi-Weekly
1387;68;Male;Jacket;Outerwear;04/08/2031;4;56;Oregon;M;Silver;Fall;Next Day Air;Debit Card;Quarterly
1388;21;Male;Blouse;Clothing;06/08/2031;20;85;Maryland;M;Gold;Winter;Standard;Credit Card;Monthly
1389;62;Male;Dress;Clothing;08/08/2031;40;23;Arkansas;M;Lavender;Spring;Express;Cash;Quarterly
1390;59;Male;Scarf;Accessories;10/08/2031;8;72;Illinois;L;Orange;Fall;Store Pickup;Debit Card;Fortnightly
1391;25;Male;Hat;Accessories;12/08/2031;42;38;Arkansas;M;Maroon;Summer;Standard;Debit Card;Weekly
1392;53;Male;Blouse;Clothing;14/08/2031;38;29;Mississippi;S;White;Winter;Express;Credit Card;Annually
1393;31;Male;Gloves;Accessories;16/08/2031;34;46;Arkansas;M;Yellow;Spring;Express;Venmo;Every 3 Months
1394;46;Male;Gloves;Accessories;18/08/2031;14;58;Idaho;L;Yellow;Spring;Express;PayPal;Fortnightly
1395;26;Male;Coat;Outerwear;20/08/2031;39;43;Iowa;L;Magenta;Fall;Next Day Air;Cash;Weekly
1396;47;Male;Scarf;Accessories;22/08/2031;40;32;West Virginia;L;Turquoise;Spring;Next Day Air;PayPal;Bi-Weekly
1397;37;Male;Pants;Clothing;24/08/2031;49;30;Wisconsin;XL;Lavender;Winter;Next Day Air;Debit Card;Monthly
1398;55;Male;Sunglasses;Accessories;26/08/2031;33;67;Massachusetts;S;Magenta;Summer;Store Pickup;PayPal;Annually
1399;30;Male;Dress;Clothing;28/08/2031;25;45;Texas;M;Cyan;Summer;Free Shipping;Credit Card;Weekly
1400;19;Male;Hat;Accessories;30/08/2031;48;81;Nebraska;M;Olive;Winter;Store Pickup;Venmo;Annually
1401;36;Male;Backpack;Accessories;01/09/2031;22;23;Nevada;M;Red;Fall;Next Day Air;Credit Card;Every 3 Months
1402;23;Male;Sandals;Footwear;03/09/2031;1;59;Indiana;M;Blue;Fall;2-Day Shipping;PayPal;Weekly
1403;62;Male;Sunglasses;Accessories;05/09/2031;47;21;North Dakota;L;White;Summer;Express;PayPal;Monthly
1404;26;Male;Backpack;Accessories;07/09/2031;20;20;Georgia;M;Peach;Spring;Store Pickup;Credit Card;Bi-Weekly
1405;36;Male;Jewelry;Accessories;09/09/2031;10;28;New Mexico;M;Charcoal;Winter;Next Day Air;Debit Card;Weekly
1406;33;Male;Socks;Clothing;11/09/2031;39;100;New Hampshire;M;Peach;Winter;Store Pickup;Credit Card;Monthly
1407;32;Male;Shirt;Clothing;13/09/2031;15;46;Washington;L;Turquoise;Spring;Express;Debit Card;Monthly
1408;56;Male;Handbag;Accessories;15/09/2031;11;61;Nevada;XL;Charcoal;Spring;Express;Credit Card;Annually
1409;58;Male;Blouse;Clothing;17/09/2031;38;58;Maine;M;Yellow;Winter;Free Shipping;Venmo;Weekly
1410;34;Male;Backpack;Accessories;19/09/2031;41;50;Idaho;M;Blue;Spring;Standard;Cash;Fortnightly
1411;61;Male;Hat;Accessories;21/09/2031;18;93;Tennessee;M;Purple;Summer;Store Pickup;Debit Card;Annually
1412;48;Male;Skirt;Clothing;23/09/2031;13;24;Louisiana;L;Green;Summer;Store Pickup;Venmo;Quarterly
1413;25;Male;Shorts;Clothing;25/09/2031;43;100;Michigan;M;Charcoal;Summer;2-Day Shipping;Venmo;Annually
1414;51;Male;Blouse;Clothing;27/09/2031;12;79;New Hampshire;S;Indigo;Fall;Store Pickup;Bank Transfer;Quarterly
1415;29;Male;Socks;Clothing;29/09/2031;3;51;Minnesota;M;Black;Summer;Store Pickup;Credit Card;Bi-Weekly
1416;54;Male;Belt;Accessories;01/10/2031;12;90;Illinois;M;Blue;Winter;Free Shipping;Credit Card;Every 3 Months
1417;48;Male;Boots;Footwear;03/10/2031;46;56;Idaho;L;Silver;Summer;Free Shipping;Cash;Quarterly
1418;62;Male;Shorts;Clothing;05/10/2031;21;25;Montana;S;Brown;Spring;Standard;Debit Card;Fortnightly
1419;18;Male;Shirt;Clothing;07/10/2031;23;75;Alabama;M;Violet;Summer;2-Day Shipping;Venmo;Every 3 Months
1420;43;Male;Handbag;Accessories;09/10/2031;4;75;Montana;M;Orange;Summer;Free Shipping;Debit Card;Quarterly
1421;22;Male;Jeans;Clothing;11/10/2031;45;53;California;XL;Gray;Summer;Store Pickup;PayPal;Every 3 Months
1422;68;Male;Dress;Clothing;13/10/2031;24;100;Pennsylvania;S;Gold;Spring;Standard;Bank Transfer;Fortnightly
1423;44;Male;Dress;Clothing;15/10/2031;3;27;Texas;L;Charcoal;Fall;Free Shipping;PayPal;Bi-Weekly
1424;51;Male;Sandals;Footwear;17/10/2031;12;60;Michigan;S;Black;Fall;Free Shipping;Venmo;Every 3 Months
1425;66;Male;Jacket;Outerwear;19/10/2031;34;23;Connecticut;S;Indigo;Fall;Standard;Bank Transfer;Every 3 Months
1426;59;Male;Coat;Outerwear;21/10/2031;39;40;Wyoming;S;White;Winter;Next Day Air;Credit Card;Annually
1427;60;Male;Pants;Clothing;23/10/2031;35;38;Michigan;M;Yellow;Summer;Free Shipping;PayPal;Every 3 Months
1428;31;Male;Backpack;Accessories;25/10/2031;8;90;South Dakota;S;Orange;Summer;Store Pickup;Credit Card;Annually
1429;20;Male;Blouse;Clothing;27/10/2031;42;97;North Dakota;S;Green;Summer;Express;PayPal;Quarterly
1430;24;Male;Skirt;Clothing;29/10/2031;6;38;Maryland;L;Gold;Fall;Standard;Credit Card;Every 3 Months
1431;48;Male;Sandals;Footwear;31/10/2031;3;30;Michigan;S;Orange;Summer;Free Shipping;Credit Card;Fortnightly
1432;39;Male;Pants;Clothing;02/11/2031;29;88;South Dakota;M;Cyan;Fall;Express;Venmo;Quarterly
1433;34;Male;Hat;Accessories;04/11/2031;32;33;Florida;L;Black;Winter;Express;Debit Card;Quarterly
1434;70;Male;Hoodie;Clothing;06/11/2031;45;60;Minnesota;L;Yellow;Winter;Next Day Air;Debit Card;Weekly
1435;59;Male;Sweater;Clothing;08/11/2031;21;64;New York;L;Maroon;Summer;Free Shipping;Debit Card;Bi-Weekly
1436;45;Male;Scarf;Accessories;10/11/2031;41;95;Oregon;XL;Black;Fall;Standard;Cash;Weekly
1437;35;Male;Sneakers;Footwear;12/11/2031;23;83;Minnesota;M;Gray;Winter;Free Shipping;PayPal;Fortnightly
1438;69;Male;Boots;Footwear;14/11/2031;14;97;Montana;XL;Orange;Winter;Free Shipping;Cash;Annually
1439;58;Male;Coat;Outerwear;16/11/2031;24;38;Washington;M;Cyan;Spring;Standard;Debit Card;Monthly
1440;25;Male;Boots;Footwear;18/11/2031;25;48;New Mexico;M;Magenta;Summer;Next Day Air;Cash;Fortnightly
1441;27;Male;Sandals;Footwear;20/11/2031;13;76;Arizona;M;Pink;Spring;Standard;Venmo;Monthly
1442;34;Male;Pants;Clothing;22/11/2031;3;25;Nebraska;S;Turquoise;Summer;Free Shipping;Venmo;Every 3 Months
1443;53;Male;Hoodie;Clothing;24/11/2031;42;92;Idaho;S;Violet;Spring;2-Day Shipping;Credit Card;Annually
1444;58;Male;Sandals;Footwear;26/11/2031;2;47;Idaho;L;Teal;Fall;Next Day Air;Cash;Monthly
1445;32;Male;Sweater;Clothing;28/11/2031;26;36;Vermont;L;Pink;Fall;Express;Cash;Quarterly
1446;64;Male;Belt;Accessories;30/11/2031;24;51;Arkansas;M;Gold;Fall;2-Day Shipping;Credit Card;Annually
1447;63;Male;Jeans;Clothing;02/12/2031;6;35;Wyoming;XL;Red;Summer;Express;Credit Card;Quarterly
1448;23;Male;Hoodie;Clothing;04/12/2031;25;57;New Mexico;S;Beige;Summer;Next Day Air;PayPal;Monthly
1449;64;Male;Boots;Footwear;06/12/2031;11;95;West Virginia;M;Black;Summer;Free Shipping;Credit Card;Every 3 Months
1450;18;Male;Socks;Clothing;08/12/2031;20;41;New York;L;Lavender;Winter;Store Pickup;Cash;Every 3 Months
1451;25;Male;Dress;Clothing;10/12/2031;25;44;Illinois;S;Teal;Winter;Free Shipping;Cash;Quarterly
1452;54;Male;Jacket;Outerwear;12/12/2031;35;34;Utah;M;Maroon;Fall;Next Day Air;PayPal;Quarterly
1453;60;Male;Jacket;Outerwear;14/12/2031;11;25;Colorado;L;Blue;Spring;2-Day Shipping;Bank Transfer;Quarterly
1454;36;Male;Boots;Footwear;16/12/2031;41;93;Virginia;S;Teal;Winter;2-Day Shipping;Bank Transfer;Fortnightly
1455;66;Male;Sneakers;Footwear;18/12/2031;17;50;Georgia;L;Maroon;Winter;Free Shipping;Credit Card;Annually
1456;60;Male;Pants;Clothing;20/12/2031;1;79;Alabama;L;Silver;Fall;Express;PayPal;Every 3 Months
1457;59;Male;Coat;Outerwear;22/12/2031;30;100;Montana;S;Olive;Spring;Store Pickup;PayPal;Every 3 Months
1458;58;Male;Shirt;Clothing;24/12/2031;47;57;Pennsylvania;S;Gray;Spring;Express;Venmo;Fortnightly
1459;35;Male;Sweater;Clothing;26/12/2031;34;28;Missouri;M;Peach;Spring;2-Day Shipping;Venmo;Weekly
1460;20;Male;Shoes;Footwear;28/12/2031;18;35;Maine;L;Yellow;Winter;Express;Venmo;Fortnightly
1461;70;Male;Boots;Footwear;30/12/2031;33;85;Pennsylvania;L;Violet;Fall;Standard;Venmo;Bi-Weekly
1462;54;Male;Sunglasses;Accessories;01/01/2032;42;95;Oregon;S;Red;Summer;2-Day Shipping;Venmo;Quarterly
1463;38;Male;Sneakers;Footwear;03/01/2032;2;90;Utah;S;Charcoal;Summer;2-Day Shipping;Venmo;Quarterly
1464;54;Male;Jewelry;Accessories;05/01/2032;1;49;Oklahoma;M;Beige;Summer;Store Pickup;Bank Transfer;Monthly
1465;33;Male;Belt;Accessories;07/01/2032;23;92;Montana;M;Peach;Winter;2-Day Shipping;Bank Transfer;Quarterly
1466;46;Male;Gloves;Accessories;09/01/2032;42;72;Nebraska;XL;Violet;Winter;Store Pickup;Cash;Bi-Weekly
1467;58;Male;Shorts;Clothing;11/01/2032;3;71;Alabama;M;Green;Summer;Store Pickup;PayPal;Annually
1468;30;Male;Jewelry;Accessories;13/01/2032;16;27;Ohio;XL;Olive;Winter;Store Pickup;Debit Card;Fortnightly
1469;42;Male;Gloves;Accessories;15/01/2032;46;39;Arkansas;S;Silver;Fall;Express;Cash;Fortnightly
1470;28;Male;Jewelry;Accessories;17/01/2032;31;98;Mississippi;M;Purple;Winter;Standard;PayPal;Every 3 Months
1471;43;Male;Sandals;Footwear;19/01/2032;15;27;California;M;Silver;Spring;Next Day Air;Cash;Every 3 Months
1472;31;Male;Jewelry;Accessories;21/01/2032;48;71;Alaska;S;Gray;Spring;2-Day Shipping;Venmo;Every 3 Months
1473;39;Male;Hat;Accessories;23/01/2032;11;24;Indiana;L;Turquoise;Spring;Store Pickup;Cash;Weekly
1474;69;Male;Shorts;Clothing;25/01/2032;20;63;Wisconsin;M;Violet;Fall;Express;Credit Card;Every 3 Months
1475;31;Male;Sweater;Clothing;27/01/2032;6;72;New Jersey;S;Pink;Fall;Next Day Air;Credit Card;Monthly
1476;44;Male;Blouse;Clothing;29/01/2032;24;61;Rhode Island;M;Teal;Spring;Express;Cash;Monthly
1477;39;Male;Hat;Accessories;31/01/2032;18;56;Wyoming;M;Magenta;Fall;Next Day Air;Credit Card;Monthly
1478;24;Male;Belt;Accessories;02/02/2032;1;32;Oregon;XL;Silver;Summer;Standard;PayPal;Every 3 Months
1479;28;Male;Gloves;Accessories;04/02/2032;13;23;Washington;M;Blue;Summer;Free Shipping;Venmo;Bi-Weekly
1480;48;Male;Coat;Outerwear;06/02/2032;2;100;Washington;L;Black;Spring;Standard;Bank Transfer;Weekly
1481;39;Male;Jewelry;Accessories;08/02/2032;26;74;New Hampshire;M;Gold;Fall;Express;Cash;Quarterly
1482;64;Male;Skirt;Clothing;10/02/2032;31;33;Maryland;S;Gray;Spring;Standard;PayPal;Quarterly
1483;28;Male;Gloves;Accessories;12/02/2032;43;67;Wisconsin;S;Magenta;Spring;2-Day Shipping;Bank Transfer;Weekly
1484;39;Male;Jewelry;Accessories;14/02/2032;12;61;Massachusetts;S;Yellow;Summer;Next Day Air;Debit Card;Bi-Weekly
1485;49;Male;Shorts;Clothing;16/02/2032;22;46;Nebraska;M;Teal;Summer;Store Pickup;Venmo;Every 3 Months
1486;22;Male;Gloves;Accessories;18/02/2032;3;56;Nebraska;L;Red;Spring;Standard;Cash;Fortnightly
1487;25;Male;Sneakers;Footwear;20/02/2032;23;73;Idaho;S;Yellow;Spring;Free Shipping;Venmo;Every 3 Months
1488;40;Male;Skirt;Clothing;22/02/2032;26;44;Arizona;L;Black;Summer;Store Pickup;PayPal;Annually
1489;23;Male;Hat;Accessories;24/02/2032;37;44;Hawaii;L;Pink;Winter;Standard;Credit Card;Weekly
1490;24;Male;Jewelry;Accessories;26/02/2032;42;26;Missouri;XL;Magenta;Summer;Next Day Air;Venmo;Quarterly
1491;66;Male;Sneakers;Footwear;28/02/2032;15;52;Louisiana;L;Olive;Spring;Express;Venmo;Bi-Weekly
1492;27;Male;Shirt;Clothing;01/03/2032;10;54;Arkansas;S;Black;Summer;Free Shipping;Bank Transfer;Quarterly
1493;62;Male;Jacket;Outerwear;03/03/2032;3;38;North Carolina;M;Maroon;Summer;Free Shipping;Venmo;Quarterly
1494;70;Male;Belt;Accessories;05/03/2032;44;44;North Dakota;S;Gold;Fall;Standard;Credit Card;Quarterly
1495;43;Male;T-shirt;Clothing;07/03/2032;23;76;Montana;M;Gray;Spring;Next Day Air;Bank Transfer;Fortnightly
1496;45;Male;Jewelry;Accessories;09/03/2032;6;23;Rhode Island;M;Brown;Winter;Next Day Air;PayPal;Weekly
1497;63;Male;T-shirt;Clothing;11/03/2032;9;98;Idaho;M;Purple;Winter;Standard;Venmo;Bi-Weekly
1498;69;Male;Jacket;Outerwear;13/03/2032;16;33;Michigan;S;Magenta;Spring;2-Day Shipping;Debit Card;Every 3 Months
1499;59;Male;Sweater;Clothing;15/03/2032;46;32;Illinois;M;Teal;Summer;Standard;Venmo;Fortnightly
1500;19;Male;Boots;Footwear;17/03/2032;24;85;Georgia;S;Olive;Fall;Free Shipping;Credit Card;Every 3 Months
1501;63;Male;Jeans;Clothing;19/03/2032;22;69;Alabama;L;Maroon;Summer;Next Day Air;Debit Card;Monthly
1502;37;Male;Jeans;Clothing;21/03/2032;13;55;Alaska;XL;Silver;Spring;Standard;Debit Card;Every 3 Months
1503;37;Male;Pants;Clothing;23/03/2032;20;66;Massachusetts;M;Black;Summer;Store Pickup;Cash;Fortnightly
1504;50;Male;Jacket;Outerwear;25/03/2032;46;30;Michigan;M;Maroon;Fall;2-Day Shipping;Cash;Quarterly
1505;60;Male;Jacket;Outerwear;27/03/2032;10;80;Alaska;M;Teal;Winter;Next Day Air;Bank Transfer;Monthly
1506;46;Male;Belt;Accessories;29/03/2032;39;20;North Dakota;M;Teal;Summer;Express;Cash;Monthly
1507;35;Male;Shirt;Clothing;31/03/2032;44;30;South Carolina;L;Beige;Fall;2-Day Shipping;PayPal;Quarterly
1508;66;Male;Dress;Clothing;02/04/2032;7;86;Pennsylvania;S;Maroon;Winter;2-Day Shipping;Venmo;Annually
1509;35;Male;Blouse;Clothing;04/04/2032;3;84;Colorado;L;Beige;Spring;Store Pickup;Cash;Every 3 Months
1510;20;Male;Dress;Clothing;06/04/2032;44;54;New Hampshire;XL;White;Summer;Free Shipping;Debit Card;Annually
1511;55;Male;Blouse;Clothing;08/04/2032;31;30;Maryland;XL;Gray;Fall;Free Shipping;Venmo;Annually
1512;34;Male;Dress;Clothing;10/04/2032;48;91;Georgia;M;Violet;Winter;Express;Credit Card;Weekly
1513;60;Male;Sneakers;Footwear;12/04/2032;18;23;Wisconsin;L;Silver;Winter;Standard;PayPal;Bi-Weekly
1514;22;Male;Socks;Clothing;14/04/2032;27;35;Texas;M;Red;Spring;Free Shipping;Cash;Monthly
1515;26;Male;Shoes;Footwear;16/04/2032;1;90;Utah;L;Brown;Winter;2-Day Shipping;Venmo;Weekly
1516;39;Male;Jeans;Clothing;18/04/2032;34;93;Indiana;S;Turquoise;Fall;2-Day Shipping;Cash;Weekly
1517;20;Male;Jeans;Clothing;20/04/2032;5;68;Nevada;L;Indigo;Winter;Express;Bank Transfer;Bi-Weekly
1518;57;Male;Gloves;Accessories;22/04/2032;12;41;New Hampshire;M;Violet;Spring;Standard;Cash;Quarterly
1519;68;Male;Belt;Accessories;24/04/2032;14;73;New York;M;Yellow;Winter;Next Day Air;Venmo;Fortnightly
1520;50;Male;Sunglasses;Accessories;26/04/2032;40;73;Texas;L;Cyan;Fall;Next Day Air;PayPal;Weekly
1521;21;Male;Hat;Accessories;28/04/2032;39;66;Iowa;M;Brown;Summer;2-Day Shipping;Cash;Quarterly
1522;29;Male;Backpack;Accessories;30/04/2032;50;59;Washington;M;White;Summer;2-Day Shipping;Bank Transfer;Weekly
1523;38;Male;Shorts;Clothing;02/05/2032;5;72;Tennessee;L;Yellow;Spring;Free Shipping;Debit Card;Monthly
1524;54;Male;Socks;Clothing;04/05/2032;35;88;Georgia;M;White;Summer;2-Day Shipping;Debit Card;Annually
1525;22;Male;Socks;Clothing;06/05/2032;6;76;Massachusetts;L;Pink;Summer;Free Shipping;Cash;Bi-Weekly
1526;29;Male;Belt;Accessories;08/05/2032;22;31;Oregon;M;Indigo;Winter;2-Day Shipping;Cash;Fortnightly
1527;41;Male;Jacket;Outerwear;10/05/2032;27;22;Oklahoma;L;White;Summer;Next Day Air;PayPal;Monthly
1528;26;Male;Hat;Accessories;12/05/2032;33;75;Wisconsin;L;Red;Fall;2-Day Shipping;Debit Card;Fortnightly
1529;69;Male;T-shirt;Clothing;14/05/2032;47;75;Oregon;S;Red;Spring;Store Pickup;Venmo;Bi-Weekly
1530;20;Male;Backpack;Accessories;16/05/2032;48;63;Georgia;M;Lavender;Winter;Free Shipping;Credit Card;Bi-Weekly
1531;59;Male;Coat;Outerwear;18/05/2032;22;21;New Mexico;M;Teal;Spring;Next Day Air;Bank Transfer;Quarterly
1532;63;Male;Backpack;Accessories;20/05/2032;8;83;Mississippi;S;Violet;Spring;Next Day Air;PayPal;Bi-Weekly
1533;68;Male;Jacket;Outerwear;22/05/2032;5;46;Wisconsin;S;Silver;Winter;Next Day Air;PayPal;Every 3 Months
1534;50;Male;Shoes;Footwear;24/05/2032;16;59;New Hampshire;M;Gold;Summer;2-Day Shipping;Bank Transfer;Quarterly
1535;55;Male;Blouse;Clothing;26/05/2032;26;66;Wyoming;M;Green;Summer;Free Shipping;Venmo;Fortnightly
1536;36;Male;Sandals;Footwear;28/05/2032;8;74;West Virginia;S;Turquoise;Fall;2-Day Shipping;Venmo;Monthly
1537;18;Male;Sunglasses;Accessories;30/05/2032;17;82;Michigan;M;Indigo;Summer;Store Pickup;Cash;Quarterly
1538;68;Male;Shoes;Footwear;01/06/2032;50;89;Alaska;L;Black;Spring;Next Day Air;Venmo;Annually
1539;56;Male;Dress;Clothing;03/06/2032;22;65;Illinois;L;Charcoal;Fall;Standard;Venmo;Bi-Weekly
1540;32;Male;Belt;Accessories;05/06/2032;19;55;Hawaii;M;Turquoise;Spring;2-Day Shipping;Cash;Every 3 Months
1541;28;Male;Shorts;Clothing;07/06/2032;14;95;Colorado;M;Red;Winter;Next Day Air;Bank Transfer;Monthly
1542;24;Male;Handbag;Accessories;09/06/2032;35;77;Illinois;S;Indigo;Winter;Store Pickup;Cash;Bi-Weekly
1543;59;Male;Blouse;Clothing;11/06/2032;43;44;Hawaii;M;Maroon;Winter;Next Day Air;PayPal;Weekly
1544;56;Male;Jeans;Clothing;13/06/2032;24;89;Wisconsin;M;Indigo;Fall;Standard;Venmo;Annually
1545;30;Male;Jewelry;Accessories;15/06/2032;17;24;Arkansas;M;Maroon;Spring;Standard;Debit Card;Bi-Weekly
1546;48;Male;Belt;Accessories;17/06/2032;49;43;Delaware;M;Black;Winter;Store Pickup;Bank Transfer;Annually
1547;60;Male;Sneakers;Footwear;19/06/2032;17;51;Oregon;XL;Purple;Summer;Express;Bank Transfer;Annually
1548;46;Male;Hat;Accessories;21/06/2032;40;46;South Carolina;L;Teal;Summer;Standard;Cash;Quarterly
1549;69;Male;Dress;Clothing;23/06/2032;43;32;Maryland;M;Silver;Summer;Store Pickup;Bank Transfer;Weekly
1550;19;Male;Sneakers;Footwear;25/06/2032;19;55;Kansas;M;Black;Spring;2-Day Shipping;Debit Card;Every 3 Months
1551;66;Male;Sunglasses;Accessories;27/06/2032;40;26;Arkansas;S;Black;Summer;Free Shipping;Bank Transfer;Quarterly
1552;64;Male;Handbag;Accessories;29/06/2032;13;29;Minnesota;M;Olive;Summer;2-Day Shipping;Credit Card;Monthly
1553;54;Male;Blouse;Clothing;01/07/2032;20;49;New Mexico;L;Purple;Spring;Express;Credit Card;Monthly
1554;27;Male;Blouse;Clothing;03/07/2032;21;45;Delaware;M;Indigo;Spring;Free Shipping;Debit Card;Quarterly
1555;64;Male;Shorts;Clothing;05/07/2032;18;48;Utah;S;Lavender;Winter;Standard;Cash;Bi-Weekly
1556;43;Male;Shorts;Clothing;07/07/2032;44;47;Ohio;S;Cyan;Winter;Free Shipping;Cash;Quarterly
1557;43;Male;Hoodie;Clothing;09/07/2032;26;57;Alabama;M;Gold;Fall;Standard;Credit Card;Quarterly
1558;27;Male;Backpack;Accessories;11/07/2032;34;34;South Dakota;L;Magenta;Fall;Next Day Air;PayPal;Quarterly
1559;35;Male;Sunglasses;Accessories;13/07/2032;24;75;New Mexico;XL;Teal;Fall;Express;Credit Card;Every 3 Months
1560;43;Male;Scarf;Accessories;15/07/2032;23;94;Oregon;L;Beige;Fall;Store Pickup;PayPal;Fortnightly
1561;57;Male;Hat;Accessories;17/07/2032;3;84;Oregon;M;Teal;Winter;Free Shipping;Debit Card;Weekly
1562;50;Male;Scarf;Accessories;19/07/2032;2;38;Mississippi;M;Indigo;Summer;Standard;Bank Transfer;Quarterly
1563;37;Male;Scarf;Accessories;21/07/2032;23;75;Alabama;M;Purple;Winter;Next Day Air;Venmo;Bi-Weekly
1564;68;Male;Pants;Clothing;23/07/2032;8;44;Kansas;M;Teal;Fall;Next Day Air;Cash;Weekly
1565;22;Male;Backpack;Accessories;25/07/2032;30;33;California;XL;Turquoise;Summer;Next Day Air;Debit Card;Every 3 Months
1566;58;Male;Sunglasses;Accessories;27/07/2032;48;93;Idaho;L;Peach;Fall;Free Shipping;PayPal;Annually
1567;48;Male;Sneakers;Footwear;29/07/2032;21;99;Wyoming;S;Green;Winter;Free Shipping;Cash;Bi-Weekly
1568;30;Male;Backpack;Accessories;31/07/2032;9;33;Minnesota;M;Turquoise;Spring;Standard;Cash;Monthly
1569;51;Male;Sneakers;Footwear;02/08/2032;8;76;Washington;L;Yellow;Spring;Store Pickup;Debit Card;Monthly
1570;20;Male;Skirt;Clothing;04/08/2032;29;63;Hawaii;M;Orange;Summer;Standard;Debit Card;Weekly
1571;30;Male;Pants;Clothing;06/08/2032;3;41;Missouri;L;Brown;Winter;Next Day Air;Bank Transfer;Every 3 Months
1572;28;Male;Jewelry;Accessories;08/08/2032;11;88;Colorado;L;Silver;Winter;Next Day Air;Bank Transfer;Fortnightly
1573;37;Male;Skirt;Clothing;10/08/2032;16;92;Washington;L;White;Summer;2-Day Shipping;Debit Card;Monthly
1574;36;Male;T-shirt;Clothing;12/08/2032;25;31;North Dakota;L;Indigo;Summer;2-Day Shipping;Debit Card;Weekly
1575;18;Male;Skirt;Clothing;14/08/2032;32;25;Minnesota;S;Magenta;Spring;Free Shipping;PayPal;Bi-Weekly
1576;52;Male;Shirt;Clothing;16/08/2032;28;28;California;M;Turquoise;Spring;Next Day Air;Cash;Fortnightly
1577;56;Male;Dress;Clothing;18/08/2032;36;75;Michigan;M;White;Spring;2-Day Shipping;PayPal;Monthly
1578;68;Male;Boots;Footwear;20/08/2032;7;34;Delaware;S;Olive;Spring;Standard;Venmo;Fortnightly
1579;62;Male;Pants;Clothing;22/08/2032;2;97;California;S;Maroon;Winter;2-Day Shipping;PayPal;Quarterly
1580;35;Male;Jacket;Outerwear;24/08/2032;6;80;Oklahoma;M;Violet;Summer;Free Shipping;Bank Transfer;Monthly
1581;65;Male;Sneakers;Footwear;26/08/2032;30;71;North Dakota;L;Cyan;Summer;Standard;Cash;Annually
1582;69;Male;Jewelry;Accessories;28/08/2032;46;77;Ohio;L;Teal;Fall;Free Shipping;Cash;Quarterly
1583;28;Male;Belt;Accessories;30/08/2032;39;41;Hawaii;L;Red;Spring;Next Day Air;Cash;Monthly
1584;37;Male;Scarf;Accessories;01/09/2032;8;92;Maryland;XL;Yellow;Summer;Next Day Air;Venmo;Annually
1585;41;Male;Blouse;Clothing;03/09/2032;46;95;Hawaii;S;Silver;Spring;Store Pickup;Credit Card;Quarterly
1586;37;Male;Sweater;Clothing;05/09/2032;40;25;Alabama;M;Charcoal;Fall;Next Day Air;Debit Card;Fortnightly
1587;25;Male;Boots;Footwear;07/09/2032;21;77;Oklahoma;M;Purple;Fall;Express;Bank Transfer;Weekly
1588;41;Male;Socks;Clothing;09/09/2032;33;99;Alabama;M;Beige;Summer;Free Shipping;Credit Card;Fortnightly
1589;48;Male;Belt;Accessories;11/09/2032;3;24;Vermont;L;Cyan;Winter;Next Day Air;Venmo;Monthly
1590;42;Male;Sneakers;Footwear;13/09/2032;48;72;Ohio;M;Silver;Summer;Store Pickup;Cash;Weekly
1591;54;Male;Jeans;Clothing;15/09/2032;8;80;Wisconsin;S;Pink;Winter;Free Shipping;PayPal;Annually
1592;18;Male;Skirt;Clothing;17/09/2032;24;100;South Dakota;L;Gold;Winter;Next Day Air;PayPal;Annually
1593;56;Male;Shoes;Footwear;19/09/2032;10;83;Iowa;M;Cyan;Summer;Free Shipping;Bank Transfer;Every 3 Months
1594;61;Male;Dress;Clothing;21/09/2032;25;95;Maryland;M;Black;Spring;2-Day Shipping;Bank Transfer;Monthly
1595;40;Male;Handbag;Accessories;23/09/2032;3;41;Colorado;XL;Charcoal;Summer;Store Pickup;Cash;Fortnightly
1596;34;Male;Backpack;Accessories;25/09/2032;45;35;Wisconsin;S;Magenta;Spring;Standard;Debit Card;Fortnightly
1597;42;Male;Jewelry;Accessories;27/09/2032;15;30;Mississippi;S;Pink;Fall;Store Pickup;Debit Card;Monthly
1598;43;Male;Hat;Accessories;29/09/2032;34;21;Mississippi;XL;Maroon;Winter;Store Pickup;Bank Transfer;Quarterly
1599;47;Male;Jewelry;Accessories;01/10/2032;21;85;California;M;Teal;Fall;Express;Venmo;Bi-Weekly
1600;48;Male;Shirt;Clothing;03/10/2032;22;54;Delaware;M;Orange;Winter;2-Day Shipping;Debit Card;Bi-Weekly
1601;20;Male;Boots;Footwear;05/10/2032;24;26;Montana;S;Yellow;Spring;Next Day Air;PayPal;Weekly
1602;65;Male;Shirt;Clothing;07/10/2032;33;59;Indiana;XL;Red;Spring;Store Pickup;Credit Card;Monthly
1603;54;Male;Sunglasses;Accessories;09/10/2032;13;48;West Virginia;S;Charcoal;Winter;Free Shipping;Venmo;Fortnightly
1604;23;Male;Shorts;Clothing;11/10/2032;17;98;Iowa;L;Black;Summer;Next Day Air;Debit Card;Bi-Weekly
1605;18;Male;Sweater;Clothing;13/10/2032;25;92;Maine;M;White;Summer;2-Day Shipping;Credit Card;Every 3 Months
1606;70;Male;Belt;Accessories;15/10/2032;15;46;Connecticut;M;Lavender;Winter;Next Day Air;Credit Card;Bi-Weekly
1607;55;Male;T-shirt;Clothing;17/10/2032;4;21;Kansas;S;White;Spring;Standard;PayPal;Fortnightly
1608;49;Male;Shorts;Clothing;19/10/2032;43;72;Vermont;S;Gray;Fall;Free Shipping;Debit Card;Quarterly
1609;26;Male;Sandals;Footwear;21/10/2032;12;58;Nebraska;XL;Cyan;Fall;Next Day Air;Bank Transfer;Bi-Weekly
1610;33;Male;Shirt;Clothing;23/10/2032;3;93;Nevada;S;Brown;Fall;Standard;Venmo;Monthly
1611;20;Male;Socks;Clothing;25/10/2032;1;31;Tennessee;L;Purple;Spring;2-Day Shipping;PayPal;Annually
1612;41;Male;Pants;Clothing;27/10/2032;6;26;Arkansas;L;Yellow;Winter;Next Day Air;Debit Card;Monthly
1613;18;Male;Skirt;Clothing;29/10/2032;26;68;Wisconsin;M;Indigo;Summer;Standard;Venmo;Monthly
1614;26;Male;Jewelry;Accessories;31/10/2032;6;31;Illinois;S;Black;Summer;Next Day Air;Credit Card;Fortnightly
1615;30;Male;T-shirt;Clothing;02/11/2032;22;41;Kansas;S;Gray;Summer;Free Shipping;Cash;Bi-Weekly
1616;64;Male;Jewelry;Accessories;04/11/2032;45;62;New York;M;Indigo;Fall;Standard;Cash;Bi-Weekly
1617;26;Male;Hat;Accessories;06/11/2032;50;41;Colorado;M;Green;Spring;Standard;Cash;Quarterly
1618;43;Male;Blouse;Clothing;08/11/2032;50;64;Wisconsin;M;Peach;Winter;Standard;Credit Card;Fortnightly
1619;63;Male;Sandals;Footwear;10/11/2032;39;72;Michigan;L;Purple;Summer;Standard;Debit Card;Quarterly
1620;57;Male;Handbag;Accessories;12/11/2032;50;78;Hawaii;L;Beige;Winter;Store Pickup;Venmo;Bi-Weekly
1621;25;Male;Hat;Accessories;14/11/2032;27;47;Virginia;M;Charcoal;Winter;2-Day Shipping;PayPal;Every 3 Months
1622;68;Male;Scarf;Accessories;16/11/2032;38;46;Ohio;L;Gray;Summer;2-Day Shipping;Debit Card;Fortnightly
1623;31;Male;Shorts;Clothing;18/11/2032;37;43;Missouri;S;Brown;Winter;Store Pickup;Bank Transfer;Every 3 Months
1624;64;Male;Backpack;Accessories;20/11/2032;50;58;Indiana;M;Cyan;Summer;Next Day Air;Debit Card;Annually
1625;38;Male;Sweater;Clothing;22/11/2032;40;32;Florida;M;White;Winter;Free Shipping;PayPal;Every 3 Months
1626;34;Male;Skirt;Clothing;24/11/2032;3;45;Minnesota;L;Beige;Winter;Next Day Air;PayPal;Bi-Weekly
1627;32;Male;Sneakers;Footwear;26/11/2032;45;35;Nevada;L;Orange;Summer;Next Day Air;Credit Card;Bi-Weekly
1628;69;Male;Sunglasses;Accessories;28/11/2032;8;21;Maine;M;Olive;Winter;Next Day Air;Credit Card;Annually
1629;45;Male;Dress;Clothing;30/11/2032;7;64;Massachusetts;S;Teal;Winter;Next Day Air;Cash;Monthly
1630;35;Male;Blouse;Clothing;02/12/2032;13;88;North Dakota;S;Silver;Spring;Next Day Air;Venmo;Quarterly
1631;63;Male;Shoes;Footwear;04/12/2032;29;48;New Jersey;M;Gold;Summer;Store Pickup;Venmo;Every 3 Months
1632;65;Male;Sweater;Clothing;06/12/2032;7;36;Indiana;L;Violet;Summer;2-Day Shipping;Bank Transfer;Fortnightly
1633;35;Male;Gloves;Accessories;08/12/2032;50;28;Oregon;S;White;Summer;2-Day Shipping;Debit Card;Every 3 Months
1634;54;Male;Socks;Clothing;10/12/2032;33;80;North Dakota;M;Peach;Spring;2-Day Shipping;Debit Card;Bi-Weekly
1635;28;Male;Coat;Outerwear;12/12/2032;30;23;South Carolina;S;Orange;Summer;Store Pickup;Cash;Every 3 Months
1636;68;Male;Sunglasses;Accessories;14/12/2032;40;24;North Carolina;L;Violet;Summer;Standard;Cash;Annually
1637;58;Male;Boots;Footwear;16/12/2032;49;22;North Dakota;L;Green;Fall;Free Shipping;Cash;Fortnightly
1638;35;Male;Dress;Clothing;18/12/2032;32;21;Massachusetts;M;Peach;Spring;Next Day Air;Venmo;Fortnightly
1639;68;Male;Jacket;Outerwear;20/12/2032;18;51;Tennessee;M;Black;Spring;Free Shipping;Venmo;Weekly
1640;41;Male;Gloves;Accessories;22/12/2032;50;65;Missouri;L;Blue;Summer;Free Shipping;PayPal;Annually
1641;65;Male;Scarf;Accessories;24/12/2032;13;51;Tennessee;S;Magenta;Spring;2-Day Shipping;PayPal;Weekly
1642;50;Male;Hoodie;Clothing;26/12/2032;1;32;Colorado;L;Violet;Summer;Free Shipping;Bank Transfer;Every 3 Months
1643;18;Male;Coat;Outerwear;28/12/2032;16;70;Mississippi;M;Beige;Spring;Store Pickup;PayPal;Fortnightly
1644;38;Male;Scarf;Accessories;30/12/2032;6;77;Ohio;L;Pink;Summer;2-Day Shipping;PayPal;Monthly
1645;68;Male;Coat;Outerwear;01/01/2033;21;90;North Carolina;S;Beige;Summer;Next Day Air;Debit Card;Monthly
1646;53;Male;Scarf;Accessories;03/01/2033;36;36;Ohio;L;Green;Summer;Standard;Venmo;Every 3 Months
1647;58;Male;Handbag;Accessories;05/01/2033;20;77;Nebraska;S;Silver;Summer;Standard;Bank Transfer;Every 3 Months
1648;34;Male;Boots;Footwear;07/01/2033;8;78;Hawaii;M;Purple;Summer;Store Pickup;Debit Card;Quarterly
1649;36;Male;Pants;Clothing;09/01/2033;22;69;Oklahoma;M;Gray;Summer;Express;Credit Card;Monthly
1650;58;Male;T-shirt;Clothing;11/01/2033;3;63;Wisconsin;M;White;Summer;Free Shipping;Credit Card;Quarterly
1651;60;Male;Scarf;Accessories;13/01/2033;46;36;Arkansas;M;Silver;Winter;Next Day Air;Credit Card;Fortnightly
1652;59;Male;Coat;Outerwear;15/01/2033;42;80;Texas;M;Blue;Winter;Standard;Debit Card;Monthly
1653;65;Male;Sweater;Clothing;17/01/2033;1;35;New Mexico;M;Orange;Summer;Next Day Air;Bank Transfer;Fortnightly
1654;31;Male;Belt;Accessories;19/01/2033;29;93;Colorado;L;Silver;Winter;2-Day Shipping;Debit Card;Bi-Weekly
1655;43;Male;Belt;Accessories;21/01/2033;14;25;Indiana;L;Gray;Spring;Store Pickup;Credit Card;Quarterly
1656;37;Male;Sweater;Clothing;23/01/2033;4;81;Arizona;L;Gold;Spring;Next Day Air;PayPal;Monthly
1657;21;Male;Blouse;Clothing;25/01/2033;41;42;Indiana;L;Brown;Spring;2-Day Shipping;PayPal;Every 3 Months
1658;69;Male;Skirt;Clothing;27/01/2033;4;36;Indiana;L;Turquoise;Spring;Store Pickup;Debit Card;Bi-Weekly
1659;32;Male;Jewelry;Accessories;29/01/2033;47;66;Alaska;S;Pink;Spring;Store Pickup;Cash;Weekly
1660;53;Male;Gloves;Accessories;31/01/2033;44;37;Utah;M;Black;Fall;Next Day Air;Venmo;Annually
1661;59;Male;T-shirt;Clothing;02/02/2033;37;45;Louisiana;L;Yellow;Winter;Standard;Venmo;Monthly
1662;64;Male;Gloves;Accessories;04/02/2033;21;86;Iowa;S;Beige;Summer;2-Day Shipping;Debit Card;Quarterly
1663;63;Male;Sunglasses;Accessories;06/02/2033;46;24;New Mexico;M;Olive;Winter;Free Shipping;Debit Card;Fortnightly
1664;43;Male;Shirt;Clothing;08/02/2033;1;22;Maine;XL;Gold;Summer;Standard;Cash;Bi-Weekly
1665;19;Male;Handbag;Accessories;10/02/2033;35;53;Minnesota;M;Purple;Spring;Next Day Air;PayPal;Weekly
1666;40;Male;Jacket;Outerwear;12/02/2033;49;41;New Mexico;L;Pink;Fall;Next Day Air;Venmo;Monthly
1667;51;Male;Skirt;Clothing;14/02/2033;47;64;Arkansas;M;Blue;Summer;Store Pickup;PayPal;Annually
1668;51;Male;Handbag;Accessories;16/02/2033;24;40;Oklahoma;L;Brown;Winter;2-Day Shipping;Bank Transfer;Every 3 Months
1669;66;Male;Blouse;Clothing;18/02/2033;28;33;Utah;L;Charcoal;Summer;Standard;Debit Card;Fortnightly
1670;42;Male;T-shirt;Clothing;20/02/2033;22;59;Wisconsin;L;Maroon;Winter;Store Pickup;Bank Transfer;Quarterly
1671;22;Male;Pants;Clothing;22/02/2033;20;73;Utah;L;Cyan;Fall;Free Shipping;Cash;Weekly
1672;31;Male;Hoodie;Clothing;24/02/2033;25;22;Utah;M;Olive;Winter;Free Shipping;Bank Transfer;Weekly
1673;18;Male;Boots;Footwear;26/02/2033;15;73;South Carolina;L;Gold;Fall;Free Shipping;Venmo;Quarterly
1674;21;Male;Blouse;Clothing;28/02/2033;49;62;Hawaii;M;Violet;Fall;Next Day Air;Venmo;Bi-Weekly
1675;35;Male;Coat;Outerwear;02/03/2033;10;56;Alaska;M;Peach;Winter;Free Shipping;Debit Card;Fortnightly
1676;35;Male;Pants;Clothing;04/03/2033;21;90;Colorado;M;Beige;Spring;Next Day Air;Credit Card;Annually
1677;27;Male;Sunglasses;Accessories;06/03/2033;34;44;West Virginia;M;Cyan;Winter;Next Day Air;Bank Transfer;Weekly
1678;65;Male;Jeans;Clothing;08/03/2033;41;35;Oregon;L;Silver;Summer;Next Day Air;Debit Card;Weekly
1679;41;Male;Pants;Clothing;10/03/2033;30;71;Ohio;S;Magenta;Summer;2-Day Shipping;Venmo;Fortnightly
1680;60;Male;Dress;Clothing;12/03/2033;24;52;Massachusetts;S;Black;Fall;Next Day Air;Debit Card;Bi-Weekly
1681;61;Male;Shoes;Footwear;14/03/2033;6;37;Louisiana;M;Olive;Summer;Store Pickup;Credit Card;Annually
1682;24;Male;Sneakers;Footwear;16/03/2033;14;95;Virginia;L;Green;Winter;2-Day Shipping;Credit Card;Bi-Weekly
1683;65;Male;Socks;Clothing;18/03/2033;37;97;New York;M;Yellow;Fall;2-Day Shipping;Credit Card;Bi-Weekly
1684;23;Male;Coat;Outerwear;20/03/2033;37;57;Arkansas;S;Lavender;Spring;Next Day Air;Venmo;Quarterly
1685;30;Male;Shirt;Clothing;22/03/2033;28;93;New Mexico;M;Indigo;Spring;Standard;PayPal;Weekly
1686;33;Male;Blouse;Clothing;24/03/2033;43;48;Minnesota;M;Pink;Winter;Standard;PayPal;Bi-Weekly
1687;22;Male;Gloves;Accessories;26/03/2033;25;75;Illinois;L;Red;Fall;Store Pickup;Cash;Annually
1688;67;Male;Skirt;Clothing;28/03/2033;4;70;Georgia;S;Magenta;Winter;Free Shipping;PayPal;Annually
1689;28;Male;Handbag;Accessories;30/03/2033;13;26;Mississippi;S;Peach;Winter;Next Day Air;Venmo;Fortnightly
1690;32;Male;Shirt;Clothing;01/04/2033;32;73;North Carolina;L;Turquoise;Winter;Store Pickup;Bank Transfer;Monthly
1691;40;Male;Coat;Outerwear;03/04/2033;1;30;Nevada;M;Black;Summer;Free Shipping;Cash;Annually
1692;64;Male;Shoes;Footwear;05/04/2033;4;61;Connecticut;L;Blue;Summer;Next Day Air;Cash;Annually
1693;56;Male;Handbag;Accessories;07/04/2033;33;75;Utah;M;Beige;Winter;Standard;Cash;Bi-Weekly
1694;63;Male;Jacket;Outerwear;09/04/2033;45;88;Tennessee;XL;Olive;Fall;Standard;Bank Transfer;Fortnightly
1695;20;Male;Shirt;Clothing;11/04/2033;20;67;Mississippi;M;Turquoise;Summer;Express;Debit Card;Fortnightly
1696;54;Male;Hat;Accessories;13/04/2033;1;95;Nebraska;S;Yellow;Fall;2-Day Shipping;PayPal;Fortnightly
1697;31;Male;Sunglasses;Accessories;15/04/2033;7;69;West Virginia;S;Turquoise;Spring;Free Shipping;Credit Card;Bi-Weekly
1698;36;Male;Shirt;Clothing;17/04/2033;48;87;South Carolina;L;Lavender;Fall;Next Day Air;Credit Card;Every 3 Months
1699;25;Male;Belt;Accessories;19/04/2033;46;41;Iowa;XL;Turquoise;Winter;Standard;Bank Transfer;Quarterly
1700;20;Male;Sweater;Clothing;21/04/2033;34;67;North Dakota;L;Teal;Spring;Free Shipping;Debit Card;Annually
1701;62;Male;Hoodie;Clothing;23/04/2033;36;70;West Virginia;L;Black;Fall;Express;Bank Transfer;Monthly
1702;69;Male;Handbag;Accessories;25/04/2033;44;41;Mississippi;XL;Blue;Winter;Next Day Air;Debit Card;Every 3 Months
1703;54;Male;Jeans;Clothing;27/04/2033;48;83;Alabama;XL;Yellow;Summer;Express;Bank Transfer;Weekly
1704;39;Male;Backpack;Accessories;29/04/2033;12;22;California;M;Black;Spring;Next Day Air;Bank Transfer;Annually
1705;56;Male;Sneakers;Footwear;01/05/2033;19;20;Idaho;M;Lavender;Summer;Store Pickup;Cash;Every 3 Months
1706;39;Male;Jewelry;Accessories;03/05/2033;49;29;South Dakota;L;Cyan;Summer;2-Day Shipping;Venmo;Bi-Weekly
1707;37;Male;Sunglasses;Accessories;05/05/2033;25;87;North Dakota;M;Brown;Spring;Standard;Venmo;Fortnightly
1708;25;Male;Shorts;Clothing;07/05/2033;25;81;Nevada;L;Maroon;Fall;2-Day Shipping;Cash;Bi-Weekly
1709;35;Male;Boots;Footwear;09/05/2033;1;58;Florida;L;Cyan;Spring;Express;Credit Card;Quarterly
1710;45;Male;Skirt;Clothing;11/05/2033;19;83;Indiana;M;Pink;Winter;Standard;Bank Transfer;Annually
1711;19;Male;Pants;Clothing;13/05/2033;7;59;Arkansas;XL;Orange;Fall;Store Pickup;Credit Card;Quarterly
1712;21;Male;T-shirt;Clothing;15/05/2033;19;93;North Carolina;M;Lavender;Spring;Express;Credit Card;Monthly
1713;65;Male;T-shirt;Clothing;17/05/2033;9;87;Illinois;S;Beige;Fall;2-Day Shipping;Cash;Fortnightly
1714;49;Male;Jacket;Outerwear;19/05/2033;37;22;Missouri;M;Pink;Winter;Free Shipping;PayPal;Quarterly
1715;30;Male;Jeans;Clothing;21/05/2033;15;71;South Dakota;S;Charcoal;Summer;Standard;Cash;Monthly
1716;23;Male;Dress;Clothing;23/05/2033;30;69;Idaho;XL;Gray;Spring;2-Day Shipping;PayPal;Bi-Weekly
1717;69;Male;Blouse;Clothing;25/05/2033;30;47;Connecticut;M;Cyan;Winter;Standard;Cash;Every 3 Months
1718;29;Male;Hoodie;Clothing;27/05/2033;16;50;Hawaii;L;Orange;Summer;Express;Debit Card;Bi-Weekly
1719;54;Male;T-shirt;Clothing;29/05/2033;14;96;Maryland;L;Pink;Winter;2-Day Shipping;PayPal;Every 3 Months
1720;45;Male;Sweater;Clothing;31/05/2033;8;39;Maryland;M;White;Winter;Free Shipping;Venmo;Quarterly
1721;25;Male;Shorts;Clothing;02/06/2033;40;84;Massachusetts;S;Beige;Winter;Express;Debit Card;Bi-Weekly
1722;34;Male;Jewelry;Accessories;04/06/2033;24;28;Delaware;S;Magenta;Spring;Free Shipping;Credit Card;Monthly
1723;46;Male;T-shirt;Clothing;06/06/2033;14;51;Massachusetts;L;Violet;Summer;Standard;Cash;Fortnightly
1724;70;Male;Scarf;Accessories;08/06/2033;39;20;New York;XL;Gold;Spring;Standard;PayPal;Annually
1725;42;Male;Shoes;Footwear;10/06/2033;21;72;Delaware;S;Teal;Winter;Free Shipping;PayPal;Weekly
1726;45;Male;Sunglasses;Accessories;12/06/2033;32;33;Massachusetts;M;Indigo;Spring;Next Day Air;Venmo;Quarterly
1727;57;Male;Coat;Outerwear;14/06/2033;45;28;Indiana;S;Olive;Summer;Express;Debit Card;Weekly
1728;49;Male;Blouse;Clothing;16/06/2033;19;53;Virginia;S;Violet;Spring;Express;PayPal;Monthly
1729;23;Male;Jeans;Clothing;18/06/2033;1;48;Wyoming;L;Black;Fall;Express;Debit Card;Every 3 Months
1730;47;Male;Shorts;Clothing;20/06/2033;12;21;Illinois;M;Brown;Winter;Store Pickup;Venmo;Fortnightly
1731;23;Male;Shirt;Clothing;22/06/2033;26;22;Alabama;S;Silver;Fall;Free Shipping;Credit Card;Weekly
1732;21;Male;Backpack;Accessories;24/06/2033;12;87;Idaho;M;Gray;Fall;Next Day Air;Cash;Monthly
1733;45;Male;Belt;Accessories;26/06/2033;36;50;Rhode Island;S;Charcoal;Winter;Free Shipping;Cash;Every 3 Months
1734;67;Male;Blouse;Clothing;28/06/2033;22;85;New York;L;Black;Summer;Express;Credit Card;Annually
1735;31;Male;Jeans;Clothing;30/06/2033;16;98;Missouri;L;Brown;Spring;Next Day Air;PayPal;Quarterly
1736;58;Male;Dress;Clothing;02/07/2033;31;34;Texas;M;Purple;Winter;Express;Venmo;Annually
1737;57;Male;Shorts;Clothing;04/07/2033;43;61;Tennessee;M;Purple;Summer;2-Day Shipping;Cash;Quarterly
1738;42;Male;Jewelry;Accessories;06/07/2033;50;98;Ohio;L;Gray;Summer;Store Pickup;Venmo;Bi-Weekly
1739;60;Male;Handbag;Accessories;08/07/2033;37;61;Tennessee;M;Green;Spring;2-Day Shipping;Credit Card;Weekly
1740;21;Male;Jewelry;Accessories;10/07/2033;23;98;Minnesota;L;Silver;Winter;Express;Cash;Weekly
1741;69;Male;Pants;Clothing;12/07/2033;10;21;Wisconsin;L;Charcoal;Fall;Next Day Air;Bank Transfer;Every 3 Months
1742;41;Male;Pants;Clothing;14/07/2033;20;51;Delaware;XL;Teal;Winter;Next Day Air;Bank Transfer;Monthly
1743;51;Male;Sandals;Footwear;16/07/2033;18;80;Kansas;XL;White;Spring;Express;Venmo;Every 3 Months
1744;23;Male;Skirt;Clothing;18/07/2033;3;72;Missouri;XL;Brown;Winter;Standard;Bank Transfer;Weekly
1745;57;Male;Sunglasses;Accessories;20/07/2033;23;63;Michigan;L;Teal;Winter;Standard;PayPal;Weekly
1746;40;Male;Skirt;Clothing;22/07/2033;27;27;West Virginia;L;Red;Winter;Store Pickup;Cash;Weekly
1747;65;Male;Handbag;Accessories;24/07/2033;44;44;Alabama;L;Brown;Summer;Store Pickup;Bank Transfer;Fortnightly
1748;61;Male;Coat;Outerwear;26/07/2033;41;23;New Hampshire;M;Yellow;Winter;Express;Venmo;Quarterly
1749;34;Male;Skirt;Clothing;28/07/2033;41;93;Montana;L;Teal;Winter;2-Day Shipping;Bank Transfer;Annually
1750;43;Male;Hoodie;Clothing;30/07/2033;36;70;Wyoming;L;Pink;Fall;2-Day Shipping;Debit Card;Every 3 Months
1751;31;Male;Sunglasses;Accessories;01/08/2033;38;85;Missouri;M;White;Fall;Express;Venmo;Every 3 Months
1752;57;Male;Sweater;Clothing;03/08/2033;34;40;Ohio;M;Silver;Winter;2-Day Shipping;Cash;Annually
1753;34;Male;Boots;Footwear;05/08/2033;14;29;South Dakota;L;Blue;Winter;Store Pickup;Venmo;Quarterly
1754;25;Male;Skirt;Clothing;07/08/2033;23;27;Colorado;L;Black;Fall;Next Day Air;Credit Card;Fortnightly
1755;66;Male;Dress;Clothing;09/08/2033;18;93;Massachusetts;S;Beige;Fall;2-Day Shipping;Credit Card;Fortnightly
1756;56;Male;Belt;Accessories;11/08/2033;45;20;Delaware;XL;Charcoal;Spring;Next Day Air;Cash;Monthly
1757;49;Male;Jewelry;Accessories;13/08/2033;14;55;New Hampshire;S;Cyan;Fall;Free Shipping;Bank Transfer;Weekly
1758;19;Male;Dress;Clothing;15/08/2033;48;94;Michigan;L;Yellow;Fall;Standard;Debit Card;Annually
1759;27;Male;Hat;Accessories;17/08/2033;17;56;Pennsylvania;M;Silver;Winter;Free Shipping;Venmo;Bi-Weekly
1760;68;Male;Sweater;Clothing;19/08/2033;1;58;Louisiana;L;Green;Spring;Next Day Air;PayPal;Weekly
1761;20;Male;Skirt;Clothing;21/08/2033;39;44;Minnesota;XL;Peach;Spring;Standard;PayPal;Weekly
1762;21;Male;Hoodie;Clothing;23/08/2033;24;95;Hawaii;S;Green;Fall;2-Day Shipping;Cash;Weekly
1763;36;Male;Sandals;Footwear;25/08/2033;41;42;Idaho;M;Brown;Summer;Express;Bank Transfer;Fortnightly
1764;37;Male;Jewelry;Accessories;27/08/2033;28;93;Vermont;M;Lavender;Winter;Store Pickup;PayPal;Annually
1765;61;Male;Dress;Clothing;29/08/2033;34;56;Delaware;M;Charcoal;Summer;Store Pickup;Venmo;Quarterly
1766;68;Male;Hoodie;Clothing;31/08/2033;41;88;New Mexico;M;Orange;Spring;2-Day Shipping;Venmo;Quarterly
1767;60;Male;Sweater;Clothing;02/09/2033;27;54;Alaska;S;Cyan;Winter;2-Day Shipping;Cash;Bi-Weekly
1768;69;Male;Jewelry;Accessories;04/09/2033;46;89;Minnesota;L;Lavender;Fall;2-Day Shipping;Debit Card;Fortnightly
1769;25;Male;Sandals;Footwear;06/09/2033;2;45;Nebraska;M;Indigo;Summer;2-Day Shipping;PayPal;Every 3 Months
1770;32;Male;Socks;Clothing;08/09/2033;45;75;Alaska;L;Brown;Winter;Free Shipping;Cash;Monthly
1771;53;Male;Backpack;Accessories;10/09/2033;34;22;Michigan;M;Pink;Fall;Express;Bank Transfer;Weekly
1772;46;Male;Shirt;Clothing;12/09/2033;9;82;Indiana;XL;Turquoise;Fall;Store Pickup;Credit Card;Annually
1773;58;Male;Shoes;Footwear;14/09/2033;1;34;Hawaii;M;Gold;Summer;2-Day Shipping;Bank Transfer;Annually
1774;21;Male;Coat;Outerwear;16/09/2033;17;92;West Virginia;M;Blue;Summer;Free Shipping;PayPal;Annually
1775;46;Male;Sweater;Clothing;18/09/2033;6;78;New York;M;Lavender;Spring;Express;PayPal;Weekly
1776;18;Male;Jacket;Outerwear;20/09/2033;12;47;Iowa;M;Violet;Spring;2-Day Shipping;Cash;Bi-Weekly
1777;56;Male;Jacket;Outerwear;22/09/2033;10;64;Arizona;L;Cyan;Summer;Free Shipping;Venmo;Every 3 Months
1778;18;Male;Sneakers;Footwear;24/09/2033;4;44;Minnesota;L;Purple;Winter;Free Shipping;Cash;Fortnightly
1779;49;Male;Belt;Accessories;26/09/2033;8;94;Texas;M;Red;Winter;Store Pickup;Debit Card;Bi-Weekly
1780;29;Male;Scarf;Accessories;28/09/2033;41;62;Virginia;M;Charcoal;Winter;Free Shipping;Venmo;Weekly
1781;67;Male;Jewelry;Accessories;30/09/2033;49;81;North Dakota;S;Gray;Summer;Next Day Air;Credit Card;Weekly
1782;31;Male;T-shirt;Clothing;02/10/2033;49;33;Iowa;M;Pink;Fall;Express;Bank Transfer;Quarterly
1783;52;Male;Pants;Clothing;04/10/2033;40;88;Utah;M;Lavender;Fall;Next Day Air;Bank Transfer;Fortnightly
1784;42;Male;Handbag;Accessories;06/10/2033;30;49;Ohio;L;Lavender;Winter;Free Shipping;Credit Card;Monthly
1785;32;Male;Backpack;Accessories;08/10/2033;4;31;Louisiana;L;Yellow;Summer;Standard;Debit Card;Quarterly
1786;47;Male;Gloves;Accessories;10/10/2033;22;29;Iowa;S;Peach;Fall;Next Day Air;Venmo;Monthly
1787;45;Male;Jacket;Outerwear;12/10/2033;22;34;Maryland;M;Brown;Spring;2-Day Shipping;Venmo;Monthly
1788;20;Male;Sweater;Clothing;14/10/2033;10;38;Montana;L;Gold;Fall;2-Day Shipping;Bank Transfer;Quarterly
1789;66;Male;Blouse;Clothing;16/10/2033;23;41;Illinois;L;Pink;Summer;Store Pickup;Cash;Bi-Weekly
1790;52;Male;Blouse;Clothing;18/10/2033;43;34;Arizona;L;Peach;Spring;2-Day Shipping;Debit Card;Quarterly
1791;50;Male;Gloves;Accessories;20/10/2033;31;26;North Carolina;S;Violet;Summer;Store Pickup;PayPal;Bi-Weekly
1792;62;Male;Jeans;Clothing;22/10/2033;38;98;Montana;S;Purple;Winter;Store Pickup;Cash;Annually
1793;38;Male;Sneakers;Footwear;24/10/2033;22;59;Iowa;M;Peach;Fall;Express;Debit Card;Every 3 Months
1794;65;Male;Hat;Accessories;26/10/2033;45;92;Iowa;S;White;Fall;Store Pickup;Cash;Every 3 Months
1795;60;Male;Backpack;Accessories;28/10/2033;21;40;Ohio;L;Indigo;Spring;Express;Debit Card;Fortnightly
1796;68;Male;Jeans;Clothing;30/10/2033;9;20;Wisconsin;S;Violet;Fall;2-Day Shipping;Debit Card;Fortnightly
1797;62;Male;Skirt;Clothing;01/11/2033;34;35;South Carolina;S;Brown;Spring;Store Pickup;Venmo;Weekly
1798;62;Male;Belt;Accessories;03/11/2033;26;35;Oregon;L;Maroon;Spring;2-Day Shipping;Venmo;Weekly
1799;40;Male;Dress;Clothing;05/11/2033;1;82;North Dakota;L;Magenta;Winter;Express;Cash;Weekly
1800;32;Male;Hoodie;Clothing;07/11/2033;47;48;California;M;Charcoal;Fall;Express;Venmo;Weekly
1801;22;Male;Coat;Outerwear;09/11/2033;30;58;Mississippi;XL;Indigo;Winter;Express;Credit Card;Weekly
1802;33;Male;Sweater;Clothing;11/11/2033;48;57;New Jersey;M;Turquoise;Spring;Express;Debit Card;Fortnightly
1803;57;Male;Shorts;Clothing;13/11/2033;31;96;Rhode Island;L;Turquoise;Winter;Store Pickup;Venmo;Bi-Weekly
1804;60;Male;Sneakers;Footwear;15/11/2033;33;97;New Hampshire;S;Gray;Summer;Free Shipping;Venmo;Fortnightly
1805;30;Male;Sweater;Clothing;17/11/2033;39;42;Louisiana;L;Peach;Winter;Next Day Air;Credit Card;Weekly
1806;41;Male;T-shirt;Clothing;19/11/2033;46;62;Arizona;L;Gold;Spring;Store Pickup;Debit Card;Weekly
1807;58;Male;Handbag;Accessories;21/11/2033;24;67;Rhode Island;M;Green;Fall;Standard;Venmo;Annually
1808;34;Male;Sneakers;Footwear;23/11/2033;37;46;Vermont;L;Gold;Summer;Standard;Venmo;Fortnightly
1809;67;Male;Jacket;Outerwear;25/11/2033;7;71;Tennessee;M;Lavender;Spring;Next Day Air;Debit Card;Monthly
1810;58;Male;Backpack;Accessories;27/11/2033;6;99;Alaska;S;Blue;Fall;Free Shipping;Debit Card;Fortnightly
1811;41;Male;Jeans;Clothing;29/11/2033;16;28;Maryland;M;Magenta;Fall;Standard;Cash;Bi-Weekly
1812;42;Male;Belt;Accessories;01/12/2033;33;77;Wisconsin;L;Blue;Summer;Standard;Bank Transfer;Annually
1813;50;Male;Boots;Footwear;03/12/2033;18;63;Nevada;S;Blue;Summer;Express;PayPal;Bi-Weekly
1814;40;Male;Shorts;Clothing;05/12/2033;24;62;Illinois;M;Olive;Spring;Free Shipping;PayPal;Weekly
1815;32;Male;Jeans;Clothing;07/12/2033;24;92;Montana;M;White;Summer;Free Shipping;Cash;Quarterly
1816;51;Male;Shoes;Footwear;09/12/2033;48;72;New Mexico;L;White;Winter;2-Day Shipping;Credit Card;Every 3 Months
1817;26;Male;Hat;Accessories;11/12/2033;4;79;Virginia;M;Purple;Summer;Express;Cash;Weekly
1818;32;Male;T-shirt;Clothing;13/12/2033;20;27;Delaware;M;White;Summer;Free Shipping;Cash;Weekly
1819;58;Male;Sunglasses;Accessories;15/12/2033;47;39;North Carolina;M;White;Fall;Express;Debit Card;Every 3 Months
1820;51;Male;Socks;Clothing;17/12/2033;50;86;Nevada;S;Peach;Spring;Next Day Air;Cash;Quarterly
1821;19;Male;Shirt;Clothing;19/12/2033;31;94;Washington;XL;Gold;Fall;Express;PayPal;Monthly
1822;57;Male;Shorts;Clothing;21/12/2033;29;53;Maine;M;Teal;Spring;Express;PayPal;Quarterly
1823;66;Male;Shirt;Clothing;23/12/2033;4;85;Connecticut;S;Cyan;Summer;Standard;Cash;Annually
1824;62;Male;Socks;Clothing;25/12/2033;40;50;Louisiana;L;Pink;Fall;Free Shipping;Bank Transfer;Bi-Weekly
1825;58;Male;Pants;Clothing;27/12/2033;31;47;Illinois;XL;Magenta;Winter;Express;Cash;Monthly
1826;23;Male;Boots;Footwear;29/12/2033;41;75;South Dakota;M;Pink;Winter;Next Day Air;Credit Card;Weekly
1827;45;Male;T-shirt;Clothing;31/12/2033;44;60;Indiana;M;Turquoise;Winter;Express;Debit Card;Annually
1828;20;Male;T-shirt;Clothing;02/01/2034;31;36;Vermont;S;Pink;Spring;2-Day Shipping;Bank Transfer;Weekly
1829;33;Male;Coat;Outerwear;04/01/2034;45;80;New Hampshire;L;Gray;Spring;Express;Cash;Every 3 Months
1830;30;Male;Hat;Accessories;06/01/2034;50;96;Oregon;M;White;Spring;2-Day Shipping;Credit Card;Quarterly
1831;50;Male;Sunglasses;Accessories;08/01/2034;7;80;Kansas;M;Blue;Winter;Express;Venmo;Annually
1832;62;Male;Blouse;Clothing;10/01/2034;5;71;Maine;M;Cyan;Summer;Free Shipping;Bank Transfer;Every 3 Months
1833;69;Male;Jewelry;Accessories;12/01/2034;48;29;Louisiana;M;Blue;Fall;Free Shipping;Cash;Monthly
1834;34;Male;Jewelry;Accessories;14/01/2034;19;53;Louisiana;M;Yellow;Spring;2-Day Shipping;PayPal;Fortnightly
1835;49;Male;Skirt;Clothing;16/01/2034;39;35;Indiana;M;Charcoal;Summer;2-Day Shipping;Venmo;Fortnightly
1836;65;Male;Scarf;Accessories;18/01/2034;45;75;Kentucky;M;Lavender;Fall;2-Day Shipping;Credit Card;Quarterly
1837;66;Male;Pants;Clothing;20/01/2034;35;52;South Carolina;M;Teal;Fall;2-Day Shipping;Credit Card;Monthly
1838;41;Male;Hat;Accessories;22/01/2034;8;77;Montana;M;Beige;Winter;Free Shipping;Venmo;Monthly
1839;37;Male;Gloves;Accessories;24/01/2034;11;24;Vermont;L;Blue;Fall;Next Day Air;Credit Card;Quarterly
1840;32;Male;Shirt;Clothing;26/01/2034;32;78;Mississippi;XL;Purple;Winter;Store Pickup;Cash;Annually
1841;42;Male;Sandals;Footwear;28/01/2034;46;98;Wyoming;M;Gold;Winter;Store Pickup;Bank Transfer;Every 3 Months
1842;31;Male;Socks;Clothing;30/01/2034;7;57;Vermont;L;Blue;Winter;Standard;PayPal;Every 3 Months
1843;61;Male;Handbag;Accessories;01/02/2034;1;78;Alabama;M;Black;Summer;Express;Debit Card;Annually
1844;36;Male;Jacket;Outerwear;03/02/2034;32;76;Kentucky;M;Charcoal;Fall;Next Day Air;Credit Card;Monthly
1845;60;Male;Shorts;Clothing;05/02/2034;31;26;South Dakota;M;Purple;Spring;2-Day Shipping;Credit Card;Annually
1846;51;Male;Sandals;Footwear;07/02/2034;39;78;Delaware;M;Orange;Winter;2-Day Shipping;Bank Transfer;Quarterly
1847;68;Male;Scarf;Accessories;09/02/2034;9;53;Wisconsin;M;Yellow;Summer;Standard;Venmo;Quarterly
1848;46;Male;Sandals;Footwear;11/02/2034;49;100;Arizona;XL;Cyan;Summer;Free Shipping;Credit Card;Weekly
1849;19;Male;Jeans;Clothing;13/02/2034;34;73;Maine;XL;Yellow;Winter;Express;Cash;Every 3 Months
1850;30;Male;Skirt;Clothing;15/02/2034;35;40;New Mexico;M;Maroon;Winter;Store Pickup;Bank Transfer;Monthly
1851;51;Male;Gloves;Accessories;17/02/2034;50;76;Wyoming;S;Black;Winter;Store Pickup;Debit Card;Weekly
1852;28;Male;Skirt;Clothing;19/02/2034;4;80;Delaware;S;Lavender;Fall;Free Shipping;Bank Transfer;Fortnightly
1853;41;Male;Sweater;Clothing;21/02/2034;32;80;Pennsylvania;XL;Violet;Winter;Store Pickup;Cash;Weekly
1854;29;Male;Blouse;Clothing;23/02/2034;11;67;North Dakota;XL;Olive;Spring;Express;PayPal;Fortnightly
1855;25;Male;Sweater;Clothing;25/02/2034;49;61;Kentucky;M;Teal;Spring;Express;Credit Card;Annually
1856;60;Male;Shirt;Clothing;27/02/2034;9;76;Rhode Island;XL;Teal;Spring;Standard;Cash;Annually
1857;63;Male;Jewelry;Accessories;01/03/2034;30;55;Arizona;XL;Beige;Summer;Free Shipping;PayPal;Bi-Weekly
1858;51;Male;T-shirt;Clothing;03/03/2034;33;85;Colorado;L;Maroon;Summer;Next Day Air;Cash;Monthly
1859;22;Male;Scarf;Accessories;05/03/2034;8;69;Maine;S;Peach;Spring;2-Day Shipping;Debit Card;Annually
1860;54;Male;Belt;Accessories;07/03/2034;29;26;New Jersey;L;Beige;Summer;Store Pickup;Debit Card;Fortnightly
1861;18;Male;T-shirt;Clothing;09/03/2034;4;64;Kansas;M;Silver;Summer;Next Day Air;Credit Card;Monthly
1862;29;Male;Sneakers;Footwear;11/03/2034;19;60;South Dakota;S;Peach;Fall;Standard;Debit Card;Monthly
1863;59;Male;Gloves;Accessories;13/03/2034;10;36;New Hampshire;M;Turquoise;Winter;Express;PayPal;Fortnightly
1864;25;Male;Sandals;Footwear;15/03/2034;39;21;Connecticut;L;Orange;Spring;2-Day Shipping;Debit Card;Monthly
1865;19;Male;Backpack;Accessories;17/03/2034;21;72;Wyoming;S;Cyan;Fall;2-Day Shipping;Venmo;Quarterly
1866;56;Male;Pants;Clothing;19/03/2034;12;62;Missouri;S;Silver;Summer;Store Pickup;Bank Transfer;Monthly
1867;31;Male;T-shirt;Clothing;21/03/2034;9;44;Alaska;XL;Gold;Winter;Standard;Credit Card;Fortnightly
1868;45;Male;Skirt;Clothing;23/03/2034;20;52;Delaware;M;Brown;Fall;2-Day Shipping;Venmo;Quarterly
1869;23;Male;Gloves;Accessories;25/03/2034;44;58;Indiana;M;Silver;Spring;Next Day Air;Cash;Fortnightly
1870;18;Male;Blouse;Clothing;27/03/2034;16;77;West Virginia;S;Beige;Spring;2-Day Shipping;Debit Card;Every 3 Months
1871;43;Male;Blouse;Clothing;29/03/2034;27;99;Wyoming;L;Violet;Spring;Store Pickup;Debit Card;Fortnightly
1872;56;Male;Jeans;Clothing;31/03/2034;14;96;Illinois;XL;Violet;Fall;Standard;Cash;Every 3 Months
1873;43;Male;T-shirt;Clothing;02/04/2034;24;64;Alaska;M;Lavender;Summer;Standard;Credit Card;Monthly
1874;64;Male;Sweater;Clothing;04/04/2034;49;44;Wisconsin;XL;Red;Fall;Express;Bank Transfer;Weekly
1875;67;Male;Pants;Clothing;06/04/2034;14;33;Indiana;L;Purple;Fall;Free Shipping;Cash;Weekly
1876;63;Male;Boots;Footwear;08/04/2034;6;71;Tennessee;M;Brown;Winter;Next Day Air;Credit Card;Quarterly
1877;54;Male;Skirt;Clothing;10/04/2034;20;36;Illinois;M;Gray;Fall;Standard;Venmo;Quarterly
1878;69;Male;Gloves;Accessories;12/04/2034;3;62;Pennsylvania;L;Pink;Fall;Express;Credit Card;Annually
1879;34;Male;Socks;Clothing;14/04/2034;5;29;Oklahoma;L;Magenta;Summer;Store Pickup;Credit Card;Monthly
1880;56;Male;T-shirt;Clothing;16/04/2034;46;33;Tennessee;L;Charcoal;Spring;Express;Cash;Bi-Weekly
1881;34;Male;Blouse;Clothing;18/04/2034;8;33;New Jersey;L;Yellow;Fall;2-Day Shipping;Debit Card;Monthly
1882;58;Male;Blouse;Clothing;20/04/2034;13;41;New Jersey;M;Red;Winter;Standard;Cash;Bi-Weekly
1883;44;Male;Scarf;Accessories;22/04/2034;25;54;Tennessee;L;Blue;Winter;Store Pickup;Bank Transfer;Quarterly
1884;25;Male;Backpack;Accessories;24/04/2034;39;58;Georgia;M;Cyan;Spring;Store Pickup;Debit Card;Fortnightly
1885;27;Male;Shorts;Clothing;26/04/2034;15;30;Arizona;S;Pink;Summer;Next Day Air;Bank Transfer;Bi-Weekly
1886;26;Male;Jewelry;Accessories;28/04/2034;35;53;Nevada;S;Maroon;Winter;Standard;Cash;Monthly
1887;18;Male;Gloves;Accessories;30/04/2034;46;91;Arkansas;L;Beige;Spring;Next Day Air;Cash;Bi-Weekly
1888;64;Male;Hoodie;Clothing;02/05/2034;3;44;North Dakota;XL;Gold;Fall;Express;PayPal;Monthly
1889;62;Male;Hoodie;Clothing;04/05/2034;48;89;South Dakota;XL;Turquoise;Winter;Free Shipping;Credit Card;Weekly
1890;59;Male;Skirt;Clothing;06/05/2034;27;57;North Carolina;L;Peach;Spring;Next Day Air;Bank Transfer;Weekly
1891;36;Male;Sunglasses;Accessories;08/05/2034;5;57;Hawaii;M;Lavender;Spring;Store Pickup;Credit Card;Weekly
1892;69;Male;Jewelry;Accessories;10/05/2034;48;74;New Hampshire;M;Gray;Summer;Next Day Air;Debit Card;Quarterly
1893;39;Male;Jacket;Outerwear;12/05/2034;12;30;California;M;Blue;Fall;2-Day Shipping;Venmo;Weekly
1894;28;Male;Dress;Clothing;14/05/2034;10;20;Delaware;L;Red;Summer;Express;PayPal;Fortnightly
1895;42;Male;Hoodie;Clothing;16/05/2034;48;90;Arizona;M;Purple;Fall;Free Shipping;Debit Card;Bi-Weekly
1896;31;Male;Jeans;Clothing;18/05/2034;3;61;Washington;L;Indigo;Fall;Express;Debit Card;Monthly
1897;57;Male;Sandals;Footwear;20/05/2034;19;51;Nevada;M;Gold;Fall;Standard;Venmo;Monthly
1898;53;Male;Sunglasses;Accessories;22/05/2034;11;97;Alaska;L;Teal;Winter;Free Shipping;Debit Card;Fortnightly
1899;59;Male;Pants;Clothing;24/05/2034;25;97;Texas;L;Magenta;Fall;Next Day Air;Venmo;Monthly
1900;32;Male;Shorts;Clothing;26/05/2034;42;40;New York;L;Maroon;Winter;Store Pickup;PayPal;Weekly
1901;65;Male;Jewelry;Accessories;28/05/2034;34;85;Iowa;S;Blue;Summer;Free Shipping;Cash;Quarterly
1902;56;Male;Socks;Clothing;30/05/2034;50;76;Arizona;S;Beige;Winter;Store Pickup;Cash;Quarterly
1903;31;Male;Sandals;Footwear;01/06/2034;21;22;New Mexico;S;Olive;Spring;Store Pickup;Venmo;Monthly
1904;59;Male;Pants;Clothing;03/06/2034;37;63;North Carolina;M;Gold;Summer;Standard;Bank Transfer;Weekly
1905;22;Male;T-shirt;Clothing;05/06/2034;46;71;Nevada;S;Silver;Spring;Free Shipping;Cash;Monthly
1906;47;Male;Boots;Footwear;07/06/2034;14;35;Idaho;M;Teal;Summer;2-Day Shipping;Bank Transfer;Fortnightly
1907;23;Male;Backpack;Accessories;09/06/2034;24;30;Vermont;M;Green;Spring;2-Day Shipping;PayPal;Fortnightly
1908;69;Male;Skirt;Clothing;11/06/2034;36;74;New Mexico;L;Orange;Fall;Store Pickup;Credit Card;Every 3 Months
1909;18;Male;Scarf;Accessories;13/06/2034;19;71;Georgia;XL;Charcoal;Winter;Next Day Air;Debit Card;Bi-Weekly
1910;50;Male;Sweater;Clothing;15/06/2034;12;84;Kentucky;S;Black;Spring;Store Pickup;Credit Card;Monthly
1911;29;Male;Sandals;Footwear;17/06/2034;13;38;New York;S;Yellow;Fall;Express;Debit Card;Quarterly
1912;65;Male;Jewelry;Accessories;19/06/2034;32;81;Arizona;M;Gray;Spring;Express;Debit Card;Bi-Weekly
1913;29;Male;Sweater;Clothing;21/06/2034;5;56;Colorado;S;Charcoal;Winter;2-Day Shipping;Credit Card;Bi-Weekly
1914;49;Male;Skirt;Clothing;23/06/2034;29;48;Kentucky;M;Peach;Winter;Express;Cash;Annually
1915;28;Male;Shorts;Clothing;25/06/2034;40;97;Alaska;L;Green;Fall;Standard;Credit Card;Fortnightly
1916;51;Male;Backpack;Accessories;27/06/2034;44;74;Alabama;M;Magenta;Fall;2-Day Shipping;Cash;Weekly
1917;26;Male;Hoodie;Clothing;29/06/2034;3;50;Connecticut;S;Beige;Winter;Next Day Air;Debit Card;Bi-Weekly
1918;38;Male;Skirt;Clothing;01/07/2034;35;71;Hawaii;L;Black;Winter;Free Shipping;PayPal;Bi-Weekly
1919;35;Male;Skirt;Clothing;03/07/2034;33;33;Idaho;S;Purple;Summer;Standard;Debit Card;Monthly
1920;34;Male;Backpack;Accessories;05/07/2034;20;56;Virginia;M;Olive;Summer;Express;PayPal;Bi-Weekly
1921;51;Male;Blouse;Clothing;07/07/2034;40;84;Connecticut;M;Purple;Spring;Standard;Cash;Every 3 Months
1922;47;Male;Shirt;Clothing;09/07/2034;13;36;Michigan;M;Green;Fall;Store Pickup;Venmo;Annually
1923;18;Male;Gloves;Accessories;11/07/2034;9;63;Kentucky;S;Peach;Summer;Standard;PayPal;Monthly
1924;64;Male;Sandals;Footwear;13/07/2034;7;36;Nebraska;XL;Blue;Summer;Standard;Cash;Annually
1925;30;Male;Jacket;Outerwear;15/07/2034;42;63;Michigan;M;Gray;Fall;Free Shipping;PayPal;Quarterly
1926;59;Male;Sneakers;Footwear;17/07/2034;44;32;Utah;L;Black;Winter;Express;Credit Card;Fortnightly
1927;66;Male;Backpack;Accessories;19/07/2034;6;93;New Mexico;M;Silver;Spring;Express;PayPal;Annually
1928;40;Male;Pants;Clothing;21/07/2034;8;29;Florida;M;Pink;Summer;Standard;Cash;Every 3 Months
1929;25;Male;Sunglasses;Accessories;23/07/2034;10;92;Mississippi;S;Lavender;Summer;Standard;PayPal;Weekly
1930;59;Male;Jeans;Clothing;25/07/2034;46;33;Hawaii;L;Brown;Fall;Standard;Venmo;Quarterly
1931;66;Male;Pants;Clothing;27/07/2034;26;52;North Carolina;L;Turquoise;Spring;Store Pickup;Cash;Weekly
1932;54;Male;Jewelry;Accessories;29/07/2034;6;42;Illinois;S;Olive;Spring;Store Pickup;Debit Card;Every 3 Months
1933;42;Male;Hoodie;Clothing;31/07/2034;47;36;Maryland;M;White;Spring;Free Shipping;Credit Card;Every 3 Months
1934;48;Male;Sandals;Footwear;02/08/2034;28;67;Montana;L;Violet;Summer;Next Day Air;Venmo;Annually
1935;34;Male;Jacket;Outerwear;04/08/2034;23;43;Michigan;L;Gold;Winter;Free Shipping;Bank Transfer;Annually
1936;19;Male;Blouse;Clothing;06/08/2034;45;68;North Carolina;XL;Violet;Spring;Free Shipping;Cash;Fortnightly
1937;70;Male;Jewelry;Accessories;08/08/2034;44;60;Minnesota;S;Teal;Summer;2-Day Shipping;PayPal;Every 3 Months
1938;43;Male;Socks;Clothing;10/08/2034;11;53;Delaware;M;Olive;Summer;2-Day Shipping;Bank Transfer;Monthly
1939;46;Male;Jeans;Clothing;12/08/2034;39;23;Kentucky;L;Blue;Spring;Standard;Debit Card;Bi-Weekly
1940;66;Male;Gloves;Accessories;14/08/2034;20;57;Ohio;L;Magenta;Winter;Store Pickup;PayPal;Every 3 Months
1941;50;Male;Hat;Accessories;16/08/2034;48;89;Alaska;L;Gray;Fall;2-Day Shipping;PayPal;Fortnightly
1942;55;Male;Shoes;Footwear;18/08/2034;46;99;Vermont;XL;Peach;Winter;Standard;Credit Card;Quarterly
1943;63;Male;Pants;Clothing;20/08/2034;22;28;Alabama;M;Cyan;Fall;Express;PayPal;Monthly
1944;32;Male;Socks;Clothing;22/08/2034;45;53;Wisconsin;L;Violet;Summer;Next Day Air;Cash;Annually
1945;30;Male;Hoodie;Clothing;24/08/2034;49;45;Arkansas;M;Gold;Winter;Free Shipping;Cash;Every 3 Months
1946;35;Male;Hoodie;Clothing;26/08/2034;9;38;Georgia;M;Gold;Winter;2-Day Shipping;Credit Card;Every 3 Months
1947;59;Male;Pants;Clothing;28/08/2034;41;49;Louisiana;M;White;Summer;Standard;Credit Card;Quarterly
1948;59;Male;Shirt;Clothing;30/08/2034;2;32;New York;M;Gray;Summer;Store Pickup;PayPal;Monthly
1949;54;Male;T-shirt;Clothing;01/09/2034;39;37;Connecticut;L;Brown;Winter;Next Day Air;PayPal;Bi-Weekly
1950;63;Male;Dress;Clothing;03/09/2034;12;80;Nebraska;L;Gray;Winter;Store Pickup;PayPal;Quarterly
1951;43;Male;Backpack;Accessories;05/09/2034;26;78;Arkansas;L;Blue;Summer;Free Shipping;PayPal;Every 3 Months
1952;33;Male;Gloves;Accessories;07/09/2034;32;53;Connecticut;L;Gold;Summer;Next Day Air;Bank Transfer;Bi-Weekly
1953;57;Male;Shoes;Footwear;09/09/2034;50;82;Maryland;L;Yellow;Summer;2-Day Shipping;Cash;Bi-Weekly
1954;25;Male;Skirt;Clothing;11/09/2034;3;33;Colorado;XL;Green;Spring;Standard;PayPal;Fortnightly
1955;26;Male;Gloves;Accessories;13/09/2034;3;77;Colorado;M;Pink;Winter;Free Shipping;Venmo;Quarterly
1956;50;Male;Hoodie;Clothing;15/09/2034;37;56;Maine;M;Pink;Winter;Express;Cash;Monthly
1957;70;Male;Socks;Clothing;17/09/2034;20;37;Oklahoma;M;Pink;Winter;Express;Credit Card;Fortnightly
1958;68;Male;Gloves;Accessories;19/09/2034;26;54;South Carolina;M;Cyan;Spring;Store Pickup;Cash;Bi-Weekly
1959;39;Male;Shorts;Clothing;21/09/2034;47;67;Nevada;M;Gray;Winter;Store Pickup;Cash;Quarterly
1960;46;Male;Shoes;Footwear;23/09/2034;7;90;Colorado;M;White;Fall;Store Pickup;Credit Card;Every 3 Months
1961;57;Male;Jeans;Clothing;25/09/2034;40;72;Massachusetts;L;Red;Summer;2-Day Shipping;Credit Card;Annually
1962;47;Male;Boots;Footwear;27/09/2034;45;59;Nevada;L;Black;Summer;Free Shipping;Debit Card;Quarterly
1963;40;Male;Hat;Accessories;29/09/2034;20;45;Iowa;M;Silver;Fall;Standard;PayPal;Fortnightly
1964;52;Male;Shorts;Clothing;01/10/2034;11;30;Michigan;L;Pink;Spring;Standard;Credit Card;Weekly
1965;40;Male;Pants;Clothing;03/10/2034;50;51;West Virginia;S;Cyan;Summer;Express;Debit Card;Monthly
1966;67;Male;Sweater;Clothing;05/10/2034;25;90;Indiana;M;White;Fall;Express;Debit Card;Quarterly
1967;67;Male;Jacket;Outerwear;07/10/2034;5;95;Indiana;XL;Purple;Winter;Express;Credit Card;Fortnightly
1968;37;Male;Dress;Clothing;09/10/2034;4;81;Georgia;L;Yellow;Fall;Standard;Venmo;Annually
1969;67;Male;Shirt;Clothing;11/10/2034;25;70;Minnesota;S;Blue;Spring;Standard;Credit Card;Weekly
1970;64;Male;Dress;Clothing;13/10/2034;11;32;Louisiana;S;Cyan;Winter;Next Day Air;Bank Transfer;Fortnightly
1971;28;Male;Belt;Accessories;15/10/2034;4;94;Maryland;M;Indigo;Spring;Next Day Air;Credit Card;Bi-Weekly
1972;54;Male;Hat;Accessories;17/10/2034;1;29;Pennsylvania;XL;Indigo;Spring;Next Day Air;Venmo;Monthly
1973;54;Male;Backpack;Accessories;19/10/2034;48;31;Louisiana;M;Silver;Summer;Express;PayPal;Every 3 Months
1974;24;Male;Skirt;Clothing;21/10/2034;9;20;Maryland;XL;Red;Fall;Standard;Venmo;Every 3 Months
1975;27;Male;Gloves;Accessories;23/10/2034;2;44;Tennessee;M;Peach;Winter;2-Day Shipping;PayPal;Fortnightly
1976;53;Male;Jacket;Outerwear;25/10/2034;4;77;Illinois;L;Turquoise;Fall;Express;Cash;Quarterly
1977;32;Male;Handbag;Accessories;27/10/2034;43;51;Wyoming;M;Pink;Spring;Next Day Air;PayPal;Fortnightly
1978;24;Male;Sandals;Footwear;29/10/2034;32;49;Florida;M;Teal;Summer;Free Shipping;Bank Transfer;Annually
1979;45;Male;Sunglasses;Accessories;31/10/2034;1;78;Massachusetts;L;Magenta;Spring;Store Pickup;Cash;Quarterly
1980;49;Male;Jeans;Clothing;02/11/2034;38;98;Tennessee;L;Blue;Spring;Store Pickup;Debit Card;Fortnightly
1981;51;Male;Sandals;Footwear;04/11/2034;25;94;Iowa;M;Green;Winter;Store Pickup;PayPal;Fortnightly
1982;69;Male;Shoes;Footwear;06/11/2034;42;91;Michigan;L;Violet;Summer;Express;PayPal;Quarterly
1983;41;Male;Sunglasses;Accessories;08/11/2034;32;77;Kansas;M;Turquoise;Summer;2-Day Shipping;PayPal;Monthly
1984;59;Male;Scarf;Accessories;10/11/2034;21;97;Georgia;M;Pink;Summer;Next Day Air;Debit Card;Quarterly
1985;26;Male;Skirt;Clothing;12/11/2034;26;58;West Virginia;M;Black;Summer;2-Day Shipping;PayPal;Fortnightly
1986;23;Male;Gloves;Accessories;14/11/2034;6;97;Tennessee;M;Gold;Spring;2-Day Shipping;Credit Card;Fortnightly
1987;62;Male;Coat;Outerwear;16/11/2034;14;48;Arkansas;L;Green;Summer;2-Day Shipping;Venmo;Quarterly
1988;69;Male;Belt;Accessories;18/11/2034;4;23;Vermont;XL;White;Summer;Express;Cash;Quarterly
1989;46;Male;Pants;Clothing;20/11/2034;26;79;Virginia;M;Gold;Winter;Free Shipping;Bank Transfer;Weekly
1990;35;Male;Jewelry;Accessories;22/11/2034;39;42;Maryland;S;Charcoal;Spring;Express;PayPal;Bi-Weekly
1991;32;Male;Backpack;Accessories;24/11/2034;15;95;Connecticut;L;White;Spring;2-Day Shipping;PayPal;Annually
1992;46;Male;Sneakers;Footwear;26/11/2034;1;29;Missouri;M;Brown;Summer;Next Day Air;Venmo;Every 3 Months
1993;33;Male;Hoodie;Clothing;28/11/2034;28;98;New Jersey;L;Gold;Winter;2-Day Shipping;Venmo;Monthly
1994;32;Male;Blouse;Clothing;30/11/2034;17;96;Arkansas;S;Purple;Spring;Express;Cash;Weekly
1995;33;Male;Sunglasses;Accessories;02/12/2034;24;66;Nevada;M;Brown;Fall;Next Day Air;Credit Card;Weekly
1996;67;Male;Boots;Footwear;04/12/2034;29;80;Missouri;S;Teal;Spring;Standard;Debit Card;Quarterly
1997;67;Male;Sneakers;Footwear;06/12/2034;18;27;South Dakota;L;Indigo;Summer;Next Day Air;Cash;Every 3 Months
1998;42;Male;Backpack;Accessories;08/12/2034;10;25;Connecticut;M;Purple;Fall;Express;Debit Card;Bi-Weekly
1999;20;Male;Pants;Clothing;10/12/2034;19;45;Vermont;M;Orange;Fall;2-Day Shipping;Cash;Quarterly
2000;39;Male;Socks;Clothing;12/12/2034;26;89;Tennessee;L;Indigo;Winter;2-Day Shipping;Debit Card;Monthly
2001;26;Male;Belt;Accessories;14/12/2034;25;27;California;M;Lavender;Winter;2-Day Shipping;Cash;Bi-Weekly
2002;51;Male;Sunglasses;Accessories;16/12/2034;2;90;Wyoming;S;Purple;Winter;Free Shipping;Debit Card;Fortnightly
2003;31;Male;Shirt;Clothing;18/12/2034;19;65;New York;M;Red;Summer;Express;PayPal;Every 3 Months
2004;68;Male;Sneakers;Footwear;20/12/2034;32;72;Maine;S;Blue;Spring;Express;Cash;Quarterly
2005;44;Male;Shoes;Footwear;22/12/2034;13;70;Georgia;L;Blue;Fall;2-Day Shipping;Cash;Bi-Weekly
2006;18;Male;Sandals;Footwear;24/12/2034;30;82;Tennessee;M;Cyan;Winter;Store Pickup;PayPal;Fortnightly
2007;58;Male;Scarf;Accessories;26/12/2034;2;97;New Mexico;S;Pink;Fall;Express;Credit Card;Annually
2008;26;Male;Shirt;Clothing;28/12/2034;8;25;Virginia;M;Silver;Summer;2-Day Shipping;PayPal;Quarterly
2009;57;Male;Skirt;Clothing;30/12/2034;27;48;Florida;M;Gray;Spring;Free Shipping;PayPal;Every 3 Months
2010;37;Male;Boots;Footwear;01/01/2035;26;99;Alabama;M;Indigo;Summer;Next Day Air;Venmo;Bi-Weekly
2011;24;Male;Sweater;Clothing;03/01/2035;3;21;Texas;M;Maroon;Summer;2-Day Shipping;Debit Card;Bi-Weekly
2012;57;Male;Sandals;Footwear;05/01/2035;4;94;West Virginia;M;Beige;Spring;Express;Bank Transfer;Monthly
2013;48;Male;Jeans;Clothing;07/01/2035;5;53;Nevada;L;Green;Fall;Store Pickup;Cash;Fortnightly
2014;39;Male;Backpack;Accessories;09/01/2035;25;70;Virginia;M;Peach;Winter;Standard;Debit Card;Quarterly
2015;51;Male;Skirt;Clothing;11/01/2035;47;26;Wisconsin;L;Black;Summer;Standard;PayPal;Bi-Weekly
2016;57;Male;Belt;Accessories;13/01/2035;8;82;Virginia;S;Pink;Summer;Next Day Air;Credit Card;Fortnightly
2017;53;Male;Shoes;Footwear;15/01/2035;20;47;Maine;S;Violet;Winter;Standard;Debit Card;Fortnightly
2018;70;Male;Socks;Clothing;17/01/2035;42;32;Massachusetts;S;Green;Winter;Next Day Air;Bank Transfer;Every 3 Months
2019;60;Male;Backpack;Accessories;19/01/2035;20;97;Arkansas;S;Gold;Fall;Store Pickup;Bank Transfer;Weekly
2020;31;Male;Shirt;Clothing;21/01/2035;23;68;Idaho;S;Red;Winter;Store Pickup;Cash;Fortnightly
2021;41;Male;Sweater;Clothing;23/01/2035;26;23;Pennsylvania;M;Beige;Winter;Next Day Air;Cash;Quarterly
2022;62;Male;Handbag;Accessories;25/01/2035;48;33;Maine;M;Green;Winter;Standard;Venmo;Quarterly
2023;59;Male;Jewelry;Accessories;27/01/2035;16;38;Alabama;S;Black;Winter;Store Pickup;Cash;Bi-Weekly
2024;46;Male;Socks;Clothing;29/01/2035;28;68;Idaho;S;Teal;Winter;Store Pickup;Cash;Bi-Weekly
2025;62;Male;Socks;Clothing;31/01/2035;39;23;Arkansas;L;Silver;Fall;Express;PayPal;Weekly
2026;42;Male;Shirt;Clothing;02/02/2035;43;29;Delaware;M;Turquoise;Summer;Express;Debit Card;Fortnightly
2027;37;Male;Scarf;Accessories;04/02/2035;45;35;Maine;M;Orange;Winter;Express;Bank Transfer;Every 3 Months
2028;50;Male;Shoes;Footwear;06/02/2035;50;73;Nebraska;S;Gold;Fall;Standard;Credit Card;Every 3 Months
2029;29;Male;Shoes;Footwear;08/02/2035;10;84;Ohio;XL;Purple;Fall;2-Day Shipping;Venmo;Bi-Weekly
2030;25;Male;Scarf;Accessories;10/02/2035;40;23;Montana;M;Pink;Spring;Next Day Air;PayPal;Quarterly
2031;66;Male;Sunglasses;Accessories;12/02/2035;38;67;New Mexico;S;Green;Summer;Standard;Credit Card;Monthly
2032;21;Male;Socks;Clothing;14/02/2035;2;51;North Carolina;L;Charcoal;Spring;Standard;Credit Card;Monthly
2033;46;Male;Blouse;Clothing;16/02/2035;13;36;South Carolina;M;Maroon;Winter;Next Day Air;Cash;Annually
2034;57;Male;Jeans;Clothing;18/02/2035;33;55;Illinois;L;Olive;Summer;Express;Venmo;Annually
2035;61;Male;Shorts;Clothing;20/02/2035;27;30;Alabama;M;Peach;Spring;Store Pickup;PayPal;Monthly
2036;53;Male;T-shirt;Clothing;22/02/2035;43;70;Oklahoma;S;Yellow;Summer;Express;Bank Transfer;Weekly
2037;37;Male;Blouse;Clothing;24/02/2035;46;63;Minnesota;S;Lavender;Winter;Next Day Air;Cash;Weekly
2038;39;Male;Belt;Accessories;26/02/2035;7;87;Illinois;S;Green;Summer;Express;Venmo;Bi-Weekly
2039;53;Male;Blouse;Clothing;28/02/2035;35;70;Arkansas;L;Orange;Spring;Next Day Air;Credit Card;Fortnightly
2040;35;Male;T-shirt;Clothing;02/03/2035;31;51;Minnesota;M;Olive;Spring;Next Day Air;Debit Card;Bi-Weekly
2041;69;Male;Jewelry;Accessories;04/03/2035;42;25;South Carolina;XL;Gray;Spring;Free Shipping;Venmo;Quarterly
2042;66;Male;Jacket;Outerwear;06/03/2035;14;32;New York;S;Lavender;Winter;Next Day Air;PayPal;Bi-Weekly
2043;19;Male;Shoes;Footwear;08/03/2035;35;52;Alabama;M;Red;Spring;2-Day Shipping;Venmo;Monthly
2044;47;Male;Gloves;Accessories;10/03/2035;49;33;New York;M;Charcoal;Summer;Standard;PayPal;Weekly
2045;49;Male;Jeans;Clothing;12/03/2035;17;68;Missouri;L;Orange;Spring;Free Shipping;PayPal;Fortnightly
2046;31;Male;Jewelry;Accessories;14/03/2035;26;20;Georgia;M;Red;Fall;Express;PayPal;Quarterly
2047;39;Male;Pants;Clothing;16/03/2035;30;32;Oklahoma;M;Maroon;Winter;Free Shipping;Cash;Every 3 Months
2048;58;Male;Jewelry;Accessories;18/03/2035;32;82;Connecticut;M;Silver;Summer;Store Pickup;Cash;Annually
2049;45;Male;Sneakers;Footwear;20/03/2035;35;64;Michigan;XL;Pink;Winter;Express;Bank Transfer;Quarterly
2050;68;Male;Boots;Footwear;22/03/2035;15;24;Rhode Island;L;Blue;Fall;Standard;Venmo;Annually
2051;35;Male;Hat;Accessories;24/03/2035;10;96;Mississippi;M;Teal;Summer;Store Pickup;Debit Card;Annually
2052;65;Male;T-shirt;Clothing;26/03/2035;14;94;Massachusetts;L;Black;Spring;Free Shipping;Credit Card;Monthly
2053;45;Male;Backpack;Accessories;28/03/2035;30;48;New Hampshire;M;Gray;Winter;2-Day Shipping;Bank Transfer;Annually
2054;19;Male;Sunglasses;Accessories;30/03/2035;16;60;Wyoming;S;Purple;Spring;2-Day Shipping;Credit Card;Fortnightly
2055;65;Male;Sweater;Clothing;01/04/2035;14;56;New Jersey;XL;Gold;Spring;Express;PayPal;Annually
2056;28;Male;Handbag;Accessories;03/04/2035;28;33;Texas;M;Silver;Fall;2-Day Shipping;Bank Transfer;Weekly
2057;55;Male;Backpack;Accessories;05/04/2035;29;46;Minnesota;L;Blue;Spring;2-Day Shipping;PayPal;Monthly
2058;66;Male;Socks;Clothing;07/04/2035;5;37;South Dakota;L;Yellow;Spring;Standard;PayPal;Every 3 Months
2059;29;Male;Shirt;Clothing;09/04/2035;17;98;Washington;M;Brown;Winter;Store Pickup;Bank Transfer;Quarterly
2060;56;Male;Shorts;Clothing;11/04/2035;50;50;California;XL;Beige;Spring;Express;PayPal;Weekly
2061;21;Male;Belt;Accessories;13/04/2035;23;63;Wisconsin;M;Blue;Fall;Next Day Air;Bank Transfer;Quarterly
2062;32;Male;Sweater;Clothing;15/04/2035;22;70;Michigan;S;Magenta;Summer;Store Pickup;Debit Card;Annually
2063;54;Male;Coat;Outerwear;17/04/2035;15;63;South Carolina;L;Silver;Fall;Standard;Cash;Quarterly
2064;61;Male;Shorts;Clothing;19/04/2035;32;86;Indiana;M;Cyan;Fall;Standard;Cash;Monthly
2065;31;Male;Shoes;Footwear;21/04/2035;5;99;Arkansas;M;Green;Summer;2-Day Shipping;Bank Transfer;Monthly
2066;27;Male;Sneakers;Footwear;23/04/2035;6;40;Oregon;M;Blue;Spring;Free Shipping;Bank Transfer;Bi-Weekly
2067;64;Male;Sneakers;Footwear;25/04/2035;44;92;Illinois;M;Olive;Fall;Store Pickup;Debit Card;Fortnightly
2068;60;Male;Pants;Clothing;27/04/2035;23;21;Maryland;XL;Beige;Fall;2-Day Shipping;Cash;Fortnightly
2069;70;Male;Jewelry;Accessories;29/04/2035;44;81;Vermont;XL;Black;Summer;Store Pickup;Venmo;Monthly
2070;36;Male;T-shirt;Clothing;01/05/2035;3;82;Texas;M;Indigo;Fall;Free Shipping;Debit Card;Quarterly
2071;56;Male;Jewelry;Accessories;03/05/2035;14;88;Nebraska;XL;Red;Spring;Express;Cash;Monthly
2072;69;Male;Jacket;Outerwear;05/05/2035;37;100;South Carolina;S;Yellow;Fall;Store Pickup;PayPal;Quarterly
2073;39;Male;Backpack;Accessories;07/05/2035;22;66;Massachusetts;M;Beige;Winter;Next Day Air;Bank Transfer;Weekly
2074;38;Male;Belt;Accessories;09/05/2035;2;25;Texas;S;Green;Winter;Next Day Air;PayPal;Every 3 Months
2075;36;Male;Scarf;Accessories;11/05/2035;44;53;Florida;M;White;Summer;Free Shipping;Debit Card;Fortnightly
2076;46;Male;Sweater;Clothing;13/05/2035;49;28;South Carolina;S;Turquoise;Fall;Express;Debit Card;Monthly
2077;59;Male;Gloves;Accessories;15/05/2035;22;23;Florida;S;Indigo;Fall;Free Shipping;Debit Card;Bi-Weekly
2078;64;Male;Scarf;Accessories;17/05/2035;26;34;Nebraska;L;Orange;Fall;Free Shipping;Bank Transfer;Annually
2079;49;Male;Dress;Clothing;19/05/2035;40;42;Hawaii;M;Blue;Spring;Next Day Air;Debit Card;Weekly
2080;32;Male;Jeans;Clothing;21/05/2035;16;24;Montana;L;Violet;Summer;Next Day Air;PayPal;Quarterly
2081;29;Male;Sunglasses;Accessories;23/05/2035;17;47;South Dakota;S;Gray;Fall;Free Shipping;Debit Card;Bi-Weekly
2082;24;Male;Coat;Outerwear;25/05/2035;48;78;Alabama;S;Cyan;Spring;Standard;Bank Transfer;Bi-Weekly
2083;41;Male;Jeans;Clothing;27/05/2035;28;89;Arkansas;M;Yellow;Summer;Free Shipping;Venmo;Every 3 Months
2084;41;Male;Scarf;Accessories;29/05/2035;26;59;Mississippi;L;Orange;Fall;Store Pickup;Credit Card;Fortnightly
2085;32;Male;Blouse;Clothing;31/05/2035;43;94;Vermont;S;Brown;Summer;Standard;Bank Transfer;Quarterly
2086;69;Male;Jeans;Clothing;02/06/2035;38;49;New York;M;Teal;Fall;Free Shipping;Debit Card;Weekly
2087;65;Male;Dress;Clothing;04/06/2035;36;89;North Dakota;L;Beige;Summer;2-Day Shipping;Cash;Every 3 Months
2088;54;Male;Hat;Accessories;06/06/2035;1;91;Wisconsin;M;Blue;Summer;Standard;Credit Card;Weekly
2089;39;Male;Sandals;Footwear;08/06/2035;49;89;California;L;Orange;Spring;Standard;Debit Card;Annually
2090;37;Male;Jacket;Outerwear;10/06/2035;41;57;Maryland;L;Gold;Spring;Free Shipping;Credit Card;Every 3 Months
2091;51;Male;Socks;Clothing;12/06/2035;21;71;Massachusetts;S;Teal;Winter;Free Shipping;Debit Card;Monthly
2092;26;Male;Jeans;Clothing;14/06/2035;24;97;Washington;XL;Beige;Fall;Next Day Air;Bank Transfer;Quarterly
2093;42;Male;Sandals;Footwear;16/06/2035;27;45;Minnesota;M;Silver;Fall;Next Day Air;Bank Transfer;Weekly
2094;21;Male;Dress;Clothing;18/06/2035;4;91;Washington;M;Maroon;Spring;Store Pickup;Debit Card;Annually
2095;53;Male;Socks;Clothing;20/06/2035;19;25;South Carolina;M;Indigo;Spring;Standard;Venmo;Annually
2096;36;Male;Hoodie;Clothing;22/06/2035;1;63;New Mexico;M;Gray;Fall;Store Pickup;Bank Transfer;Fortnightly
2097;21;Male;Dress;Clothing;24/06/2035;27;52;North Carolina;L;Blue;Summer;Free Shipping;Debit Card;Annually
2098;33;Male;Sneakers;Footwear;26/06/2035;5;43;Iowa;S;Cyan;Winter;Next Day Air;Credit Card;Weekly
2099;49;Male;T-shirt;Clothing;28/06/2035;20;28;Louisiana;M;White;Summer;2-Day Shipping;Venmo;Quarterly
2100;31;Male;T-shirt;Clothing;30/06/2035;50;78;Oklahoma;L;Green;Summer;Express;PayPal;Annually
2101;68;Male;Sweater;Clothing;02/07/2035;36;31;Michigan;M;Silver;Spring;Free Shipping;Cash;Fortnightly
2102;49;Male;Shirt;Clothing;04/07/2035;12;23;Oregon;M;Blue;Winter;Next Day Air;Bank Transfer;Bi-Weekly
2103;23;Male;Hat;Accessories;06/07/2035;23;25;Idaho;M;Brown;Spring;Store Pickup;Cash;Monthly
2104;30;Male;Pants;Clothing;08/07/2035;21;86;Indiana;S;Red;Summer;Store Pickup;Venmo;Weekly
2105;53;Male;Shoes;Footwear;10/07/2035;47;88;New Mexico;M;Gold;Spring;Free Shipping;Venmo;Weekly
2106;65;Male;Gloves;Accessories;12/07/2035;38;35;South Carolina;M;Silver;Spring;Free Shipping;Venmo;Bi-Weekly
2107;60;Male;Jewelry;Accessories;14/07/2035;40;34;Vermont;M;Gray;Fall;Standard;Credit Card;Every 3 Months
2108;46;Male;Pants;Clothing;16/07/2035;35;75;Delaware;M;Black;Winter;Standard;PayPal;Quarterly
2109;54;Male;Hoodie;Clothing;18/07/2035;4;46;North Dakota;XL;Beige;Winter;Express;Credit Card;Quarterly
2110;59;Male;Jewelry;Accessories;20/07/2035;28;31;California;L;Peach;Fall;Free Shipping;Venmo;Every 3 Months
2111;52;Male;Socks;Clothing;22/07/2035;36;93;Montana;L;Cyan;Spring;Store Pickup;Debit Card;Every 3 Months
2112;41;Male;Sunglasses;Accessories;24/07/2035;15;85;Missouri;XL;Pink;Spring;Free Shipping;Bank Transfer;Annually
2113;43;Male;Belt;Accessories;26/07/2035;7;68;Tennessee;M;Lavender;Fall;2-Day Shipping;Cash;Fortnightly
2114;63;Male;Dress;Clothing;28/07/2035;29;40;Virginia;M;Brown;Spring;Store Pickup;PayPal;Every 3 Months
2115;37;Male;Shirt;Clothing;30/07/2035;12;51;Vermont;M;Magenta;Winter;Standard;Debit Card;Annually
2116;44;Male;Scarf;Accessories;01/08/2035;16;85;Rhode Island;M;Violet;Winter;Store Pickup;Bank Transfer;Bi-Weekly
2117;67;Male;Jacket;Outerwear;03/08/2035;50;23;Kansas;M;Teal;Summer;Express;Debit Card;Bi-Weekly
2118;27;Male;Dress;Clothing;05/08/2035;11;28;Colorado;L;Brown;Summer;Free Shipping;Debit Card;Annually
2119;60;Male;Socks;Clothing;07/08/2035;28;44;Georgia;M;Olive;Fall;2-Day Shipping;Debit Card;Quarterly
2120;58;Male;Jewelry;Accessories;09/08/2035;36;57;Nebraska;M;Indigo;Spring;Store Pickup;Venmo;Bi-Weekly
2121;53;Male;Scarf;Accessories;11/08/2035;38;98;Missouri;S;Red;Fall;Next Day Air;PayPal;Quarterly
2122;43;Male;Backpack;Accessories;13/08/2035;32;68;Alaska;M;Olive;Winter;2-Day Shipping;Bank Transfer;Monthly
2123;32;Male;Jacket;Outerwear;15/08/2035;42;36;Virginia;L;Teal;Fall;Express;Debit Card;Weekly
2124;54;Male;Coat;Outerwear;17/08/2035;22;71;Nebraska;L;Cyan;Spring;Express;Debit Card;Bi-Weekly
2125;47;Male;Skirt;Clothing;19/08/2035;22;60;Rhode Island;M;Teal;Fall;Next Day Air;Venmo;Quarterly
2126;57;Male;Coat;Outerwear;21/08/2035;31;87;New Hampshire;M;Beige;Fall;Store Pickup;PayPal;Quarterly
2127;63;Male;Shoes;Footwear;23/08/2035;28;38;Alabama;XL;Magenta;Winter;Express;Credit Card;Monthly
2128;70;Male;Boots;Footwear;25/08/2035;40;45;North Carolina;M;Indigo;Spring;2-Day Shipping;Debit Card;Weekly
2129;62;Male;Coat;Outerwear;27/08/2035;21;47;New Mexico;L;Cyan;Fall;2-Day Shipping;PayPal;Weekly
2130;40;Male;Skirt;Clothing;29/08/2035;12;57;Minnesota;L;Orange;Fall;Store Pickup;PayPal;Every 3 Months
2131;25;Male;Backpack;Accessories;31/08/2035;33;68;Arizona;L;Violet;Summer;Free Shipping;Credit Card;Annually
2132;19;Male;Shorts;Clothing;02/09/2035;9;52;Montana;M;Red;Fall;Express;Bank Transfer;Fortnightly
2133;25;Male;Skirt;Clothing;04/09/2035;15;87;Vermont;M;Magenta;Fall;2-Day Shipping;Debit Card;Weekly
2134;21;Male;Hat;Accessories;06/09/2035;13;34;Maine;M;Olive;Summer;Standard;Bank Transfer;Annually
2135;55;Male;Sandals;Footwear;08/09/2035;35;41;Virginia;XL;Maroon;Winter;Standard;Credit Card;Fortnightly
2136;34;Male;Sunglasses;Accessories;10/09/2035;1;94;California;S;Yellow;Winter;Next Day Air;Debit Card;Every 3 Months
2137;47;Male;Sunglasses;Accessories;12/09/2035;25;93;New York;M;Red;Summer;Standard;Bank Transfer;Fortnightly
2138;27;Male;Socks;Clothing;14/09/2035;20;51;Indiana;XL;Purple;Winter;2-Day Shipping;Credit Card;Every 3 Months
2139;67;Male;Sweater;Clothing;16/09/2035;36;42;Mississippi;M;Teal;Fall;Next Day Air;Venmo;Quarterly
2140;40;Male;Boots;Footwear;18/09/2035;33;95;New York;M;Red;Winter;Free Shipping;Cash;Weekly
2141;53;Male;Handbag;Accessories;20/09/2035;36;90;New Mexico;M;Brown;Fall;Standard;Cash;Fortnightly
2142;24;Male;Dress;Clothing;22/09/2035;32;98;Kentucky;M;Peach;Winter;2-Day Shipping;PayPal;Annually
2143;47;Male;Hat;Accessories;24/09/2035;21;39;North Dakota;M;Maroon;Winter;Next Day Air;Venmo;Quarterly
2144;53;Male;Sandals;Footwear;26/09/2035;48;66;Arkansas;L;Red;Fall;Next Day Air;Venmo;Bi-Weekly
2145;47;Male;Shoes;Footwear;28/09/2035;25;23;Maryland;L;Orange;Winter;Free Shipping;PayPal;Quarterly
2146;38;Male;Skirt;Clothing;30/09/2035;32;73;Connecticut;S;White;Winter;Standard;PayPal;Annually
2147;48;Male;Sunglasses;Accessories;02/10/2035;45;23;Utah;XL;White;Summer;Standard;PayPal;Every 3 Months
2148;47;Male;Skirt;Clothing;04/10/2035;4;43;Missouri;S;Charcoal;Fall;Standard;Cash;Fortnightly
2149;19;Male;T-shirt;Clothing;06/10/2035;19;45;Nebraska;XL;Turquoise;Winter;2-Day Shipping;PayPal;Bi-Weekly
2150;38;Male;Sandals;Footwear;08/10/2035;1;21;Hawaii;L;Orange;Winter;Standard;Bank Transfer;Weekly
2151;57;Male;Shirt;Clothing;10/10/2035;12;40;Illinois;M;Orange;Spring;2-Day Shipping;Cash;Weekly
2152;70;Male;Jeans;Clothing;12/10/2035;18;58;Vermont;L;Brown;Fall;2-Day Shipping;Venmo;Monthly
2153;38;Male;Shorts;Clothing;14/10/2035;43;48;New Jersey;L;Magenta;Summer;Next Day Air;Bank Transfer;Bi-Weekly
2154;35;Male;Shirt;Clothing;16/10/2035;31;94;Kentucky;M;Violet;Fall;Free Shipping;PayPal;Annually
2155;46;Male;Scarf;Accessories;18/10/2035;33;74;Wyoming;M;Violet;Spring;Store Pickup;Cash;Every 3 Months
2156;32;Male;Handbag;Accessories;20/10/2035;46;51;Hawaii;L;Yellow;Fall;Store Pickup;PayPal;Monthly
2157;38;Male;Skirt;Clothing;22/10/2035;41;83;Missouri;M;Maroon;Winter;Next Day Air;Debit Card;Bi-Weekly
2158;41;Male;Handbag;Accessories;24/10/2035;41;68;Mississippi;L;Turquoise;Winter;Next Day Air;Venmo;Fortnightly
2159;19;Male;Gloves;Accessories;26/10/2035;9;84;Massachusetts;XL;Olive;Spring;Standard;Bank Transfer;Fortnightly
2160;18;Male;Shirt;Clothing;28/10/2035;34;58;Louisiana;M;Peach;Fall;Free Shipping;Cash;Annually
2161;45;Male;Blouse;Clothing;30/10/2035;21;92;West Virginia;L;Charcoal;Winter;Express;PayPal;Annually
2162;23;Male;Dress;Clothing;01/11/2035;5;69;Washington;S;Peach;Summer;Express;Debit Card;Fortnightly
2163;60;Male;Shorts;Clothing;03/11/2035;32;48;Oregon;S;Black;Summer;Free Shipping;PayPal;Weekly
2164;52;Male;Shoes;Footwear;05/11/2035;44;60;New York;L;Gray;Spring;Express;Bank Transfer;Monthly
2165;42;Male;Sandals;Footwear;07/11/2035;46;20;Iowa;S;Olive;Winter;Next Day Air;PayPal;Bi-Weekly
2166;29;Male;Pants;Clothing;09/11/2035;42;55;Idaho;M;Turquoise;Summer;Express;Credit Card;Every 3 Months
2167;31;Male;Jacket;Outerwear;11/11/2035;50;88;New Jersey;S;Purple;Spring;Express;Credit Card;Bi-Weekly
2168;30;Male;Skirt;Clothing;13/11/2035;33;48;Ohio;L;Green;Winter;Standard;Venmo;Fortnightly
2169;23;Male;Handbag;Accessories;15/11/2035;32;74;Connecticut;M;Beige;Spring;Next Day Air;Cash;Quarterly
2170;31;Male;Coat;Outerwear;17/11/2035;32;42;Florida;M;Brown;Fall;Next Day Air;Bank Transfer;Bi-Weekly
2171;40;Male;Sweater;Clothing;19/11/2035;37;32;South Carolina;M;Turquoise;Fall;Next Day Air;Venmo;Every 3 Months
2172;39;Male;Shorts;Clothing;21/11/2035;9;98;Missouri;M;Yellow;Summer;Store Pickup;Cash;Fortnightly
2173;28;Male;Skirt;Clothing;23/11/2035;6;89;Rhode Island;S;Lavender;Fall;Store Pickup;PayPal;Fortnightly
2174;23;Male;Gloves;Accessories;25/11/2035;36;97;Delaware;S;Cyan;Summer;2-Day Shipping;Venmo;Quarterly
2175;42;Male;Backpack;Accessories;27/11/2035;1;49;Colorado;S;Olive;Spring;Store Pickup;Cash;Annually
2176;68;Male;Dress;Clothing;29/11/2035;48;50;Nebraska;M;Silver;Spring;Free Shipping;Credit Card;Fortnightly
2177;24;Male;Belt;Accessories;01/12/2035;44;91;Vermont;S;Red;Winter;2-Day Shipping;Debit Card;Quarterly
2178;24;Male;Gloves;Accessories;03/12/2035;9;93;Montana;XL;Green;Winter;Express;PayPal;Bi-Weekly
2179;21;Male;Jewelry;Accessories;05/12/2035;32;98;Florida;M;Gold;Summer;Standard;Venmo;Annually
2180;49;Male;Socks;Clothing;07/12/2035;14;82;Delaware;L;Lavender;Fall;Next Day Air;PayPal;Monthly
2181;41;Male;Coat;Outerwear;09/12/2035;43;37;Connecticut;M;Yellow;Summer;Store Pickup;Cash;Quarterly
2182;22;Male;Handbag;Accessories;11/12/2035;32;63;Hawaii;M;Black;Fall;Free Shipping;Bank Transfer;Bi-Weekly
2183;42;Male;Blouse;Clothing;13/12/2035;26;99;New Mexico;M;Maroon;Winter;Store Pickup;Venmo;Bi-Weekly
2184;30;Male;Shorts;Clothing;15/12/2035;2;37;Kansas;M;Maroon;Spring;Store Pickup;Cash;Monthly
2185;38;Male;Shoes;Footwear;17/12/2035;16;34;Nevada;S;Gold;Spring;Free Shipping;PayPal;Every 3 Months
2186;40;Male;Shorts;Clothing;19/12/2035;50;32;North Carolina;M;Violet;Winter;Express;Debit Card;Every 3 Months
2187;55;Male;Sandals;Footwear;21/12/2035;6;23;New Mexico;XL;Teal;Winter;Next Day Air;PayPal;Every 3 Months
2188;37;Male;Blouse;Clothing;23/12/2035;20;78;Idaho;M;Violet;Spring;Free Shipping;PayPal;Annually
2189;41;Male;Coat;Outerwear;25/12/2035;9;54;California;M;Brown;Winter;Next Day Air;Credit Card;Weekly
2190;38;Male;Blouse;Clothing;27/12/2035;47;94;Wisconsin;XL;Brown;Fall;Express;Credit Card;Bi-Weekly
2191;42;Male;Belt;Accessories;29/12/2035;33;75;Alaska;S;Maroon;Spring;Express;Credit Card;Annually
2192;26;Male;Blouse;Clothing;31/12/2035;46;69;Pennsylvania;S;Maroon;Summer;Next Day Air;Cash;Bi-Weekly
2193;41;Male;Scarf;Accessories;02/01/2036;9;35;Virginia;L;Yellow;Winter;Next Day Air;Credit Card;Monthly
2194;27;Male;Shirt;Clothing;04/01/2036;8;78;California;L;Turquoise;Spring;Express;PayPal;Monthly
2195;61;Male;Socks;Clothing;06/01/2036;48;29;Kentucky;M;Silver;Summer;Standard;Bank Transfer;Quarterly
2196;58;Male;Jeans;Clothing;08/01/2036;2;62;New York;M;Brown;Fall;Next Day Air;Cash;Monthly
2197;25;Male;Dress;Clothing;10/01/2036;31;58;Vermont;M;Gray;Spring;Next Day Air;PayPal;Weekly
2198;33;Male;Boots;Footwear;12/01/2036;40;88;Pennsylvania;M;Indigo;Summer;2-Day Shipping;Venmo;Monthly
2199;57;Male;Scarf;Accessories;14/01/2036;35;80;New York;L;Turquoise;Summer;Free Shipping;Venmo;Monthly
2200;39;Male;Scarf;Accessories;16/01/2036;40;47;North Carolina;M;Maroon;Summer;Store Pickup;Debit Card;Monthly
2201;60;Male;Gloves;Accessories;18/01/2036;27;51;Wyoming;L;Charcoal;Summer;Next Day Air;Debit Card;Every 3 Months
2202;39;Male;Pants;Clothing;20/01/2036;10;25;Ohio;L;Peach;Spring;2-Day Shipping;Venmo;Annually
2203;42;Male;Dress;Clothing;22/01/2036;23;36;Alabama;M;Red;Summer;Next Day Air;Credit Card;Weekly
2204;53;Male;Dress;Clothing;24/01/2036;32;79;Rhode Island;M;Indigo;Winter;Free Shipping;Cash;Quarterly
2205;20;Male;Jeans;Clothing;26/01/2036;6;41;Oregon;S;Lavender;Winter;2-Day Shipping;Debit Card;Monthly
2206;46;Male;Sweater;Clothing;28/01/2036;27;68;North Dakota;XL;Red;Fall;Express;PayPal;Weekly
2207;46;Male;Sandals;Footwear;30/01/2036;25;51;Illinois;L;Green;Spring;Store Pickup;Bank Transfer;Fortnightly
2208;69;Male;Handbag;Accessories;01/02/2036;11;38;New Mexico;M;Gray;Fall;Next Day Air;Credit Card;Annually
2209;28;Male;Scarf;Accessories;03/02/2036;23;46;Colorado;XL;Violet;Summer;2-Day Shipping;PayPal;Monthly
2210;42;Male;Sandals;Footwear;05/02/2036;44;20;Utah;XL;Beige;Summer;2-Day Shipping;Bank Transfer;Quarterly
2211;30;Male;Sunglasses;Accessories;07/02/2036;35;25;Virginia;M;Orange;Summer;Store Pickup;PayPal;Fortnightly
2212;50;Male;Sweater;Clothing;09/02/2036;45;89;Maine;L;Purple;Winter;Free Shipping;Debit Card;Every 3 Months
2213;59;Male;Pants;Clothing;11/02/2036;22;77;Nebraska;M;Brown;Winter;Next Day Air;Bank Transfer;Quarterly
2214;54;Male;Hat;Accessories;13/02/2036;18;94;Hawaii;M;Maroon;Fall;Express;Debit Card;Quarterly
2215;50;Male;Belt;Accessories;15/02/2036;20;100;Idaho;L;Gold;Fall;Standard;Debit Card;Weekly
2216;25;Male;Sandals;Footwear;17/02/2036;28;96;West Virginia;M;Indigo;Winter;Express;Credit Card;Fortnightly
2217;41;Male;Pants;Clothing;19/02/2036;15;36;Vermont;XL;Silver;Winter;Store Pickup;Venmo;Bi-Weekly
2218;35;Male;Jewelry;Accessories;21/02/2036;42;27;Indiana;XL;Red;Fall;Store Pickup;Bank Transfer;Fortnightly
2219;67;Male;Sunglasses;Accessories;23/02/2036;20;67;Idaho;M;Magenta;Winter;Store Pickup;Debit Card;Quarterly
2220;33;Male;Blouse;Clothing;25/02/2036;16;91;Minnesota;S;Purple;Fall;Store Pickup;Bank Transfer;Fortnightly
2221;19;Male;Belt;Accessories;27/02/2036;47;62;Wyoming;XL;Beige;Fall;Store Pickup;Cash;Annually
2222;25;Male;Shorts;Clothing;29/02/2036;34;88;Kansas;XL;White;Fall;Free Shipping;Credit Card;Annually
2223;32;Male;Pants;Clothing;02/03/2036;30;66;Georgia;M;Teal;Summer;Store Pickup;Credit Card;Weekly
2224;30;Male;Sandals;Footwear;04/03/2036;5;65;Kansas;M;Gray;Fall;Next Day Air;PayPal;Quarterly
2225;18;Male;Gloves;Accessories;06/03/2036;38;25;Nebraska;L;Charcoal;Winter;Standard;Cash;Quarterly
2226;38;Male;Belt;Accessories;08/03/2036;18;64;Washington;S;Olive;Spring;Free Shipping;Credit Card;Annually
2227;22;Male;Shirt;Clothing;10/03/2036;28;72;Missouri;L;Blue;Spring;Store Pickup;Cash;Annually
2228;40;Male;Scarf;Accessories;12/03/2036;42;74;Washington;S;Gray;Summer;Next Day Air;Credit Card;Fortnightly
2229;54;Male;Gloves;Accessories;14/03/2036;5;50;Kansas;M;Green;Fall;Free Shipping;Credit Card;Weekly
2230;70;Male;Pants;Clothing;16/03/2036;50;97;Minnesota;M;Silver;Fall;Express;Venmo;Monthly
2231;52;Male;Sneakers;Footwear;18/03/2036;33;36;Colorado;S;Teal;Spring;Express;Venmo;Fortnightly
2232;34;Male;Jacket;Outerwear;20/03/2036;1;49;Utah;M;Beige;Fall;Store Pickup;Credit Card;Weekly
2233;65;Male;Shoes;Footwear;22/03/2036;14;64;North Carolina;L;Lavender;Spring;Store Pickup;Cash;Fortnightly
2234;38;Male;Blouse;Clothing;24/03/2036;48;31;Florida;XL;Gray;Summer;Express;Credit Card;Monthly
2235;35;Male;Boots;Footwear;26/03/2036;26;66;New Hampshire;S;Yellow;Winter;Express;Cash;Weekly
2236;40;Male;Socks;Clothing;28/03/2036;44;82;Illinois;M;Gray;Spring;2-Day Shipping;Credit Card;Annually
2237;23;Male;T-shirt;Clothing;30/03/2036;18;88;Louisiana;M;Yellow;Winter;Standard;Debit Card;Fortnightly
2238;45;Male;Sandals;Footwear;01/04/2036;31;34;Alabama;S;Black;Summer;Next Day Air;Venmo;Every 3 Months
2239;40;Male;Sneakers;Footwear;03/04/2036;18;84;Florida;L;Beige;Winter;Standard;Debit Card;Weekly
2240;42;Male;Jewelry;Accessories;05/04/2036;41;96;Alabama;L;Indigo;Summer;2-Day Shipping;Credit Card;Every 3 Months
2241;57;Male;Sandals;Footwear;07/04/2036;18;71;California;L;Green;Winter;Next Day Air;Debit Card;Every 3 Months
2242;18;Male;Jacket;Outerwear;09/04/2036;3;77;Maryland;M;Purple;Summer;Free Shipping;Bank Transfer;Bi-Weekly
2243;18;Male;Skirt;Clothing;11/04/2036;5;66;Nevada;M;Orange;Spring;Next Day Air;Credit Card;Bi-Weekly
2244;56;Male;Shirt;Clothing;13/04/2036;13;21;Massachusetts;M;Teal;Winter;2-Day Shipping;Debit Card;Annually
2245;35;Male;Shorts;Clothing;15/04/2036;22;37;South Carolina;M;Gold;Summer;2-Day Shipping;PayPal;Annually
2246;49;Male;Socks;Clothing;17/04/2036;45;90;Delaware;L;Gray;Fall;Free Shipping;PayPal;Fortnightly
2247;49;Male;Jacket;Outerwear;19/04/2036;39;96;Hawaii;M;Cyan;Fall;Store Pickup;PayPal;Every 3 Months
2248;34;Male;Jewelry;Accessories;21/04/2036;18;37;Florida;L;Teal;Summer;Next Day Air;Venmo;Annually
2249;63;Male;T-shirt;Clothing;23/04/2036;19;66;Rhode Island;M;Violet;Winter;Free Shipping;PayPal;Fortnightly
2250;42;Male;Gloves;Accessories;25/04/2036;29;45;Wyoming;XL;Indigo;Spring;Next Day Air;Debit Card;Weekly
2251;41;Male;Shoes;Footwear;27/04/2036;19;89;Colorado;L;Pink;Summer;Store Pickup;Credit Card;Weekly
2252;26;Male;Shoes;Footwear;29/04/2036;22;94;Virginia;L;Gold;Fall;Free Shipping;Debit Card;Monthly
2253;48;Male;Shoes;Footwear;01/05/2036;21;96;Nebraska;S;Maroon;Summer;Express;Bank Transfer;Annually
2254;62;Male;Hoodie;Clothing;03/05/2036;22;31;Oklahoma;M;Brown;Spring;Store Pickup;PayPal;Monthly
2255;24;Male;Belt;Accessories;05/05/2036;44;79;North Dakota;M;Gold;Winter;Store Pickup;PayPal;Every 3 Months
2256;48;Male;Coat;Outerwear;07/05/2036;42;39;Michigan;L;Teal;Spring;Store Pickup;Bank Transfer;Quarterly
2257;31;Male;Blouse;Clothing;09/05/2036;33;22;California;M;Turquoise;Fall;Standard;Credit Card;Quarterly
2258;41;Male;Skirt;Clothing;11/05/2036;6;32;Tennessee;L;Olive;Fall;Standard;Bank Transfer;Annually
2259;24;Male;T-shirt;Clothing;13/05/2036;44;71;Ohio;L;Cyan;Winter;Store Pickup;Credit Card;Every 3 Months
2260;60;Male;Jeans;Clothing;15/05/2036;24;96;Florida;XL;Beige;Spring;Free Shipping;Cash;Annually
2261;38;Male;Scarf;Accessories;17/05/2036;16;82;Missouri;M;Blue;Fall;Express;PayPal;Quarterly
2262;58;Male;Backpack;Accessories;19/05/2036;12;76;South Carolina;L;Gold;Spring;Standard;Bank Transfer;Fortnightly
2263;53;Male;Backpack;Accessories;21/05/2036;50;22;Arizona;M;Green;Winter;2-Day Shipping;PayPal;Monthly
2264;44;Male;Scarf;Accessories;23/05/2036;42;40;Indiana;XL;Green;Winter;Store Pickup;Cash;Quarterly
2265;51;Male;Hat;Accessories;25/05/2036;50;92;North Dakota;M;Turquoise;Summer;2-Day Shipping;PayPal;Monthly
2266;36;Male;Coat;Outerwear;27/05/2036;10;94;Montana;XL;Yellow;Fall;Store Pickup;PayPal;Quarterly
2267;20;Male;Dress;Clothing;29/05/2036;32;44;Missouri;M;Yellow;Fall;Store Pickup;Debit Card;Weekly
2268;32;Male;Gloves;Accessories;31/05/2036;37;49;Kentucky;S;Blue;Spring;Express;Venmo;Weekly
2269;66;Male;Sweater;Clothing;02/06/2036;15;26;Georgia;L;Charcoal;Spring;2-Day Shipping;Bank Transfer;Monthly
2270;49;Male;Skirt;Clothing;04/06/2036;27;38;Kentucky;M;Yellow;Fall;Store Pickup;Credit Card;Annually
2271;27;Male;Blouse;Clothing;06/06/2036;7;72;Georgia;L;Purple;Spring;Express;Venmo;Weekly
2272;29;Male;Dress;Clothing;08/06/2036;49;99;Alaska;M;Green;Summer;Free Shipping;PayPal;Quarterly
2273;29;Male;Jacket;Outerwear;10/06/2036;44;38;Maine;L;Charcoal;Spring;Standard;PayPal;Monthly
2274;55;Male;Coat;Outerwear;12/06/2036;13;96;New Mexico;L;Silver;Winter;Express;PayPal;Bi-Weekly
2275;57;Male;Dress;Clothing;14/06/2036;38;27;New York;L;Turquoise;Spring;Next Day Air;PayPal;Fortnightly
2276;29;Male;Shorts;Clothing;16/06/2036;10;24;Oklahoma;M;Gray;Winter;Standard;Debit Card;Weekly
2277;31;Male;Jeans;Clothing;18/06/2036;25;82;Wyoming;L;Red;Summer;2-Day Shipping;Debit Card;Weekly
2278;25;Male;Hat;Accessories;20/06/2036;18;56;Alabama;M;Beige;Summer;Next Day Air;Credit Card;Quarterly
2279;61;Male;Gloves;Accessories;22/06/2036;6;25;Maryland;M;Maroon;Fall;Store Pickup;Cash;Every 3 Months
2280;53;Male;Sneakers;Footwear;24/06/2036;35;67;West Virginia;L;Indigo;Spring;Free Shipping;Bank Transfer;Quarterly
2281;22;Male;Shoes;Footwear;26/06/2036;31;21;Kentucky;M;Red;Summer;Standard;Credit Card;Fortnightly
2282;28;Male;Hoodie;Clothing;28/06/2036;41;27;Kansas;XL;Maroon;Summer;Store Pickup;Bank Transfer;Annually
2283;18;Male;Sneakers;Footwear;30/06/2036;8;97;Idaho;S;Red;Fall;2-Day Shipping;Credit Card;Annually
2284;44;Male;Handbag;Accessories;02/07/2036;34;45;Ohio;S;Black;Winter;Free Shipping;Credit Card;Fortnightly
2285;32;Male;Blouse;Clothing;04/07/2036;20;63;Iowa;XL;Black;Fall;Express;Venmo;Annually
2286;34;Male;Belt;Accessories;06/07/2036;38;100;Michigan;L;Pink;Summer;2-Day Shipping;PayPal;Every 3 Months
2287;67;Male;Socks;Clothing;08/07/2036;35;38;South Dakota;L;Blue;Spring;Store Pickup;Venmo;Quarterly
2288;66;Male;Blouse;Clothing;10/07/2036;6;45;Nebraska;L;Green;Summer;Store Pickup;Debit Card;Annually
2289;28;Male;Jewelry;Accessories;12/07/2036;50;91;California;M;Orange;Fall;Next Day Air;PayPal;Weekly
2290;70;Male;Shorts;Clothing;14/07/2036;47;82;Nevada;M;Orange;Fall;Free Shipping;Venmo;Weekly
2291;37;Male;Boots;Footwear;16/07/2036;23;48;Kansas;L;Magenta;Winter;Standard;PayPal;Quarterly
2292;28;Male;Coat;Outerwear;18/07/2036;13;30;Ohio;M;Indigo;Spring;2-Day Shipping;Credit Card;Quarterly
2293;43;Male;T-shirt;Clothing;20/07/2036;31;34;Vermont;S;Beige;Spring;Next Day Air;Debit Card;Monthly
2294;37;Male;Sweater;Clothing;22/07/2036;16;68;Georgia;L;Green;Fall;Express;Debit Card;Every 3 Months
2295;54;Male;Sunglasses;Accessories;24/07/2036;40;95;Maryland;M;Red;Winter;Express;Debit Card;Annually
2296;50;Male;Hat;Accessories;26/07/2036;45;22;Connecticut;L;Beige;Spring;2-Day Shipping;PayPal;Quarterly
2297;46;Male;Gloves;Accessories;28/07/2036;50;88;Washington;M;Green;Fall;Next Day Air;Venmo;Every 3 Months
2298;60;Male;Socks;Clothing;30/07/2036;1;83;California;M;Orange;Summer;Standard;Bank Transfer;Quarterly
2299;40;Male;Handbag;Accessories;01/08/2036;10;87;Montana;L;Cyan;Spring;2-Day Shipping;Cash;Every 3 Months
2300;64;Male;Coat;Outerwear;03/08/2036;48;57;Idaho;M;Violet;Summer;Store Pickup;Credit Card;Every 3 Months
2301;18;Male;Coat;Outerwear;05/08/2036;38;88;Pennsylvania;XL;Lavender;Summer;2-Day Shipping;Credit Card;Monthly
2302;37;Male;Pants;Clothing;07/08/2036;21;20;Maine;L;Turquoise;Winter;Next Day Air;Debit Card;Annually
2303;36;Male;Belt;Accessories;09/08/2036;38;39;Montana;L;Pink;Summer;Store Pickup;Venmo;Monthly
2304;51;Male;Sunglasses;Accessories;11/08/2036;31;71;New Jersey;S;Beige;Spring;2-Day Shipping;Credit Card;Fortnightly
2305;26;Male;Hoodie;Clothing;13/08/2036;9;73;Louisiana;L;Silver;Winter;Free Shipping;Debit Card;Fortnightly
2306;68;Male;Handbag;Accessories;15/08/2036;47;63;Maine;M;Gold;Summer;Free Shipping;Cash;Weekly
2307;27;Male;Gloves;Accessories;17/08/2036;8;78;Florida;L;Silver;Winter;Standard;Cash;Bi-Weekly
2308;28;Male;Skirt;Clothing;19/08/2036;30;96;Missouri;L;Green;Fall;Next Day Air;Debit Card;Annually
2309;49;Male;Sunglasses;Accessories;21/08/2036;22;81;North Dakota;M;Teal;Winter;2-Day Shipping;Bank Transfer;Quarterly
2310;70;Male;Dress;Clothing;23/08/2036;3;95;Connecticut;S;Gold;Fall;2-Day Shipping;Bank Transfer;Quarterly
2311;30;Male;Gloves;Accessories;25/08/2036;15;68;Virginia;M;Cyan;Spring;Standard;PayPal;Monthly
2312;27;Male;Sneakers;Footwear;27/08/2036;10;28;Montana;L;Gold;Spring;2-Day Shipping;Bank Transfer;Every 3 Months
2313;19;Male;T-shirt;Clothing;29/08/2036;19;30;Vermont;L;Violet;Summer;Free Shipping;Cash;Every 3 Months
2314;64;Male;Dress;Clothing;31/08/2036;36;31;Georgia;M;Black;Summer;Next Day Air;Bank Transfer;Fortnightly
2315;42;Male;Handbag;Accessories;02/09/2036;12;95;Virginia;XL;Brown;Winter;Express;Bank Transfer;Every 3 Months
2316;69;Male;Socks;Clothing;04/09/2036;49;79;Vermont;M;Indigo;Winter;2-Day Shipping;Debit Card;Quarterly
2317;28;Male;Sneakers;Footwear;06/09/2036;7;39;Montana;L;Yellow;Winter;Standard;Debit Card;Annually
2318;47;Male;Jacket;Outerwear;08/09/2036;28;34;New Jersey;M;Purple;Summer;Next Day Air;Bank Transfer;Monthly
2319;69;Male;Hoodie;Clothing;10/09/2036;30;28;Wyoming;L;White;Spring;Store Pickup;Credit Card;Annually
2320;56;Male;Sandals;Footwear;12/09/2036;29;38;Maine;XL;Turquoise;Winter;Free Shipping;PayPal;Monthly
2321;28;Male;Shoes;Footwear;14/09/2036;9;55;New Mexico;M;Olive;Spring;Free Shipping;Debit Card;Every 3 Months
2322;50;Male;Sandals;Footwear;16/09/2036;27;31;Colorado;M;Beige;Winter;Next Day Air;Debit Card;Fortnightly
2323;39;Male;Coat;Outerwear;18/09/2036;21;84;Connecticut;S;Lavender;Spring;Store Pickup;Venmo;Fortnightly
2324;35;Male;Gloves;Accessories;20/09/2036;36;93;Maryland;L;White;Winter;Express;Credit Card;Monthly
2325;59;Male;Coat;Outerwear;22/09/2036;19;28;Oregon;L;Brown;Winter;Free Shipping;Debit Card;Annually
2326;44;Male;Boots;Footwear;24/09/2036;47;55;New York;M;Charcoal;Summer;2-Day Shipping;Cash;Weekly
2327;66;Male;Skirt;Clothing;26/09/2036;38;63;Oklahoma;L;Maroon;Winter;Standard;Bank Transfer;Annually
2328;20;Male;Skirt;Clothing;28/09/2036;22;94;Alabama;M;Red;Winter;2-Day Shipping;Venmo;Bi-Weekly
2329;45;Male;Pants;Clothing;30/09/2036;29;36;North Dakota;M;Maroon;Fall;Express;Venmo;Bi-Weekly
2330;49;Male;Hat;Accessories;02/10/2036;42;97;Nebraska;S;Teal;Spring;Free Shipping;Bank Transfer;Annually
2331;60;Male;Backpack;Accessories;04/10/2036;47;63;Arizona;L;Orange;Summer;Store Pickup;PayPal;Every 3 Months
2332;61;Male;Scarf;Accessories;06/10/2036;10;77;Illinois;S;Olive;Spring;2-Day Shipping;Credit Card;Bi-Weekly
2333;36;Male;Scarf;Accessories;08/10/2036;10;53;South Carolina;XL;Olive;Fall;Store Pickup;Venmo;Monthly
2334;33;Male;Shirt;Clothing;10/10/2036;1;77;Kansas;M;Beige;Spring;Next Day Air;PayPal;Every 3 Months
2335;49;Male;Boots;Footwear;12/10/2036;7;79;Kansas;L;Green;Summer;Standard;Credit Card;Monthly
2336;31;Male;Coat;Outerwear;14/10/2036;10;37;Idaho;M;Black;Summer;Store Pickup;Venmo;Fortnightly
2337;19;Male;Belt;Accessories;16/10/2036;11;94;California;M;Green;Winter;Free Shipping;Credit Card;Weekly
2338;39;Male;Boots;Footwear;18/10/2036;5;76;North Dakota;S;Violet;Fall;Store Pickup;Cash;Annually
2339;66;Male;Sneakers;Footwear;20/10/2036;21;68;Georgia;S;Silver;Fall;Express;PayPal;Quarterly
2340;25;Male;Shirt;Clothing;22/10/2036;24;65;Illinois;L;Maroon;Spring;Next Day Air;Bank Transfer;Quarterly
2341;63;Male;Blouse;Clothing;24/10/2036;37;24;Delaware;M;Cyan;Summer;Standard;Credit Card;Fortnightly
2342;56;Male;Jacket;Outerwear;26/10/2036;22;31;Connecticut;L;Teal;Summer;Express;Venmo;Every 3 Months
2343;20;Male;Skirt;Clothing;28/10/2036;16;89;Tennessee;M;Olive;Fall;Standard;Debit Card;Fortnightly
2344;58;Male;Socks;Clothing;30/10/2036;44;49;Maryland;M;Red;Summer;2-Day Shipping;PayPal;Monthly
2345;34;Male;Sandals;Footwear;01/11/2036;14;92;Rhode Island;XL;Lavender;Fall;Express;Venmo;Bi-Weekly
2346;28;Male;T-shirt;Clothing;03/11/2036;23;32;New York;S;Orange;Winter;Express;Bank Transfer;Every 3 Months
2347;22;Male;Jacket;Outerwear;05/11/2036;46;67;New Mexico;L;Brown;Winter;Standard;Debit Card;Fortnightly
2348;37;Male;Belt;Accessories;07/11/2036;46;64;California;S;Gray;Fall;Express;Cash;Every 3 Months
2349;54;Male;Shoes;Footwear;09/11/2036;16;84;Maine;M;Orange;Spring;Next Day Air;PayPal;Every 3 Months
2350;65;Male;Blouse;Clothing;11/11/2036;40;34;New York;M;Orange;Fall;Standard;Credit Card;Every 3 Months
2351;57;Male;Shoes;Footwear;13/11/2036;21;26;Hawaii;M;Turquoise;Winter;Free Shipping;Cash;Annually
2352;38;Male;Sweater;Clothing;15/11/2036;25;50;New Hampshire;S;Cyan;Fall;Store Pickup;PayPal;Bi-Weekly
2353;70;Male;Boots;Footwear;17/11/2036;25;46;Nebraska;M;Yellow;Fall;Store Pickup;Bank Transfer;Quarterly
2354;56;Male;Handbag;Accessories;19/11/2036;25;71;Montana;M;White;Fall;Standard;Debit Card;Every 3 Months
2355;56;Male;Blouse;Clothing;21/11/2036;27;78;Wisconsin;M;Blue;Summer;Next Day Air;Venmo;Monthly
2356;22;Male;Skirt;Clothing;23/11/2036;12;35;Tennessee;S;Purple;Winter;Next Day Air;Cash;Monthly
2357;57;Male;Backpack;Accessories;25/11/2036;27;58;Montana;M;Gray;Summer;Free Shipping;Debit Card;Quarterly
2358;53;Male;Shirt;Clothing;27/11/2036;40;67;Michigan;L;Cyan;Fall;2-Day Shipping;Credit Card;Bi-Weekly
2359;53;Male;Sweater;Clothing;29/11/2036;38;93;Texas;L;Pink;Spring;Standard;Credit Card;Quarterly
2360;19;Male;Scarf;Accessories;01/12/2036;44;81;Pennsylvania;S;Gold;Spring;2-Day Shipping;Bank Transfer;Every 3 Months
2361;49;Male;Handbag;Accessories;03/12/2036;27;80;New York;L;Silver;Fall;2-Day Shipping;Venmo;Every 3 Months
2362;44;Male;Scarf;Accessories;05/12/2036;30;64;Alabama;M;Gray;Spring;2-Day Shipping;Credit Card;Every 3 Months
2363;27;Male;Jeans;Clothing;07/12/2036;24;41;Virginia;M;Brown;Fall;Standard;Credit Card;Monthly
2364;60;Male;Socks;Clothing;09/12/2036;38;79;Pennsylvania;XL;Pink;Winter;Express;Cash;Bi-Weekly
2365;62;Male;Sunglasses;Accessories;11/12/2036;4;60;Mississippi;L;Maroon;Winter;Free Shipping;PayPal;Quarterly
2366;52;Male;Sneakers;Footwear;13/12/2036;32;91;Wyoming;S;Peach;Winter;Next Day Air;Venmo;Monthly
2367;30;Male;Shoes;Footwear;15/12/2036;32;66;New Mexico;L;Brown;Winter;Express;Credit Card;Fortnightly
2368;66;Male;Socks;Clothing;17/12/2036;28;85;North Dakota;L;Green;Winter;Standard;Bank Transfer;Bi-Weekly
2369;29;Male;Sunglasses;Accessories;19/12/2036;6;38;New Jersey;M;Lavender;Summer;Standard;Debit Card;Every 3 Months
2370;24;Male;Sweater;Clothing;21/12/2036;24;23;Vermont;M;Cyan;Winter;Standard;PayPal;Monthly
2371;51;Male;Shoes;Footwear;23/12/2036;38;71;Alaska;M;Black;Spring;Store Pickup;Venmo;Weekly
2372;67;Male;Socks;Clothing;25/12/2036;28;25;Indiana;M;Charcoal;Winter;Next Day Air;Debit Card;Annually
2373;50;Male;Boots;Footwear;27/12/2036;9;39;Alabama;XL;Silver;Spring;Express;PayPal;Fortnightly
2374;37;Male;Hoodie;Clothing;29/12/2036;21;20;Michigan;M;Gray;Spring;Express;Debit Card;Every 3 Months
2375;69;Male;Gloves;Accessories;31/12/2036;31;73;Washington;L;Peach;Winter;Standard;Debit Card;Monthly
2376;60;Male;Backpack;Accessories;02/01/2037;18;63;Virginia;L;Peach;Fall;Next Day Air;Credit Card;Quarterly
2377;21;Male;Gloves;Accessories;04/01/2037;5;94;Tennessee;XL;Cyan;Spring;Express;Cash;Weekly
2378;44;Male;Blouse;Clothing;06/01/2037;22;94;South Dakota;L;Magenta;Fall;Next Day Air;Cash;Annually
2379;26;Male;Scarf;Accessories;08/01/2037;37;71;New Hampshire;L;Teal;Summer;Store Pickup;PayPal;Bi-Weekly
2380;40;Male;Hat;Accessories;10/01/2037;22;77;South Dakota;M;Peach;Spring;2-Day Shipping;Debit Card;Monthly
2381;41;Male;Scarf;Accessories;12/01/2037;36;66;Pennsylvania;M;Black;Fall;Next Day Air;PayPal;Fortnightly
2382;62;Male;Sandals;Footwear;14/01/2037;23;23;Wisconsin;M;Teal;Summer;Free Shipping;PayPal;Annually
2383;39;Male;Sweater;Clothing;16/01/2037;44;60;California;M;Turquoise;Spring;Express;Debit Card;Weekly
2384;53;Male;Backpack;Accessories;18/01/2037;25;72;Rhode Island;L;Gold;Spring;2-Day Shipping;Bank Transfer;Annually
2385;24;Male;Blouse;Clothing;20/01/2037;40;35;Alabama;L;Green;Winter;2-Day Shipping;PayPal;Quarterly
2386;41;Male;Scarf;Accessories;22/01/2037;12;31;Oklahoma;M;Brown;Fall;Express;PayPal;Weekly
2387;19;Male;Socks;Clothing;24/01/2037;14;33;Illinois;L;Blue;Summer;Standard;Venmo;Monthly
2388;36;Male;Hat;Accessories;26/01/2037;14;95;Tennessee;M;Gold;Summer;2-Day Shipping;Debit Card;Monthly
2389;21;Male;Dress;Clothing;28/01/2037;10;68;Alabama;M;Peach;Fall;Store Pickup;Debit Card;Annually
2390;25;Male;Coat;Outerwear;30/01/2037;17;87;Kansas;M;Violet;Spring;Store Pickup;Bank Transfer;Every 3 Months
2391;65;Male;Shirt;Clothing;01/02/2037;24;64;Arizona;XL;Yellow;Winter;Express;Debit Card;Fortnightly
2392;42;Male;Shirt;Clothing;03/02/2037;31;74;Michigan;M;Black;Winter;Next Day Air;Bank Transfer;Quarterly
2393;40;Male;Jeans;Clothing;05/02/2037;36;62;Missouri;L;Silver;Spring;2-Day Shipping;Cash;Annually
2394;58;Male;Socks;Clothing;07/02/2037;38;97;Louisiana;M;Brown;Winter;2-Day Shipping;PayPal;Every 3 Months
2395;40;Male;Sandals;Footwear;09/02/2037;23;47;Connecticut;L;Peach;Fall;2-Day Shipping;Debit Card;Fortnightly
2396;62;Male;Blouse;Clothing;11/02/2037;47;83;Connecticut;M;Cyan;Winter;2-Day Shipping;PayPal;Bi-Weekly
2397;38;Male;Shirt;Clothing;13/02/2037;20;82;Oregon;M;Olive;Spring;2-Day Shipping;Venmo;Weekly
2398;37;Male;Sunglasses;Accessories;15/02/2037;41;26;West Virginia;L;Black;Fall;Store Pickup;Venmo;Monthly
2399;65;Male;Jacket;Outerwear;17/02/2037;44;81;Florida;M;Orange;Winter;Free Shipping;Bank Transfer;Fortnightly
2400;55;Male;Dress;Clothing;19/02/2037;31;44;New Hampshire;L;Beige;Spring;Store Pickup;Cash;Monthly
2401;43;Male;Sunglasses;Accessories;21/02/2037;11;88;Oregon;M;Peach;Winter;Next Day Air;Credit Card;Bi-Weekly
2402;43;Male;Boots;Footwear;23/02/2037;25;76;Oregon;M;Pink;Winter;Standard;PayPal;Bi-Weekly
2403;45;Male;Scarf;Accessories;25/02/2037;31;89;Utah;M;Brown;Winter;Free Shipping;Cash;Weekly
2404;64;Male;Shorts;Clothing;27/02/2037;40;22;Missouri;M;Magenta;Fall;Standard;Debit Card;Weekly
2405;28;Male;Shorts;Clothing;01/03/2037;23;33;West Virginia;L;Cyan;Winter;2-Day Shipping;Credit Card;Bi-Weekly
2406;69;Male;Jeans;Clothing;03/03/2037;5;97;California;XL;Silver;Fall;Standard;Debit Card;Quarterly
2407;54;Male;Scarf;Accessories;05/03/2037;26;57;California;M;Indigo;Winter;Standard;PayPal;Weekly
2408;52;Male;Shorts;Clothing;07/03/2037;11;38;Illinois;M;Beige;Summer;Express;Credit Card;Bi-Weekly
2409;23;Male;Sneakers;Footwear;09/03/2037;44;55;Hawaii;XL;Black;Fall;Next Day Air;Debit Card;Every 3 Months
2410;26;Male;Jewelry;Accessories;11/03/2037;47;37;Washington;L;Yellow;Spring;Store Pickup;Cash;Every 3 Months
2411;48;Male;Shoes;Footwear;13/03/2037;46;43;Wisconsin;M;Maroon;Summer;Free Shipping;PayPal;Monthly
2412;49;Male;Hoodie;Clothing;15/03/2037;35;96;Virginia;M;Cyan;Summer;Free Shipping;Cash;Every 3 Months
2413;53;Male;Jacket;Outerwear;17/03/2037;8;51;Oregon;M;Pink;Winter;2-Day Shipping;Bank Transfer;Bi-Weekly
2414;69;Male;Shorts;Clothing;19/03/2037;30;95;Pennsylvania;XL;Violet;Fall;2-Day Shipping;Bank Transfer;Weekly
2415;26;Male;Socks;Clothing;21/03/2037;14;26;Virginia;M;Lavender;Summer;Next Day Air;Credit Card;Bi-Weekly
2416;21;Male;Coat;Outerwear;23/03/2037;30;34;Hawaii;XL;Lavender;Fall;Standard;Bank Transfer;Weekly
2417;59;Male;Sandals;Footwear;25/03/2037;26;83;Nebraska;S;Black;Summer;Next Day Air;Credit Card;Every 3 Months
2418;21;Male;Backpack;Accessories;27/03/2037;32;24;Alaska;M;Olive;Fall;Standard;Venmo;Fortnightly
2419;22;Male;Pants;Clothing;29/03/2037;47;69;Michigan;S;Indigo;Fall;Next Day Air;Cash;Every 3 Months
2420;26;Male;Sweater;Clothing;31/03/2037;11;40;North Carolina;M;Blue;Fall;Next Day Air;Credit Card;Every 3 Months
2421;41;Male;Jacket;Outerwear;02/04/2037;28;87;North Carolina;S;Green;Winter;Free Shipping;PayPal;Annually
2422;37;Male;Sneakers;Footwear;04/04/2037;2;46;Minnesota;L;Pink;Spring;Standard;Debit Card;Every 3 Months
2423;30;Male;Jewelry;Accessories;06/04/2037;45;82;Georgia;M;Peach;Winter;Store Pickup;Credit Card;Weekly
2424;49;Male;Backpack;Accessories;08/04/2037;7;81;West Virginia;M;Purple;Summer;Free Shipping;Credit Card;Every 3 Months
2425;49;Male;Jewelry;Accessories;10/04/2037;28;57;Delaware;M;Peach;Winter;Next Day Air;Bank Transfer;Bi-Weekly
2426;58;Male;Shoes;Footwear;12/04/2037;34;49;North Dakota;S;Olive;Summer;2-Day Shipping;Bank Transfer;Quarterly
2427;70;Male;Jacket;Outerwear;14/04/2037;26;42;Florida;M;Olive;Fall;Free Shipping;Debit Card;Every 3 Months
2428;27;Male;Jacket;Outerwear;16/04/2037;45;26;Oregon;M;Purple;Spring;Standard;Cash;Quarterly
2429;65;Male;T-shirt;Clothing;18/04/2037;34;38;Idaho;M;Violet;Spring;Next Day Air;Debit Card;Annually
2430;57;Male;Sneakers;Footwear;20/04/2037;47;57;Virginia;XL;Maroon;Summer;Standard;Credit Card;Fortnightly
2431;20;Male;Jacket;Outerwear;22/04/2037;42;100;North Dakota;XL;White;Summer;Express;Cash;Quarterly
2432;34;Male;Hoodie;Clothing;24/04/2037;27;73;Alabama;S;Olive;Fall;Express;Bank Transfer;Every 3 Months
2433;59;Male;Jacket;Outerwear;26/04/2037;43;66;Hawaii;M;Peach;Winter;Store Pickup;Venmo;Monthly
2434;54;Male;T-shirt;Clothing;28/04/2037;16;73;Oregon;M;Blue;Spring;Standard;Cash;Bi-Weekly
2435;36;Male;Gloves;Accessories;30/04/2037;40;45;Utah;M;Brown;Spring;Store Pickup;Credit Card;Monthly
2436;21;Male;Sneakers;Footwear;02/05/2037;29;27;Hawaii;S;Black;Fall;Free Shipping;Cash;Bi-Weekly
2437;52;Male;T-shirt;Clothing;04/05/2037;38;24;Connecticut;M;Yellow;Fall;Store Pickup;Credit Card;Quarterly
2438;43;Male;Sneakers;Footwear;06/05/2037;34;59;Wyoming;XL;Magenta;Winter;Store Pickup;Credit Card;Weekly
2439;32;Male;Jeans;Clothing;08/05/2037;30;20;Delaware;S;Cyan;Winter;Express;Venmo;Weekly
2440;55;Male;Handbag;Accessories;10/05/2037;45;44;Arkansas;M;Maroon;Summer;Standard;Bank Transfer;Annually
2441;31;Male;Socks;Clothing;12/05/2037;47;90;Indiana;M;Red;Spring;Standard;Bank Transfer;Annually
2442;45;Male;Jewelry;Accessories;14/05/2037;5;36;California;M;Black;Fall;Free Shipping;Credit Card;Monthly
2443;53;Male;Blouse;Clothing;16/05/2037;50;95;Wyoming;L;Violet;Winter;Free Shipping;Debit Card;Bi-Weekly
2444;24;Male;Backpack;Accessories;18/05/2037;24;30;South Dakota;M;Green;Spring;2-Day Shipping;Bank Transfer;Bi-Weekly
2445;47;Male;Scarf;Accessories;20/05/2037;15;65;West Virginia;S;Gold;Fall;Express;Debit Card;Bi-Weekly
2446;63;Male;Scarf;Accessories;22/05/2037;50;96;Tennessee;M;Brown;Summer;Store Pickup;Cash;Weekly
2447;38;Male;Shirt;Clothing;24/05/2037;7;65;Alaska;L;Peach;Spring;2-Day Shipping;Credit Card;Monthly
2448;59;Male;Pants;Clothing;26/05/2037;10;47;South Dakota;L;Peach;Fall;Store Pickup;Venmo;Fortnightly
2449;54;Male;Hat;Accessories;28/05/2037;38;25;Tennessee;S;Violet;Fall;Free Shipping;PayPal;Bi-Weekly
2450;26;Male;Coat;Outerwear;30/05/2037;31;56;Alabama;S;Violet;Fall;Express;Venmo;Fortnightly
2451;68;Male;T-shirt;Clothing;01/06/2037;7;76;North Carolina;M;Magenta;Fall;Standard;Venmo;Quarterly
2452;41;Male;Socks;Clothing;03/06/2037;27;60;Oklahoma;M;Purple;Fall;Store Pickup;Venmo;Monthly
2453;68;Male;Shirt;Clothing;05/06/2037;45;67;New York;L;Purple;Winter;Express;Bank Transfer;Every 3 Months
2454;21;Male;Sweater;Clothing;07/06/2037;13;95;Iowa;XL;Cyan;Spring;Store Pickup;Cash;Annually
2455;32;Male;Gloves;Accessories;09/06/2037;33;72;Alaska;M;Magenta;Winter;Express;Venmo;Annually
2456;20;Male;Belt;Accessories;11/06/2037;25;98;Alaska;L;Lavender;Spring;Express;Cash;Every 3 Months
2457;59;Male;Jeans;Clothing;13/06/2037;5;83;Nebraska;M;Green;Winter;2-Day Shipping;PayPal;Monthly
2458;53;Male;Handbag;Accessories;15/06/2037;23;37;Delaware;M;Maroon;Fall;2-Day Shipping;Cash;Quarterly
2459;66;Male;T-shirt;Clothing;17/06/2037;17;85;Texas;L;Turquoise;Fall;Free Shipping;Bank Transfer;Weekly
2460;47;Male;Socks;Clothing;19/06/2037;14;36;Missouri;L;Violet;Fall;2-Day Shipping;Cash;Weekly
2461;58;Male;Jeans;Clothing;21/06/2037;28;36;Maine;S;Lavender;Winter;Store Pickup;Credit Card;Annually
2462;28;Male;Scarf;Accessories;23/06/2037;19;86;Pennsylvania;L;Red;Summer;Next Day Air;Credit Card;Weekly
2463;68;Male;Pants;Clothing;25/06/2037;31;99;Missouri;XL;Orange;Spring;Standard;Bank Transfer;Bi-Weekly
2464;60;Male;Blouse;Clothing;27/06/2037;25;21;Mississippi;XL;Indigo;Summer;Standard;Cash;Bi-Weekly
2465;47;Male;Jacket;Outerwear;29/06/2037;4;84;Hawaii;L;Teal;Winter;Express;Cash;Bi-Weekly
2466;18;Male;Sandals;Footwear;01/07/2037;20;63;Texas;M;Brown;Spring;Free Shipping;Bank Transfer;Weekly
2467;32;Male;Shorts;Clothing;03/07/2037;37;84;South Dakota;S;Pink;Summer;Express;Cash;Annually
2468;27;Male;Shorts;Clothing;05/07/2037;28;72;New Jersey;M;Lavender;Spring;Express;Credit Card;Annually
2469;65;Male;Skirt;Clothing;07/07/2037;6;21;Connecticut;L;Cyan;Winter;2-Day Shipping;Venmo;Weekly
2470;68;Male;Sandals;Footwear;09/07/2037;27;92;Maryland;M;Yellow;Fall;Standard;PayPal;Annually
2471;55;Male;Blouse;Clothing;11/07/2037;29;72;Arizona;XL;Pink;Fall;Next Day Air;Credit Card;Fortnightly
2472;30;Male;Sandals;Footwear;13/07/2037;1;83;Oklahoma;M;Gray;Spring;Store Pickup;Cash;Annually
2473;24;Male;Shirt;Clothing;15/07/2037;31;73;Utah;M;Peach;Summer;Standard;Credit Card;Annually
2474;57;Male;Socks;Clothing;17/07/2037;28;98;Arkansas;M;Red;Winter;Next Day Air;Cash;Quarterly
2475;23;Male;T-shirt;Clothing;19/07/2037;19;76;North Carolina;M;Olive;Fall;Store Pickup;Bank Transfer;Quarterly
2476;69;Male;Dress;Clothing;21/07/2037;36;43;California;S;Lavender;Summer;Next Day Air;Venmo;Monthly
2477;60;Male;Hat;Accessories;23/07/2037;28;60;Colorado;M;Turquoise;Summer;Next Day Air;Cash;Monthly
2478;25;Male;Gloves;Accessories;25/07/2037;29;40;California;L;Turquoise;Spring;2-Day Shipping;PayPal;Weekly
2479;18;Male;Socks;Clothing;27/07/2037;9;93;Vermont;S;Maroon;Winter;2-Day Shipping;Bank Transfer;Every 3 Months
2480;37;Male;Dress;Clothing;29/07/2037;26;98;Kansas;S;Olive;Fall;Standard;Credit Card;Every 3 Months
2481;61;Male;Socks;Clothing;31/07/2037;7;91;Ohio;XL;Maroon;Summer;Next Day Air;Credit Card;Fortnightly
2482;41;Male;Belt;Accessories;02/08/2037;35;92;New Jersey;XL;Cyan;Fall;Free Shipping;Debit Card;Weekly
2483;69;Male;Handbag;Accessories;04/08/2037;46;87;Arizona;S;Peach;Winter;Next Day Air;Credit Card;Every 3 Months
2484;32;Male;Skirt;Clothing;06/08/2037;8;96;Arizona;S;Teal;Fall;Standard;Debit Card;Monthly
2485;60;Male;Hoodie;Clothing;08/08/2037;50;97;New Hampshire;M;Green;Summer;2-Day Shipping;Cash;Every 3 Months
2486;43;Male;Blouse;Clothing;10/08/2037;37;55;Louisiana;M;Beige;Spring;2-Day Shipping;Bank Transfer;Annually
2487;61;Male;Jeans;Clothing;12/08/2037;6;58;Texas;L;Magenta;Spring;Store Pickup;Credit Card;Fortnightly
2488;57;Male;Boots;Footwear;14/08/2037;16;21;Montana;L;Violet;Spring;Next Day Air;PayPal;Bi-Weekly
2489;56;Male;Handbag;Accessories;16/08/2037;30;82;New Hampshire;XL;Charcoal;Summer;Express;PayPal;Monthly
2490;66;Male;Coat;Outerwear;18/08/2037;50;34;South Dakota;M;Green;Winter;Express;Venmo;Quarterly
2491;52;Male;Blouse;Clothing;20/08/2037;5;78;Montana;M;Gray;Spring;Free Shipping;Cash;Every 3 Months
2492;63;Male;Handbag;Accessories;22/08/2037;15;47;North Carolina;M;Magenta;Spring;Express;Bank Transfer;Monthly
2493;50;Male;Sunglasses;Accessories;24/08/2037;34;96;South Dakota;S;Silver;Summer;Next Day Air;Bank Transfer;Bi-Weekly
2494;21;Male;Socks;Clothing;26/08/2037;6;23;Maine;S;Beige;Fall;2-Day Shipping;Venmo;Every 3 Months
2495;42;Male;Shoes;Footwear;28/08/2037;26;27;Oklahoma;S;Peach;Winter;Store Pickup;Debit Card;Annually
2496;40;Male;Backpack;Accessories;30/08/2037;34;37;Nebraska;XL;Orange;Spring;Free Shipping;Credit Card;Every 3 Months
2497;67;Male;Scarf;Accessories;01/09/2037;37;79;Illinois;S;Yellow;Summer;Store Pickup;Credit Card;Weekly
2498;35;Male;Backpack;Accessories;03/09/2037;28;40;Colorado;M;Violet;Summer;Standard;Bank Transfer;Annually
2499;18;Male;Coat;Outerwear;05/09/2037;38;39;Massachusetts;S;Green;Fall;Next Day Air;Cash;Fortnightly
2500;52;Male;Hoodie;Clothing;07/09/2037;2;73;Louisiana;L;Pink;Summer;Next Day Air;Cash;Quarterly
2501;59;Male;Gloves;Accessories;09/09/2037;32;84;Massachusetts;M;Violet;Fall;Store Pickup;Cash;Bi-Weekly
2502;49;Male;Shorts;Clothing;11/09/2037;30;94;West Virginia;M;Violet;Fall;Free Shipping;Venmo;Bi-Weekly
2503;46;Male;Skirt;Clothing;13/09/2037;17;47;Idaho;L;Pink;Spring;Standard;PayPal;Every 3 Months
2504;69;Male;Boots;Footwear;15/09/2037;5;77;Ohio;M;Violet;Summer;Store Pickup;Debit Card;Bi-Weekly
2505;56;Male;Shorts;Clothing;17/09/2037;31;94;Rhode Island;M;Turquoise;Winter;Store Pickup;Cash;Bi-Weekly
2506;27;Male;Handbag;Accessories;19/09/2037;43;75;Illinois;M;Cyan;Summer;Express;PayPal;Quarterly
2507;57;Male;Dress;Clothing;21/09/2037;19;82;New York;XL;Orange;Spring;Free Shipping;Venmo;Annually
2508;58;Male;Shoes;Footwear;23/09/2037;32;36;Louisiana;M;Cyan;Fall;Store Pickup;Credit Card;Every 3 Months
2509;23;Male;Sneakers;Footwear;25/09/2037;5;90;California;XL;Indigo;Spring;2-Day Shipping;Debit Card;Bi-Weekly
2510;19;Male;Socks;Clothing;27/09/2037;9;48;Washington;M;Black;Spring;Free Shipping;Bank Transfer;Quarterly
2511;40;Male;Jacket;Outerwear;29/09/2037;48;42;South Dakota;L;Purple;Winter;Standard;Credit Card;Weekly
2512;54;Male;Backpack;Accessories;01/10/2037;1;33;Idaho;M;Cyan;Summer;Store Pickup;PayPal;Quarterly
2513;50;Male;Socks;Clothing;03/10/2037;20;63;North Dakota;M;Green;Summer;Free Shipping;Credit Card;Monthly
2514;69;Male;Handbag;Accessories;05/10/2037;42;53;Washington;L;Teal;Winter;2-Day Shipping;Cash;Annually
2515;42;Male;Hat;Accessories;07/10/2037;45;37;Alaska;L;Teal;Spring;Free Shipping;PayPal;Bi-Weekly
2516;37;Male;Blouse;Clothing;09/10/2037;41;92;Kansas;M;Magenta;Summer;2-Day Shipping;Cash;Monthly
2517;46;Male;Shorts;Clothing;11/10/2037;36;73;Utah;XL;Brown;Spring;Standard;Debit Card;Quarterly
2518;64;Male;Shirt;Clothing;13/10/2037;10;38;Wyoming;L;Orange;Spring;Standard;Venmo;Annually
2519;20;Male;Boots;Footwear;15/10/2037;31;51;Maine;XL;Blue;Fall;Store Pickup;Venmo;Annually
2520;40;Male;Jacket;Outerwear;17/10/2037;21;90;Michigan;L;Magenta;Spring;Standard;Credit Card;Quarterly
2521;64;Male;Jacket;Outerwear;19/10/2037;16;56;Illinois;L;Magenta;Summer;Next Day Air;Cash;Every 3 Months
2522;29;Male;Handbag;Accessories;21/10/2037;18;33;Minnesota;M;Magenta;Fall;Standard;PayPal;Every 3 Months
2523;20;Male;Belt;Accessories;23/10/2037;20;53;Massachusetts;S;Olive;Winter;2-Day Shipping;Debit Card;Weekly
2524;43;Male;Handbag;Accessories;25/10/2037;21;24;New Jersey;S;Cyan;Spring;Express;Bank Transfer;Annually
2525;60;Male;Coat;Outerwear;27/10/2037;23;59;Kansas;M;Purple;Spring;Express;Credit Card;Quarterly
2526;39;Male;Sweater;Clothing;29/10/2037;20;72;Kentucky;M;Purple;Winter;Standard;PayPal;Weekly
2527;47;Male;Shorts;Clothing;31/10/2037;30;28;Rhode Island;S;Peach;Spring;Express;PayPal;Bi-Weekly
2528;19;Male;Pants;Clothing;02/11/2037;33;36;Illinois;M;Gold;Fall;Express;Bank Transfer;Every 3 Months
2529;52;Male;Jewelry;Accessories;04/11/2037;31;47;Alabama;S;Peach;Fall;2-Day Shipping;Debit Card;Monthly
2530;34;Male;Gloves;Accessories;06/11/2037;48;62;Tennessee;M;Magenta;Spring;Next Day Air;Bank Transfer;Monthly
2531;25;Male;Skirt;Clothing;08/11/2037;28;98;Massachusetts;S;Cyan;Spring;Free Shipping;Debit Card;Weekly
2532;43;Male;Sandals;Footwear;10/11/2037;7;28;Texas;M;Violet;Summer;Free Shipping;Cash;Every 3 Months
2533;55;Male;Socks;Clothing;12/11/2037;4;86;Nebraska;S;Charcoal;Summer;Next Day Air;Debit Card;Weekly
2534;66;Male;Jewelry;Accessories;14/11/2037;49;46;Pennsylvania;S;Blue;Summer;Standard;Cash;Bi-Weekly
2535;41;Male;Sunglasses;Accessories;16/11/2037;22;42;Virginia;XL;Red;Fall;Free Shipping;Cash;Weekly
2536;47;Male;Coat;Outerwear;18/11/2037;39;80;Vermont;S;Purple;Winter;Express;Bank Transfer;Fortnightly
2537;51;Male;Belt;Accessories;20/11/2037;45;39;Oklahoma;L;Gray;Spring;Express;PayPal;Every 3 Months
2538;44;Male;Coat;Outerwear;22/11/2037;30;49;Maine;M;Purple;Summer;2-Day Shipping;PayPal;Fortnightly
2539;18;Male;Scarf;Accessories;24/11/2037;33;32;New Jersey;M;Silver;Summer;Next Day Air;Credit Card;Bi-Weekly
2540;33;Male;Sandals;Footwear;26/11/2037;24;73;Massachusetts;M;Purple;Fall;Next Day Air;Cash;Bi-Weekly
2541;24;Male;Belt;Accessories;28/11/2037;11;42;New Jersey;M;Charcoal;Summer;Free Shipping;Debit Card;Quarterly
2542;33;Male;Scarf;Accessories;30/11/2037;13;58;Washington;M;Silver;Spring;Next Day Air;Venmo;Every 3 Months
2543;61;Male;Jewelry;Accessories;02/12/2037;27;22;Arkansas;M;White;Winter;Express;PayPal;Annually
2544;27;Male;Scarf;Accessories;04/12/2037;30;56;West Virginia;L;Peach;Spring;Next Day Air;PayPal;Bi-Weekly
2545;46;Male;Pants;Clothing;06/12/2037;39;70;Delaware;M;Red;Spring;Next Day Air;Venmo;Quarterly
2546;38;Male;Shoes;Footwear;08/12/2037;10;50;Texas;L;Olive;Spring;Free Shipping;Debit Card;Annually
2547;63;Male;Boots;Footwear;10/12/2037;4;21;Texas;L;Gray;Summer;Express;Credit Card;Quarterly
2548;47;Male;Jacket;Outerwear;12/12/2037;16;97;Mississippi;M;Beige;Summer;2-Day Shipping;Cash;Weekly
2549;42;Male;Backpack;Accessories;14/12/2037;34;63;Texas;L;Pink;Winter;Standard;Credit Card;Monthly
2550;41;Male;Jacket;Outerwear;16/12/2037;11;60;Virginia;M;Red;Fall;Standard;Debit Card;Every 3 Months
2551;53;Male;Boots;Footwear;18/12/2037;30;52;New Hampshire;XL;Peach;Fall;Store Pickup;Debit Card;Fortnightly
2552;29;Male;Shoes;Footwear;20/12/2037;40;32;Minnesota;M;Maroon;Winter;Next Day Air;Debit Card;Annually
2553;61;Male;Belt;Accessories;22/12/2037;13;48;Maryland;XL;Purple;Spring;2-Day Shipping;Credit Card;Annually
2554;69;Male;Jewelry;Accessories;24/12/2037;28;25;Vermont;M;Maroon;Summer;Store Pickup;Venmo;Every 3 Months
2555;51;Male;Jewelry;Accessories;26/12/2037;49;68;Kansas;M;Gray;Summer;Store Pickup;Debit Card;Bi-Weekly
2556;24;Male;Pants;Clothing;28/12/2037;23;74;Idaho;M;Gray;Fall;Standard;Credit Card;Weekly
2557;24;Male;T-shirt;Clothing;30/12/2037;4;88;Montana;XL;Magenta;Fall;Standard;Bank Transfer;Quarterly
2558;70;Male;Shorts;Clothing;01/01/2038;17;23;Oklahoma;L;Cyan;Spring;Standard;PayPal;Fortnightly
2559;49;Male;Hoodie;Clothing;03/01/2038;24;32;California;M;Silver;Fall;Express;PayPal;Fortnightly
2560;48;Male;Belt;Accessories;05/01/2038;21;71;Mississippi;S;Green;Winter;Free Shipping;Debit Card;Every 3 Months
2561;58;Male;Boots;Footwear;07/01/2038;17;62;California;M;Violet;Spring;Next Day Air;Debit Card;Bi-Weekly
2562;32;Male;Hoodie;Clothing;09/01/2038;22;20;New York;L;Magenta;Spring;Free Shipping;Debit Card;Quarterly
2563;57;Male;Shorts;Clothing;11/01/2038;27;62;Arizona;XL;Yellow;Spring;Standard;Cash;Fortnightly
2564;69;Male;Backpack;Accessories;13/01/2038;1;81;Massachusetts;XL;Gray;Winter;Standard;Venmo;Every 3 Months
2565;42;Male;Scarf;Accessories;15/01/2038;27;90;Kentucky;L;Indigo;Winter;2-Day Shipping;Bank Transfer;Weekly
2566;30;Male;Socks;Clothing;17/01/2038;8;43;Vermont;S;Indigo;Fall;Store Pickup;Venmo;Quarterly
2567;35;Male;Handbag;Accessories;19/01/2038;43;38;Missouri;S;Yellow;Fall;Standard;PayPal;Quarterly
2568;19;Male;Sunglasses;Accessories;21/01/2038;24;25;Michigan;XL;Gold;Spring;Store Pickup;Cash;Fortnightly
2569;52;Male;T-shirt;Clothing;23/01/2038;29;98;Texas;XL;Green;Winter;Express;PayPal;Fortnightly
2570;42;Male;Dress;Clothing;25/01/2038;10;75;New York;M;Charcoal;Spring;Free Shipping;Bank Transfer;Bi-Weekly
2571;36;Male;Sneakers;Footwear;27/01/2038;12;27;New Mexico;XL;Olive;Spring;Store Pickup;PayPal;Fortnightly
2572;45;Male;Sunglasses;Accessories;29/01/2038;48;27;Mississippi;L;Black;Winter;Standard;Cash;Fortnightly
2573;54;Male;Blouse;Clothing;31/01/2038;40;42;Washington;M;Silver;Fall;Next Day Air;Bank Transfer;Quarterly
2574;54;Male;T-shirt;Clothing;02/02/2038;1;90;New Mexico;M;Red;Summer;Store Pickup;Bank Transfer;Annually
2575;27;Male;Hat;Accessories;04/02/2038;26;63;Florida;M;Brown;Summer;2-Day Shipping;Credit Card;Fortnightly
2576;53;Male;Shorts;Clothing;06/02/2038;9;96;Minnesota;M;Silver;Fall;Express;PayPal;Annually
2577;20;Male;Hoodie;Clothing;08/02/2038;19;40;New Hampshire;M;Silver;Winter;Free Shipping;Debit Card;Quarterly
2578;52;Male;Socks;Clothing;10/02/2038;37;39;Minnesota;L;Black;Fall;Next Day Air;Bank Transfer;Monthly
2579;54;Male;Sunglasses;Accessories;12/02/2038;3;48;Vermont;M;Purple;Fall;Free Shipping;Cash;Quarterly
2580;65;Male;Blouse;Clothing;14/02/2038;40;20;Minnesota;M;Purple;Summer;Express;Venmo;Weekly
2581;43;Male;Jeans;Clothing;16/02/2038;13;29;Massachusetts;S;Turquoise;Summer;Store Pickup;Bank Transfer;Quarterly
2582;57;Male;Dress;Clothing;18/02/2038;48;81;Wyoming;M;Gold;Winter;Express;Credit Card;Monthly
2583;19;Male;Dress;Clothing;20/02/2038;4;98;South Dakota;S;Indigo;Fall;2-Day Shipping;Venmo;Every 3 Months
2584;69;Male;Jeans;Clothing;22/02/2038;9;93;Oklahoma;M;Lavender;Fall;Next Day Air;Cash;Weekly
2585;26;Male;Socks;Clothing;24/02/2038;26;30;Florida;L;Blue;Summer;Store Pickup;Bank Transfer;Bi-Weekly
2586;57;Male;Sunglasses;Accessories;26/02/2038;19;37;Wisconsin;L;Maroon;Fall;Free Shipping;Debit Card;Weekly
2587;20;Male;Coat;Outerwear;28/02/2038;1;28;Maine;L;Yellow;Winter;Express;Credit Card;Every 3 Months
2588;55;Male;Scarf;Accessories;02/03/2038;29;29;Connecticut;M;Purple;Winter;Express;PayPal;Every 3 Months
2589;44;Male;Backpack;Accessories;04/03/2038;38;49;Delaware;M;Peach;Summer;Free Shipping;Venmo;Bi-Weekly
2590;52;Male;Pants;Clothing;06/03/2038;31;53;North Dakota;M;Silver;Winter;2-Day Shipping;PayPal;Annually
2591;57;Male;Gloves;Accessories;08/03/2038;35;66;California;M;Turquoise;Summer;Free Shipping;Venmo;Annually
2592;40;Male;Jacket;Outerwear;10/03/2038;40;61;New Mexico;S;Olive;Spring;Express;Cash;Quarterly
2593;23;Male;Shorts;Clothing;12/03/2038;13;23;Iowa;XL;Peach;Summer;Store Pickup;Venmo;Quarterly
2594;36;Male;Pants;Clothing;14/03/2038;9;36;Colorado;S;Indigo;Fall;Store Pickup;Bank Transfer;Every 3 Months
2595;59;Male;Skirt;Clothing;16/03/2038;25;81;Montana;L;Indigo;Fall;Free Shipping;Cash;Every 3 Months
2596;29;Male;Blouse;Clothing;18/03/2038;3;56;Iowa;XL;Maroon;Summer;Free Shipping;Bank Transfer;Bi-Weekly
2597;63;Male;Shirt;Clothing;20/03/2038;35;78;Louisiana;L;Black;Spring;Next Day Air;Credit Card;Monthly
2598;60;Male;Jewelry;Accessories;22/03/2038;13;25;Alabama;XL;Teal;Summer;Store Pickup;Venmo;Bi-Weekly
2599;64;Male;Backpack;Accessories;24/03/2038;31;86;Nevada;XL;Olive;Fall;Express;Debit Card;Annually
2600;63;Male;Jewelry;Accessories;26/03/2038;48;99;Vermont;M;Gold;Winter;Express;Credit Card;Monthly
2601;21;Male;Belt;Accessories;28/03/2038;6;83;New York;M;Gray;Fall;Express;Bank Transfer;Bi-Weekly
2602;61;Male;Dress;Clothing;30/03/2038;43;33;Mississippi;L;Orange;Winter;Store Pickup;Cash;Monthly
2603;65;Male;Coat;Outerwear;01/04/2038;1;44;South Carolina;M;Black;Fall;Free Shipping;Venmo;Quarterly
2604;69;Male;Dress;Clothing;03/04/2038;8;58;Washington;M;Teal;Spring;2-Day Shipping;Cash;Annually
2605;47;Male;Sweater;Clothing;05/04/2038;6;54;Colorado;M;Beige;Spring;Store Pickup;Debit Card;Weekly
2606;41;Male;Hoodie;Clothing;07/04/2038;32;93;Nevada;M;White;Spring;2-Day Shipping;Venmo;Fortnightly
2607;68;Male;Shoes;Footwear;09/04/2038;46;98;Nevada;L;Turquoise;Spring;Standard;Bank Transfer;Bi-Weekly
2608;41;Male;Shoes;Footwear;11/04/2038;38;36;Oklahoma;XL;Teal;Spring;Express;PayPal;Every 3 Months
2609;42;Male;Jacket;Outerwear;13/04/2038;48;68;Mississippi;L;Orange;Fall;2-Day Shipping;Credit Card;Fortnightly
2610;66;Male;Backpack;Accessories;15/04/2038;18;95;Arkansas;M;Black;Summer;Store Pickup;Debit Card;Bi-Weekly
2611;66;Male;Jeans;Clothing;17/04/2038;25;93;West Virginia;M;Violet;Spring;Express;Cash;Quarterly
2612;33;Male;Jacket;Outerwear;19/04/2038;4;99;Michigan;L;Maroon;Fall;2-Day Shipping;Cash;Fortnightly
2613;55;Male;Sunglasses;Accessories;21/04/2038;27;22;Louisiana;M;Turquoise;Winter;Next Day Air;Venmo;Quarterly
2614;58;Male;Gloves;Accessories;23/04/2038;14;88;South Dakota;M;Gold;Fall;Express;Bank Transfer;Monthly
2615;18;Male;Jacket;Outerwear;25/04/2038;36;65;North Dakota;M;Turquoise;Spring;Express;Bank Transfer;Fortnightly
2616;49;Male;T-shirt;Clothing;27/04/2038;6;62;Arizona;M;Maroon;Fall;2-Day Shipping;Debit Card;Quarterly
2617;61;Male;Sandals;Footwear;29/04/2038;46;55;Georgia;XL;Purple;Spring;Express;Cash;Annually
2618;31;Male;Shorts;Clothing;01/05/2038;29;97;Idaho;S;Maroon;Spring;Standard;Bank Transfer;Annually
2619;70;Male;Handbag;Accessories;03/05/2038;12;77;Louisiana;L;Brown;Fall;Express;Venmo;Monthly
2620;68;Male;Pants;Clothing;05/05/2038;47;40;Connecticut;L;Indigo;Winter;Free Shipping;Credit Card;Weekly
2621;27;Male;Blouse;Clothing;07/05/2038;28;23;Ohio;S;Lavender;Winter;Standard;Debit Card;Annually
2622;48;Male;Shoes;Footwear;09/05/2038;21;46;Maine;M;Beige;Winter;Express;Bank Transfer;Annually
2623;63;Male;Backpack;Accessories;11/05/2038;15;75;New Hampshire;M;Yellow;Spring;2-Day Shipping;Credit Card;Annually
2624;49;Male;Shoes;Footwear;13/05/2038;38;76;Massachusetts;M;Gold;Fall;Next Day Air;Cash;Annually
2625;19;Male;Dress;Clothing;15/05/2038;19;59;South Dakota;M;Indigo;Summer;Standard;Credit Card;Annually
2626;30;Male;Skirt;Clothing;17/05/2038;31;51;Colorado;L;Cyan;Summer;Standard;Credit Card;Weekly
2627;50;Male;Jacket;Outerwear;19/05/2038;30;46;Rhode Island;XL;Silver;Fall;Express;Credit Card;Every 3 Months
2628;66;Male;Shirt;Clothing;21/05/2038;40;26;Missouri;L;Silver;Fall;Next Day Air;Bank Transfer;Quarterly
2629;25;Male;Hoodie;Clothing;23/05/2038;42;51;Wyoming;M;Silver;Summer;Next Day Air;Credit Card;Bi-Weekly
2630;61;Male;Scarf;Accessories;25/05/2038;25;44;New Hampshire;M;Peach;Winter;Free Shipping;Venmo;Annually
2631;29;Male;Skirt;Clothing;27/05/2038;20;82;Maine;S;Pink;Spring;Free Shipping;Cash;Quarterly
2632;53;Male;Skirt;Clothing;29/05/2038;3;44;Connecticut;S;Violet;Summer;Express;Cash;Weekly
2633;24;Male;Scarf;Accessories;31/05/2038;14;27;Alaska;M;Black;Fall;Next Day Air;Cash;Annually
2634;51;Male;Sunglasses;Accessories;02/06/2038;32;90;Alaska;M;Purple;Fall;Next Day Air;Credit Card;Fortnightly
2635;26;Male;Sandals;Footwear;04/06/2038;20;58;North Carolina;S;Black;Summer;Store Pickup;PayPal;Every 3 Months
2636;59;Male;Hoodie;Clothing;06/06/2038;34;80;Colorado;XL;Peach;Spring;2-Day Shipping;PayPal;Fortnightly
2637;41;Male;Jacket;Outerwear;08/06/2038;6;40;Utah;S;Magenta;Winter;Store Pickup;Venmo;Annually
2638;20;Male;Pants;Clothing;10/06/2038;2;23;Alabama;M;Magenta;Spring;Store Pickup;PayPal;Annually
2639;22;Male;Shirt;Clothing;12/06/2038;35;34;Hawaii;S;Black;Spring;Store Pickup;Credit Card;Annually
2640;18;Male;Blouse;Clothing;14/06/2038;33;35;New Hampshire;XL;Pink;Winter;Free Shipping;Debit Card;Quarterly
2641;30;Male;Skirt;Clothing;16/06/2038;45;75;Indiana;L;Olive;Summer;Store Pickup;Venmo;Bi-Weekly
2642;25;Male;Sunglasses;Accessories;18/06/2038;20;60;Vermont;XL;Olive;Winter;Next Day Air;Bank Transfer;Every 3 Months
2643;39;Male;Belt;Accessories;20/06/2038;48;87;Iowa;L;Peach;Summer;Store Pickup;Bank Transfer;Annually
2644;49;Male;Gloves;Accessories;22/06/2038;37;41;Maryland;S;Silver;Spring;Next Day Air;Cash;Monthly
2645;25;Male;Pants;Clothing;24/06/2038;4;83;New Mexico;M;Turquoise;Spring;Standard;Bank Transfer;Every 3 Months
2646;23;Male;Scarf;Accessories;26/06/2038;24;81;Louisiana;L;Olive;Spring;Store Pickup;Bank Transfer;Bi-Weekly
2647;33;Male;T-shirt;Clothing;28/06/2038;4;56;New Mexico;S;Lavender;Summer;Next Day Air;Debit Card;Every 3 Months
2648;60;Male;Shoes;Footwear;30/06/2038;25;58;South Carolina;M;Red;Summer;2-Day Shipping;Debit Card;Annually
2649;51;Male;Pants;Clothing;02/07/2038;14;84;Illinois;M;Gray;Spring;Next Day Air;PayPal;Bi-Weekly
2650;23;Male;Gloves;Accessories;04/07/2038;14;21;Minnesota;M;Magenta;Fall;Store Pickup;Bank Transfer;Fortnightly
2651;20;Male;Socks;Clothing;06/07/2038;46;35;Oregon;L;Maroon;Summer;Standard;Credit Card;Every 3 Months
2652;51;Male;Sneakers;Footwear;08/07/2038;27;43;Tennessee;M;Cyan;Summer;Store Pickup;PayPal;Quarterly
2653;23;Female;Shorts;Clothing;10/07/2038;46;20;Maryland;L;Cyan;Summer;2-Day Shipping;Credit Card;Monthly
2654;67;Female;Blouse;Clothing;12/07/2038;24;36;Wisconsin;L;Lavender;Fall;Express;Venmo;Every 3 Months
2655;23;Female;Coat;Outerwear;14/07/2038;4;70;Idaho;S;Pink;Fall;Next Day Air;PayPal;Annually
2656;26;Female;Sunglasses;Accessories;16/07/2038;2;83;Wyoming;M;Gray;Summer;Standard;Credit Card;Fortnightly
2657;52;Female;Shorts;Clothing;18/07/2038;29;76;Indiana;L;Yellow;Winter;Express;Bank Transfer;Fortnightly
2658;52;Female;Dress;Clothing;20/07/2038;7;81;Texas;M;Pink;Summer;Express;Credit Card;Fortnightly
2659;52;Female;Handbag;Accessories;22/07/2038;39;47;Ohio;XL;Indigo;Summer;Next Day Air;PayPal;Monthly
2660;35;Female;Boots;Footwear;24/07/2038;46;35;Kansas;L;Gray;Summer;2-Day Shipping;Credit Card;Fortnightly
2661;24;Female;Pants;Clothing;26/07/2038;44;85;South Carolina;L;Yellow;Spring;Express;Venmo;Annually
2662;43;Female;Boots;Footwear;28/07/2038;20;96;Michigan;XL;Olive;Fall;Express;Bank Transfer;Annually
2663;25;Female;Skirt;Clothing;30/07/2038;44;98;Nebraska;M;Cyan;Summer;2-Day Shipping;PayPal;Fortnightly
2664;46;Female;Sneakers;Footwear;01/08/2038;23;52;Wisconsin;L;Silver;Fall;Free Shipping;Bank Transfer;Annually
2665;22;Female;Jewelry;Accessories;03/08/2038;37;84;Illinois;L;Silver;Winter;Store Pickup;PayPal;Weekly
2666;70;Female;T-shirt;Clothing;05/08/2038;4;71;Louisiana;L;Red;Winter;Store Pickup;Venmo;Weekly
2667;49;Female;Sandals;Footwear;07/08/2038;14;95;Ohio;S;Brown;Winter;Store Pickup;Venmo;Fortnightly
2668;48;Female;Boots;Footwear;09/08/2038;31;47;Maryland;M;Orange;Summer;Free Shipping;Cash;Fortnightly
2669;59;Female;Coat;Outerwear;11/08/2038;9;75;Texas;M;Black;Summer;Next Day Air;PayPal;Quarterly
2670;39;Female;Belt;Accessories;13/08/2038;31;28;Illinois;L;Teal;Spring;Free Shipping;Credit Card;Weekly
2671;30;Female;Sunglasses;Accessories;15/08/2038;26;44;Pennsylvania;M;Yellow;Fall;Express;Bank Transfer;Bi-Weekly
2672;37;Female;Sandals;Footwear;17/08/2038;41;64;Alabama;XL;Gray;Winter;2-Day Shipping;PayPal;Every 3 Months
2673;56;Female;Boots;Footwear;19/08/2038;13;28;West Virginia;M;Maroon;Spring;Standard;Cash;Annually
2674;67;Female;Hoodie;Clothing;21/08/2038;4;21;Nevada;M;Olive;Summer;2-Day Shipping;Cash;Monthly
2675;40;Female;Hat;Accessories;23/08/2038;15;41;Florida;S;Charcoal;Fall;Express;Cash;Every 3 Months
2676;24;Female;Shorts;Clothing;25/08/2038;38;38;Virginia;M;Peach;Winter;Free Shipping;Cash;Bi-Weekly
2677;43;Female;Backpack;Accessories;27/08/2038;3;77;Kentucky;M;Maroon;Spring;Free Shipping;Cash;Fortnightly
2678;45;Female;Shorts;Clothing;29/08/2038;6;43;Connecticut;L;Olive;Spring;Next Day Air;PayPal;Every 3 Months
2679;33;Female;Belt;Accessories;31/08/2038;34;91;Montana;M;Magenta;Spring;2-Day Shipping;Credit Card;Bi-Weekly
2680;53;Female;Shorts;Clothing;02/09/2038;7;68;Montana;S;Yellow;Spring;Express;Debit Card;Quarterly
2681;44;Female;Socks;Clothing;04/09/2038;21;37;Nebraska;L;Indigo;Fall;Next Day Air;Venmo;Annually
2682;23;Female;Shoes;Footwear;06/09/2038;17;23;Massachusetts;L;Olive;Summer;Standard;Debit Card;Monthly
2683;59;Female;Sneakers;Footwear;08/09/2038;5;65;North Carolina;L;Maroon;Winter;2-Day Shipping;Venmo;Every 3 Months
2684;68;Female;Backpack;Accessories;10/09/2038;21;30;Montana;M;Indigo;Summer;Next Day Air;Cash;Fortnightly
2685;46;Female;Dress;Clothing;12/09/2038;42;45;Washington;M;Gray;Summer;Free Shipping;Credit Card;Bi-Weekly
2686;56;Female;Boots;Footwear;14/09/2038;49;25;Virginia;M;Gray;Winter;Express;Credit Card;Quarterly
2687;40;Female;Socks;Clothing;16/09/2038;33;72;Georgia;M;Black;Winter;2-Day Shipping;Cash;Fortnightly
2688;61;Female;Dress;Clothing;18/09/2038;12;75;Delaware;M;White;Fall;2-Day Shipping;Debit Card;Bi-Weekly
2689;53;Female;Handbag;Accessories;20/09/2038;18;63;West Virginia;XL;Turquoise;Spring;2-Day Shipping;Credit Card;Every 3 Months
2690;29;Female;Blouse;Clothing;22/09/2038;47;35;Wyoming;M;Orange;Fall;Standard;PayPal;Quarterly
2691;44;Female;Belt;Accessories;24/09/2038;18;32;New Mexico;L;Yellow;Summer;Free Shipping;Bank Transfer;Weekly
2692;43;Female;Pants;Clothing;26/09/2038;48;25;Nebraska;L;Blue;Winter;2-Day Shipping;Cash;Monthly
2693;40;Female;Sneakers;Footwear;28/09/2038;18;90;Washington;XL;Violet;Spring;Free Shipping;Debit Card;Every 3 Months
2694;55;Female;Boots;Footwear;30/09/2038;46;70;Hawaii;L;Lavender;Summer;Standard;Cash;Quarterly
2695;66;Female;Sunglasses;Accessories;02/10/2038;34;27;Louisiana;M;Olive;Spring;Express;Credit Card;Every 3 Months
2696;50;Female;Hat;Accessories;04/10/2038;10;92;Tennessee;M;Orange;Fall;Standard;PayPal;Bi-Weekly
2697;57;Female;Coat;Outerwear;06/10/2038;12;20;South Dakota;M;White;Spring;Free Shipping;Debit Card;Monthly
2698;42;Female;Jacket;Outerwear;08/10/2038;36;52;Delaware;L;Red;Winter;Standard;Bank Transfer;Quarterly
2699;55;Female;Hoodie;Clothing;10/10/2038;34;57;Virginia;M;Magenta;Summer;Store Pickup;Venmo;Quarterly
2700;25;Female;Boots;Footwear;12/10/2038;49;96;Utah;M;Violet;Fall;2-Day Shipping;Debit Card;Annually
2701;22;Female;T-shirt;Clothing;14/10/2038;36;68;California;XL;Olive;Winter;Standard;Cash;Weekly
2702;49;Female;Sweater;Clothing;16/10/2038;18;30;Idaho;L;Silver;Summer;Store Pickup;Bank Transfer;Fortnightly
2703;70;Female;Shoes;Footwear;18/10/2038;39;37;Texas;L;Gray;Fall;Next Day Air;Debit Card;Fortnightly
2704;56;Female;Scarf;Accessories;20/10/2038;34;42;Tennessee;XL;Olive;Winter;Free Shipping;PayPal;Weekly
2705;52;Female;Dress;Clothing;22/10/2038;35;54;Tennessee;L;Beige;Spring;Next Day Air;Debit Card;Weekly
2706;65;Female;Jacket;Outerwear;24/10/2038;1;81;Washington;S;Turquoise;Spring;Store Pickup;Credit Card;Bi-Weekly
2707;24;Female;Shoes;Footwear;26/10/2038;48;40;Alabama;S;Blue;Spring;Express;Debit Card;Quarterly
2708;32;Female;Backpack;Accessories;28/10/2038;19;88;Nebraska;M;Pink;Fall;Standard;Cash;Weekly
2709;57;Female;Dress;Clothing;30/10/2038;44;94;Alabama;M;Teal;Summer;Store Pickup;Debit Card;Weekly
2710;35;Female;Shirt;Clothing;01/11/2038;9;54;Illinois;S;Cyan;Winter;Standard;Credit Card;Bi-Weekly
2711;69;Female;Jacket;Outerwear;03/11/2038;3;51;Wisconsin;L;Purple;Summer;Standard;Bank Transfer;Fortnightly
2712;30;Female;Sunglasses;Accessories;05/11/2038;50;22;Nebraska;L;Red;Spring;Standard;Venmo;Monthly
2713;37;Female;Jacket;Outerwear;07/11/2038;7;95;North Dakota;L;Brown;Fall;Standard;Debit Card;Quarterly
2714;19;Female;Coat;Outerwear;09/11/2038;20;57;Mississippi;M;Magenta;Fall;2-Day Shipping;Debit Card;Annually
2715;53;Female;Sweater;Clothing;11/11/2038;16;45;Iowa;S;Olive;Winter;Store Pickup;Credit Card;Bi-Weekly
2716;25;Female;Sneakers;Footwear;13/11/2038;29;92;Mississippi;XL;Pink;Winter;Express;PayPal;Fortnightly
2717;47;Female;Shoes;Footwear;15/11/2038;21;40;Colorado;L;Black;Spring;Store Pickup;Debit Card;Weekly
2718;18;Female;Sunglasses;Accessories;17/11/2038;19;62;Nebraska;XL;Beige;Winter;Free Shipping;Credit Card;Every 3 Months
2719;22;Female;Shorts;Clothing;19/11/2038;10;90;Virginia;M;Peach;Winter;Next Day Air;Venmo;Bi-Weekly
2720;69;Female;Hoodie;Clothing;21/11/2038;4;82;Louisiana;S;Peach;Fall;Free Shipping;Bank Transfer;Monthly
2721;55;Female;Scarf;Accessories;23/11/2038;45;52;Maryland;M;Peach;Spring;Store Pickup;Bank Transfer;Quarterly
2722;19;Female;Sandals;Footwear;25/11/2038;17;70;Minnesota;S;Teal;Spring;Free Shipping;PayPal;Fortnightly
2723;23;Female;Hat;Accessories;27/11/2038;22;83;Maine;M;Green;Spring;2-Day Shipping;PayPal;Fortnightly
2724;54;Female;Shoes;Footwear;29/11/2038;3;49;Texas;XL;Brown;Summer;Store Pickup;PayPal;Every 3 Months
2725;52;Female;Sneakers;Footwear;01/12/2038;11;91;Missouri;M;Brown;Spring;Next Day Air;Debit Card;Fortnightly
2726;64;Female;Backpack;Accessories;03/12/2038;4;99;Mississippi;S;Violet;Summer;Free Shipping;Debit Card;Annually
2727;33;Female;Belt;Accessories;05/12/2038;11;92;Michigan;L;Blue;Winter;Free Shipping;PayPal;Bi-Weekly
2728;40;Female;Shirt;Clothing;07/12/2038;47;87;Colorado;L;Charcoal;Winter;2-Day Shipping;Credit Card;Fortnightly
2729;26;Female;Skirt;Clothing;09/12/2038;17;28;Florida;M;Pink;Winter;Express;Debit Card;Weekly
2730;31;Female;Gloves;Accessories;11/12/2038;32;71;Montana;S;Violet;Summer;Free Shipping;Credit Card;Monthly
2731;23;Female;Gloves;Accessories;13/12/2038;37;32;Wisconsin;M;Teal;Winter;Store Pickup;Bank Transfer;Annually
2732;52;Female;Handbag;Accessories;15/12/2038;44;33;Wisconsin;M;Red;Summer;2-Day Shipping;Bank Transfer;Quarterly
2733;21;Female;Socks;Clothing;17/12/2038;27;75;Delaware;L;Orange;Winter;Store Pickup;Debit Card;Every 3 Months
2734;31;Female;Backpack;Accessories;19/12/2038;46;83;North Carolina;M;Magenta;Summer;Express;PayPal;Annually
2735;63;Female;Jeans;Clothing;21/12/2038;13;93;New York;XL;Yellow;Summer;2-Day Shipping;Cash;Bi-Weekly
2736;46;Female;Skirt;Clothing;23/12/2038;2;29;California;M;Yellow;Spring;Express;PayPal;Bi-Weekly
2737;44;Female;Hoodie;Clothing;25/12/2038;45;25;Montana;M;Pink;Spring;Store Pickup;Credit Card;Annually
2738;57;Female;Jewelry;Accessories;27/12/2038;35;76;North Carolina;S;Indigo;Spring;Free Shipping;Cash;Every 3 Months
2739;50;Female;Sneakers;Footwear;29/12/2038;39;81;Ohio;M;Charcoal;Summer;2-Day Shipping;Venmo;Every 3 Months
2740;33;Female;Shirt;Clothing;31/12/2038;39;80;Alaska;XL;Blue;Winter;Store Pickup;Credit Card;Every 3 Months
2741;19;Female;Sunglasses;Accessories;02/01/2039;34;70;Pennsylvania;M;Lavender;Summer;Free Shipping;Bank Transfer;Fortnightly
2742;68;Female;Dress;Clothing;04/01/2039;41;81;Maine;L;Yellow;Fall;2-Day Shipping;Venmo;Monthly
2743;27;Female;Shoes;Footwear;06/01/2039;47;86;Texas;M;Black;Spring;Free Shipping;Debit Card;Annually
2744;61;Female;Belt;Accessories;08/01/2039;17;94;New Jersey;S;Beige;Fall;2-Day Shipping;Venmo;Quarterly
2745;38;Female;Shirt;Clothing;10/01/2039;40;66;Wyoming;M;Silver;Winter;Store Pickup;Credit Card;Monthly
2746;28;Female;Boots;Footwear;12/01/2039;44;98;Michigan;M;Magenta;Summer;Standard;PayPal;Bi-Weekly
2747;39;Female;Hoodie;Clothing;14/01/2039;21;25;Ohio;M;Orange;Fall;Standard;PayPal;Every 3 Months
2748;18;Female;Jeans;Clothing;16/01/2039;21;62;West Virginia;M;Teal;Winter;Free Shipping;Credit Card;Every 3 Months
2749;24;Female;Jacket;Outerwear;18/01/2039;16;98;Virginia;L;Turquoise;Spring;Free Shipping;Venmo;Annually
2750;64;Female;Jacket;Outerwear;20/01/2039;15;53;Vermont;M;Cyan;Spring;Standard;Bank Transfer;Annually
2751;51;Female;Sandals;Footwear;22/01/2039;26;66;Alaska;L;Pink;Spring;2-Day Shipping;PayPal;Every 3 Months
2752;27;Female;Dress;Clothing;24/01/2039;50;52;Minnesota;S;Indigo;Fall;Free Shipping;Venmo;Monthly
2753;48;Female;Sweater;Clothing;26/01/2039;30;64;Colorado;S;Peach;Winter;Free Shipping;Venmo;Bi-Weekly
2754;69;Female;Gloves;Accessories;28/01/2039;48;59;Rhode Island;M;Beige;Spring;Next Day Air;PayPal;Quarterly
2755;59;Female;Sunglasses;Accessories;30/01/2039;21;61;New Jersey;L;Gold;Summer;Free Shipping;Venmo;Bi-Weekly
2756;59;Female;Belt;Accessories;01/02/2039;18;97;Nevada;M;Indigo;Winter;Store Pickup;Credit Card;Annually
2757;42;Female;Hat;Accessories;03/02/2039;41;23;Minnesota;L;Violet;Winter;Free Shipping;PayPal;Monthly
2758;39;Female;Hat;Accessories;05/02/2039;11;98;Delaware;XL;Brown;Fall;Next Day Air;Venmo;Monthly
2759;32;Female;Blouse;Clothing;07/02/2039;8;98;Illinois;M;Purple;Summer;Standard;Bank Transfer;Bi-Weekly
2760;68;Female;Shoes;Footwear;09/02/2039;42;59;Washington;M;Turquoise;Summer;Free Shipping;Cash;Every 3 Months
2761;41;Female;Skirt;Clothing;11/02/2039;41;82;Alaska;S;Violet;Fall;Next Day Air;Credit Card;Bi-Weekly
2762;31;Female;Sneakers;Footwear;13/02/2039;3;82;Michigan;M;Purple;Fall;Next Day Air;Credit Card;Every 3 Months
2763;58;Female;T-shirt;Clothing;15/02/2039;10;41;Georgia;M;Charcoal;Fall;Store Pickup;Debit Card;Every 3 Months
2764;28;Female;Handbag;Accessories;17/02/2039;35;52;West Virginia;M;Green;Fall;2-Day Shipping;Venmo;Quarterly
2765;63;Female;Sweater;Clothing;19/02/2039;2;41;Arizona;XL;White;Spring;Next Day Air;Debit Card;Weekly
2766;64;Female;Gloves;Accessories;21/02/2039;24;70;Colorado;M;Purple;Summer;2-Day Shipping;Credit Card;Quarterly
2767;66;Female;Dress;Clothing;23/02/2039;47;91;Tennessee;M;Cyan;Winter;Standard;Credit Card;Monthly
2768;31;Female;Dress;Clothing;25/02/2039;31;95;Iowa;M;Green;Spring;Free Shipping;Cash;Monthly
2769;55;Female;Blouse;Clothing;27/02/2039;28;25;Kansas;M;Beige;Spring;2-Day Shipping;PayPal;Bi-Weekly
2770;32;Female;Shirt;Clothing;01/03/2039;13;89;Oklahoma;L;Lavender;Fall;Standard;Cash;Weekly
2771;50;Female;Boots;Footwear;03/03/2039;22;44;Nebraska;S;Blue;Fall;Express;Bank Transfer;Quarterly
2772;58;Female;Jacket;Outerwear;05/03/2039;12;52;Maryland;S;Beige;Summer;2-Day Shipping;Bank Transfer;Fortnightly
2773;18;Female;Backpack;Accessories;07/03/2039;10;94;Pennsylvania;L;Blue;Spring;Store Pickup;Bank Transfer;Every 3 Months
2774;39;Female;Pants;Clothing;09/03/2039;45;98;Arizona;S;Maroon;Spring;Express;Bank Transfer;Quarterly
2775;56;Female;Boots;Footwear;11/03/2039;42;40;Oklahoma;L;Yellow;Fall;Standard;Credit Card;Quarterly
2776;37;Female;Socks;Clothing;13/03/2039;16;25;Montana;L;Red;Fall;Free Shipping;Debit Card;Weekly
2777;46;Female;Scarf;Accessories;15/03/2039;6;62;Wyoming;L;Green;Fall;Free Shipping;Bank Transfer;Annually
2778;52;Female;Blouse;Clothing;17/03/2039;28;24;Idaho;M;Magenta;Fall;Standard;Credit Card;Every 3 Months
2779;70;Female;Belt;Accessories;19/03/2039;24;57;Pennsylvania;L;Yellow;Spring;Standard;Credit Card;Bi-Weekly
2780;61;Female;Sunglasses;Accessories;21/03/2039;14;66;Montana;L;Blue;Winter;Express;Credit Card;Fortnightly
2781;33;Female;Boots;Footwear;23/03/2039;29;70;Ohio;M;Charcoal;Winter;Next Day Air;PayPal;Fortnightly
2782;65;Female;Sandals;Footwear;25/03/2039;33;39;Mississippi;M;Blue;Spring;Standard;PayPal;Weekly
2783;41;Female;Gloves;Accessories;27/03/2039;30;34;Idaho;S;Cyan;Spring;Free Shipping;PayPal;Annually
2784;19;Female;Skirt;Clothing;29/03/2039;26;38;Virginia;M;Silver;Spring;Next Day Air;Credit Card;Quarterly
2785;33;Female;Skirt;Clothing;31/03/2039;12;70;Idaho;M;Black;Winter;Express;PayPal;Every 3 Months
2786;53;Female;Blouse;Clothing;02/04/2039;13;80;Louisiana;S;Green;Summer;Next Day Air;Bank Transfer;Monthly
2787;54;Female;Handbag;Accessories;04/04/2039;41;51;Colorado;M;Violet;Spring;Next Day Air;Debit Card;Every 3 Months
2788;36;Female;Boots;Footwear;06/04/2039;4;79;West Virginia;XL;Pink;Spring;Next Day Air;Venmo;Fortnightly
2789;56;Female;Boots;Footwear;08/04/2039;2;92;Rhode Island;M;Olive;Summer;Free Shipping;Credit Card;Annually
2790;28;Female;Sweater;Clothing;10/04/2039;28;85;North Carolina;L;Orange;Fall;Express;Credit Card;Bi-Weekly
2791;34;Female;Socks;Clothing;12/04/2039;24;63;Maine;M;Black;Spring;Free Shipping;Debit Card;Annually
2792;43;Female;Gloves;Accessories;14/04/2039;14;60;Iowa;M;Yellow;Fall;Express;Venmo;Fortnightly
2793;54;Female;Shorts;Clothing;16/04/2039;11;44;Kentucky;L;Violet;Winter;Express;Credit Card;Weekly
2794;37;Female;Boots;Footwear;18/04/2039;27;57;Massachusetts;M;Silver;Spring;Standard;Debit Card;Bi-Weekly
2795;33;Female;Jacket;Outerwear;20/04/2039;7;24;New York;M;Gold;Fall;Standard;Cash;Fortnightly
2796;33;Female;Scarf;Accessories;22/04/2039;49;35;Nebraska;M;Magenta;Winter;Store Pickup;PayPal;Annually
2797;55;Female;Jacket;Outerwear;24/04/2039;21;73;Oklahoma;M;Red;Winter;Store Pickup;Cash;Annually
2798;63;Female;Jewelry;Accessories;26/04/2039;10;42;Oklahoma;M;Green;Winter;Express;Venmo;Every 3 Months
2799;52;Female;Hoodie;Clothing;28/04/2039;37;20;Rhode Island;XL;Red;Winter;Store Pickup;PayPal;Weekly
2800;23;Female;T-shirt;Clothing;30/04/2039;9;89;Maine;L;Pink;Spring;Free Shipping;Bank Transfer;Every 3 Months
2801;70;Female;Shirt;Clothing;02/05/2039;14;76;Arkansas;L;Violet;Fall;Free Shipping;Cash;Bi-Weekly
2802;64;Female;Shirt;Clothing;04/05/2039;30;56;New Mexico;M;Indigo;Winter;Express;PayPal;Annually
2803;22;Female;Coat;Outerwear;06/05/2039;42;100;Hawaii;L;Red;Fall;Store Pickup;Credit Card;Fortnightly
2804;46;Female;T-shirt;Clothing;08/05/2039;31;44;Idaho;M;Violet;Winter;Free Shipping;Bank Transfer;Monthly
2805;65;Female;Hoodie;Clothing;10/05/2039;48;76;South Carolina;M;Cyan;Spring;Standard;Bank Transfer;Every 3 Months
2806;18;Female;Sunglasses;Accessories;12/05/2039;48;97;Nevada;S;Black;Fall;Standard;Cash;Quarterly
2807;45;Female;Blouse;Clothing;14/05/2039;50;39;South Carolina;L;Purple;Spring;Standard;Credit Card;Annually
2808;56;Female;Hoodie;Clothing;16/05/2039;10;100;Maryland;M;Charcoal;Spring;2-Day Shipping;Debit Card;Fortnightly
2809;49;Female;Skirt;Clothing;18/05/2039;45;62;Tennessee;M;Beige;Spring;Free Shipping;PayPal;Every 3 Months
2810;66;Female;Shorts;Clothing;20/05/2039;27;98;Arkansas;XL;Teal;Summer;Standard;Debit Card;Quarterly
2811;27;Female;Jeans;Clothing;22/05/2039;10;31;Arizona;M;Purple;Summer;Standard;Debit Card;Fortnightly
2812;69;Female;Jacket;Outerwear;24/05/2039;19;89;Ohio;M;Blue;Fall;Store Pickup;Credit Card;Quarterly
2813;66;Female;Hoodie;Clothing;26/05/2039;1;91;North Dakota;XL;Magenta;Fall;Store Pickup;Credit Card;Every 3 Months
2814;45;Female;Shirt;Clothing;28/05/2039;39;50;Vermont;S;Maroon;Summer;2-Day Shipping;Debit Card;Quarterly
2815;31;Female;T-shirt;Clothing;30/05/2039;14;32;Minnesota;L;Gold;Winter;Standard;Bank Transfer;Monthly
2816;33;Female;Blouse;Clothing;01/06/2039;40;67;Idaho;L;Black;Fall;Free Shipping;Venmo;Every 3 Months
2817;43;Female;Skirt;Clothing;03/06/2039;45;28;Maryland;M;Black;Spring;Free Shipping;Venmo;Weekly
2818;25;Female;Backpack;Accessories;05/06/2039;6;65;South Carolina;XL;Yellow;Winter;Standard;Venmo;Weekly
2819;46;Female;Shorts;Clothing;07/06/2039;12;73;California;M;Turquoise;Fall;Next Day Air;Debit Card;Annually
2820;67;Female;Shirt;Clothing;09/06/2039;19;27;Georgia;L;Lavender;Spring;Free Shipping;Cash;Monthly
2821;26;Female;Backpack;Accessories;11/06/2039;5;89;Vermont;L;Yellow;Summer;Free Shipping;Cash;Bi-Weekly
2822;35;Female;Shoes;Footwear;13/06/2039;37;72;Georgia;L;Olive;Summer;Standard;Venmo;Monthly
2823;61;Female;Skirt;Clothing;15/06/2039;33;37;New Jersey;S;Brown;Fall;Standard;PayPal;Quarterly
2824;26;Female;Dress;Clothing;17/06/2039;47;63;Utah;M;Olive;Summer;Standard;Debit Card;Bi-Weekly
2825;39;Female;Hat;Accessories;19/06/2039;49;90;Utah;M;Purple;Fall;Free Shipping;Debit Card;Quarterly
2826;69;Female;Handbag;Accessories;21/06/2039;28;62;North Carolina;M;Yellow;Winter;2-Day Shipping;Bank Transfer;Annually
2827;32;Female;Handbag;Accessories;23/06/2039;23;43;Florida;L;Brown;Fall;Express;Venmo;Annually
2828;20;Female;Blouse;Clothing;25/06/2039;11;96;Wisconsin;M;Magenta;Fall;Next Day Air;Bank Transfer;Bi-Weekly
2829;25;Female;Scarf;Accessories;27/06/2039;33;83;Tennessee;L;Lavender;Fall;Standard;PayPal;Quarterly
2830;56;Female;Jewelry;Accessories;29/06/2039;47;67;Arizona;XL;Teal;Fall;Next Day Air;Cash;Weekly
2831;63;Female;Skirt;Clothing;01/07/2039;13;90;Oregon;L;Cyan;Spring;Store Pickup;Venmo;Every 3 Months
2832;34;Female;Hoodie;Clothing;03/07/2039;4;53;Virginia;L;Pink;Winter;Express;Credit Card;Weekly
2833;29;Female;Scarf;Accessories;05/07/2039;40;37;Maryland;M;Magenta;Summer;Standard;PayPal;Quarterly
2834;43;Female;Jeans;Clothing;07/07/2039;19;56;Arkansas;M;Teal;Fall;Free Shipping;Cash;Monthly
2835;39;Female;Jacket;Outerwear;09/07/2039;17;43;Texas;M;Indigo;Fall;2-Day Shipping;Credit Card;Weekly
2836;33;Female;T-shirt;Clothing;11/07/2039;7;84;Vermont;S;Pink;Winter;Free Shipping;Venmo;Annually
2837;51;Female;Pants;Clothing;13/07/2039;21;50;Wyoming;M;Charcoal;Winter;2-Day Shipping;Cash;Bi-Weekly
2838;65;Female;Shoes;Footwear;15/07/2039;44;88;Alabama;M;Brown;Summer;Express;PayPal;Weekly
2839;51;Female;Jacket;Outerwear;17/07/2039;2;50;Maine;M;Blue;Fall;Free Shipping;Bank Transfer;Weekly
2840;70;Female;Scarf;Accessories;19/07/2039;30;80;South Dakota;L;Teal;Summer;Store Pickup;Bank Transfer;Monthly
2841;40;Female;T-shirt;Clothing;21/07/2039;41;47;West Virginia;L;Pink;Spring;Store Pickup;Cash;Annually
2842;19;Female;Dress;Clothing;23/07/2039;31;33;Ohio;XL;Magenta;Winter;2-Day Shipping;Cash;Weekly
2843;28;Female;Coat;Outerwear;25/07/2039;48;100;Arizona;L;Green;Fall;Standard;Debit Card;Quarterly
2844;51;Female;Sweater;Clothing;27/07/2039;41;26;Ohio;M;White;Summer;Store Pickup;Venmo;Weekly
2845;32;Female;Hat;Accessories;29/07/2039;42;79;New Mexico;M;Indigo;Summer;Standard;Venmo;Annually
2846;26;Female;Backpack;Accessories;31/07/2039;39;77;South Dakota;L;Lavender;Summer;Express;Debit Card;Every 3 Months
2847;50;Female;Socks;Clothing;02/08/2039;15;36;Oklahoma;XL;Black;Fall;Next Day Air;PayPal;Bi-Weekly
2848;68;Female;Jewelry;Accessories;04/08/2039;3;21;Connecticut;L;Charcoal;Winter;Free Shipping;PayPal;Every 3 Months
2849;33;Female;Boots;Footwear;06/08/2039;28;72;Wisconsin;L;Gray;Fall;Store Pickup;Bank Transfer;Quarterly
2850;56;Female;Coat;Outerwear;08/08/2039;27;25;New Hampshire;M;Gold;Spring;Express;PayPal;Bi-Weekly
2851;57;Female;Sweater;Clothing;10/08/2039;36;79;Nebraska;M;Silver;Spring;Store Pickup;Debit Card;Annually
2852;58;Female;Blouse;Clothing;12/08/2039;42;73;Nevada;L;Teal;Summer;Store Pickup;Debit Card;Monthly
2853;40;Female;Belt;Accessories;14/08/2039;30;71;New York;M;Magenta;Spring;Store Pickup;Venmo;Weekly
2854;37;Female;Hat;Accessories;16/08/2039;9;48;Pennsylvania;M;Magenta;Winter;Next Day Air;PayPal;Weekly
2855;36;Female;Sandals;Footwear;18/08/2039;25;28;Delaware;M;Beige;Fall;Store Pickup;Venmo;Monthly
2856;29;Female;Boots;Footwear;20/08/2039;33;95;Mississippi;S;Maroon;Winter;2-Day Shipping;PayPal;Quarterly
2857;65;Female;Jacket;Outerwear;22/08/2039;31;48;Iowa;M;Indigo;Winter;2-Day Shipping;Credit Card;Monthly
2858;44;Female;Dress;Clothing;24/08/2039;35;93;Utah;S;Maroon;Spring;Next Day Air;Debit Card;Monthly
2859;34;Female;Jeans;Clothing;26/08/2039;46;87;Maryland;L;Teal;Summer;2-Day Shipping;Bank Transfer;Monthly
2860;31;Female;Shorts;Clothing;28/08/2039;29;32;Utah;L;Yellow;Fall;Express;Bank Transfer;Annually
2861;28;Female;Shirt;Clothing;30/08/2039;49;38;Rhode Island;M;Gold;Spring;Next Day Air;Bank Transfer;Weekly
2862;66;Female;Coat;Outerwear;01/09/2039;27;54;Maryland;M;Teal;Fall;Free Shipping;Credit Card;Monthly
2863;68;Female;Coat;Outerwear;03/09/2039;5;75;Hawaii;S;Violet;Summer;Store Pickup;Bank Transfer;Every 3 Months
2864;37;Female;T-shirt;Clothing;05/09/2039;18;56;Connecticut;M;Yellow;Fall;2-Day Shipping;Venmo;Monthly
2865;58;Female;Sweater;Clothing;07/09/2039;31;43;Illinois;S;Maroon;Fall;Store Pickup;Venmo;Weekly
2866;28;Female;Skirt;Clothing;09/09/2039;27;97;California;M;Silver;Fall;Free Shipping;Cash;Fortnightly
2867;54;Female;Blouse;Clothing;11/09/2039;19;75;Connecticut;S;Violet;Summer;Free Shipping;Cash;Annually
2868;21;Female;Sneakers;Footwear;13/09/2039;33;55;Colorado;L;White;Summer;Next Day Air;Cash;Fortnightly
2869;45;Female;Backpack;Accessories;15/09/2039;42;49;Colorado;M;Black;Winter;Next Day Air;PayPal;Every 3 Months
2870;57;Female;Socks;Clothing;17/09/2039;16;58;Georgia;M;White;Summer;Standard;Bank Transfer;Weekly
2871;47;Female;Jewelry;Accessories;19/09/2039;49;34;North Dakota;M;Blue;Winter;Free Shipping;Debit Card;Every 3 Months
2872;46;Female;Shorts;Clothing;21/09/2039;40;43;Idaho;S;Black;Summer;2-Day Shipping;Venmo;Bi-Weekly
2873;63;Female;Jewelry;Accessories;23/09/2039;5;48;Connecticut;L;Olive;Fall;Next Day Air;Cash;Annually
2874;44;Female;Sweater;Clothing;25/09/2039;8;40;Montana;M;Teal;Spring;Free Shipping;Bank Transfer;Monthly
2875;36;Female;Shirt;Clothing;27/09/2039;2;29;Colorado;L;Silver;Summer;Standard;Debit Card;Annually
2876;24;Female;Pants;Clothing;29/09/2039;14;81;Kentucky;M;Pink;Fall;Free Shipping;Debit Card;Weekly
2877;65;Female;Hoodie;Clothing;01/10/2039;5;84;New Mexico;M;Charcoal;Spring;2-Day Shipping;Bank Transfer;Fortnightly
2878;32;Female;Socks;Clothing;03/10/2039;34;46;New Jersey;M;Silver;Summer;Standard;Venmo;Monthly
2879;63;Female;Dress;Clothing;05/10/2039;13;86;California;L;Turquoise;Summer;Next Day Air;Bank Transfer;Annually
2880;62;Female;Blouse;Clothing;07/10/2039;31;57;North Dakota;XL;Turquoise;Winter;Free Shipping;Venmo;Annually
2881;19;Female;Skirt;Clothing;09/10/2039;43;61;Florida;L;Beige;Winter;Store Pickup;PayPal;Quarterly
2882;38;Female;Backpack;Accessories;11/10/2039;6;90;Texas;M;Cyan;Winter;Free Shipping;Bank Transfer;Annually
2883;59;Female;Blouse;Clothing;13/10/2039;23;51;Oklahoma;L;Gold;Winter;Store Pickup;Credit Card;Bi-Weekly
2884;22;Female;Socks;Clothing;15/10/2039;10;48;Rhode Island;XL;Silver;Spring;Standard;PayPal;Weekly
2885;55;Female;Boots;Footwear;17/10/2039;47;50;Arkansas;M;Purple;Summer;2-Day Shipping;Credit Card;Every 3 Months
2886;29;Female;Backpack;Accessories;19/10/2039;14;82;Nevada;M;Yellow;Summer;Next Day Air;Credit Card;Bi-Weekly
2887;42;Female;Hat;Accessories;21/10/2039;29;33;Utah;L;Blue;Spring;Free Shipping;PayPal;Weekly
2888;23;Female;Sandals;Footwear;23/10/2039;12;28;Kentucky;L;Blue;Winter;Express;Cash;Bi-Weekly
2889;70;Female;Hoodie;Clothing;25/10/2039;25;42;Wisconsin;L;Green;Spring;2-Day Shipping;Debit Card;Quarterly
2890;64;Female;Sunglasses;Accessories;27/10/2039;21;43;Minnesota;M;Charcoal;Fall;Store Pickup;Venmo;Annually
2891;39;Female;Jeans;Clothing;29/10/2039;23;55;North Dakota;M;Violet;Winter;Free Shipping;Credit Card;Monthly
2892;47;Female;T-shirt;Clothing;31/10/2039;10;73;Ohio;XL;Black;Winter;Free Shipping;PayPal;Monthly
2893;22;Female;Dress;Clothing;02/11/2039;47;39;Nevada;M;Teal;Spring;Standard;Credit Card;Monthly
2894;69;Female;Belt;Accessories;04/11/2039;44;20;Kentucky;S;Orange;Spring;Free Shipping;Debit Card;Every 3 Months
2895;35;Female;Jewelry;Accessories;06/11/2039;41;32;Kentucky;S;Brown;Spring;Standard;Venmo;Annually
2896;56;Female;Hoodie;Clothing;08/11/2039;29;86;Montana;L;Green;Summer;Standard;Bank Transfer;Monthly
2897;30;Female;Blouse;Clothing;10/11/2039;2;91;Delaware;M;Silver;Summer;Free Shipping;Venmo;Every 3 Months
2898;43;Female;Jacket;Outerwear;12/11/2039;2;59;Montana;L;Violet;Fall;Free Shipping;Cash;Fortnightly
2899;23;Female;Sneakers;Footwear;14/11/2039;29;33;New Jersey;XL;Peach;Summer;Express;Credit Card;Annually
2900;50;Female;Boots;Footwear;16/11/2039;22;64;Nebraska;M;Gold;Spring;2-Day Shipping;Bank Transfer;Fortnightly
2901;41;Female;Blouse;Clothing;18/11/2039;23;67;Maryland;XL;Violet;Winter;Standard;Cash;Bi-Weekly
2902;41;Female;Blouse;Clothing;20/11/2039;46;43;Alabama;L;Olive;Winter;Free Shipping;Credit Card;Quarterly
2903;27;Female;Boots;Footwear;22/11/2039;19;32;North Carolina;S;Orange;Spring;Standard;PayPal;Bi-Weekly
2904;38;Female;Scarf;Accessories;24/11/2039;24;39;Delaware;S;Teal;Spring;2-Day Shipping;Credit Card;Every 3 Months
2905;41;Female;Sandals;Footwear;26/11/2039;43;41;Iowa;M;Gray;Spring;2-Day Shipping;Venmo;Monthly
2906;58;Female;Sunglasses;Accessories;28/11/2039;14;53;New York;L;Black;Winter;Standard;Debit Card;Fortnightly
2907;58;Female;Coat;Outerwear;30/11/2039;7;27;Virginia;M;Indigo;Spring;Standard;Venmo;Annually
2908;19;Female;Sunglasses;Accessories;02/12/2039;50;82;Maryland;XL;Lavender;Summer;Next Day Air;PayPal;Bi-Weekly
2909;43;Female;Blouse;Clothing;04/12/2039;15;87;Texas;M;Beige;Winter;Store Pickup;Debit Card;Every 3 Months
2910;27;Female;Backpack;Accessories;06/12/2039;40;78;Louisiana;M;Indigo;Winter;Next Day Air;Credit Card;Every 3 Months
2911;32;Female;Belt;Accessories;08/12/2039;41;32;Mississippi;M;Blue;Summer;Store Pickup;Credit Card;Monthly
2912;28;Female;Socks;Clothing;10/12/2039;34;38;Ohio;XL;Orange;Fall;Next Day Air;Venmo;Quarterly
2913;48;Female;Shoes;Footwear;12/12/2039;27;37;Oregon;M;Yellow;Winter;Standard;Cash;Bi-Weekly
2914;43;Female;Coat;Outerwear;14/12/2039;12;83;Wyoming;L;Cyan;Winter;Express;Cash;Every 3 Months
2915;45;Female;Sweater;Clothing;16/12/2039;1;72;Pennsylvania;M;Yellow;Fall;Express;Debit Card;Bi-Weekly
2916;26;Female;Shirt;Clothing;18/12/2039;39;30;Oregon;M;Cyan;Fall;Express;Debit Card;Bi-Weekly
2917;62;Female;Shorts;Clothing;20/12/2039;13;66;Oklahoma;M;Green;Winter;Express;Credit Card;Bi-Weekly
2918;58;Female;Shirt;Clothing;22/12/2039;50;45;Colorado;XL;White;Winter;Store Pickup;Venmo;Annually
2919;19;Female;Sunglasses;Accessories;24/12/2039;36;73;New York;S;Black;Fall;Free Shipping;Cash;Weekly
2920;64;Female;Shoes;Footwear;26/12/2039;31;67;Minnesota;L;Charcoal;Winter;Standard;Debit Card;Monthly
2921;33;Female;Sunglasses;Accessories;28/12/2039;3;72;Texas;XL;Brown;Spring;Free Shipping;Debit Card;Bi-Weekly
2922;20;Female;Handbag;Accessories;30/12/2039;11;24;Wisconsin;M;Cyan;Fall;Standard;Cash;Fortnightly
2923;45;Female;Sunglasses;Accessories;01/01/2040;16;68;Kentucky;L;Beige;Winter;Express;PayPal;Quarterly
2924;28;Female;Shirt;Clothing;03/01/2040;12;70;Pennsylvania;M;Magenta;Spring;2-Day Shipping;Cash;Quarterly
2925;47;Female;Shirt;Clothing;05/01/2040;37;64;Rhode Island;L;Indigo;Winter;Free Shipping;Debit Card;Every 3 Months
2926;54;Female;Sweater;Clothing;07/01/2040;43;91;Illinois;M;Maroon;Spring;Store Pickup;Credit Card;Every 3 Months
2927;64;Female;Handbag;Accessories;09/01/2040;9;82;Maryland;M;Gray;Winter;2-Day Shipping;Cash;Weekly
2928;45;Female;Shirt;Clothing;11/01/2040;15;24;Missouri;M;Black;Summer;Express;Venmo;Bi-Weekly
2929;40;Female;Jewelry;Accessories;13/01/2040;17;80;Alabama;L;Yellow;Spring;Store Pickup;Credit Card;Weekly
2930;31;Female;Socks;Clothing;15/01/2040;42;53;Maine;XL;White;Winter;Next Day Air;Venmo;Fortnightly
2931;38;Female;T-shirt;Clothing;17/01/2040;14;50;Mississippi;M;Orange;Spring;Free Shipping;Venmo;Monthly
2932;36;Female;Jewelry;Accessories;19/01/2040;49;31;Alabama;M;Magenta;Fall;2-Day Shipping;Credit Card;Bi-Weekly
2933;65;Female;Backpack;Accessories;21/01/2040;3;88;Alaska;L;Black;Spring;Express;PayPal;Quarterly
2934;27;Female;Hat;Accessories;23/01/2040;28;52;Illinois;M;Brown;Summer;Standard;Venmo;Monthly
2935;38;Female;Gloves;Accessories;25/01/2040;41;22;Idaho;M;Orange;Fall;Next Day Air;Bank Transfer;Quarterly
2936;58;Female;Sneakers;Footwear;27/01/2040;11;27;North Carolina;XL;Gray;Spring;Standard;Venmo;Weekly
2937;31;Female;Skirt;Clothing;29/01/2040;46;34;Washington;M;White;Spring;Express;PayPal;Weekly
2938;28;Female;Handbag;Accessories;31/01/2040;15;39;West Virginia;M;White;Spring;2-Day Shipping;Credit Card;Weekly
2939;28;Female;Sunglasses;Accessories;02/02/2040;15;53;Maine;M;Violet;Fall;Standard;Cash;Monthly
2940;32;Female;Sweater;Clothing;04/02/2040;34;46;Kentucky;M;Beige;Winter;Express;Venmo;Weekly
2941;61;Female;Handbag;Accessories;06/02/2040;13;85;Massachusetts;L;Beige;Summer;Next Day Air;Cash;Monthly
2942;38;Female;Skirt;Clothing;08/02/2040;27;86;Pennsylvania;L;Purple;Spring;Free Shipping;PayPal;Monthly
2943;54;Female;Socks;Clothing;10/02/2040;37;63;Hawaii;M;Brown;Summer;Free Shipping;Bank Transfer;Weekly
2944;29;Female;Shirt;Clothing;12/02/2040;37;44;Virginia;M;Orange;Spring;Standard;Credit Card;Monthly
2945;50;Female;Sneakers;Footwear;14/02/2040;4;95;New York;XL;Cyan;Summer;Free Shipping;Venmo;Every 3 Months
2946;32;Female;Belt;Accessories;16/02/2040;1;49;Delaware;M;Charcoal;Summer;Free Shipping;Credit Card;Every 3 Months
2947;38;Female;Pants;Clothing;18/02/2040;29;77;Hawaii;L;Purple;Spring;Free Shipping;Bank Transfer;Quarterly
2948;52;Female;Jewelry;Accessories;20/02/2040;50;63;Nebraska;L;Peach;Spring;Standard;Venmo;Annually
2949;61;Female;Pants;Clothing;22/02/2040;38;83;Vermont;M;Violet;Winter;Standard;Debit Card;Bi-Weekly
2950;25;Female;Jewelry;Accessories;24/02/2040;15;93;Iowa;M;Peach;Spring;Store Pickup;PayPal;Annually
2951;22;Female;Jeans;Clothing;26/02/2040;44;91;Iowa;S;Maroon;Winter;2-Day Shipping;Debit Card;Every 3 Months
2952;47;Female;Scarf;Accessories;28/02/2040;14;99;Arkansas;L;Maroon;Fall;Free Shipping;Cash;Weekly
2953;50;Female;Belt;Accessories;01/03/2040;5;24;Alabama;M;Peach;Spring;Next Day Air;Debit Card;Monthly
2954;45;Female;Dress;Clothing;03/03/2040;11;82;Maryland;M;Silver;Summer;Next Day Air;Credit Card;Annually
2955;33;Female;T-shirt;Clothing;05/03/2040;15;28;South Dakota;M;Indigo;Winter;Express;Credit Card;Annually
2956;42;Female;Boots;Footwear;07/03/2040;46;67;Vermont;M;Silver;Winter;Free Shipping;Credit Card;Annually
2957;52;Female;Dress;Clothing;09/03/2040;30;88;Montana;M;Olive;Fall;Standard;Venmo;Monthly
2958;69;Female;Jewelry;Accessories;11/03/2040;2;70;South Dakota;S;Gray;Fall;Standard;Cash;Annually
2959;55;Female;Skirt;Clothing;13/03/2040;28;100;Ohio;M;Black;Summer;Standard;PayPal;Monthly
2960;38;Female;Handbag;Accessories;15/03/2040;9;28;Texas;L;Maroon;Summer;Free Shipping;PayPal;Quarterly
2961;57;Female;Coat;Outerwear;17/03/2040;47;48;Indiana;S;Olive;Spring;Standard;Credit Card;Weekly
2962;33;Female;Hoodie;Clothing;19/03/2040;21;43;New Hampshire;S;Gold;Fall;Free Shipping;Debit Card;Bi-Weekly
2963;57;Female;Pants;Clothing;21/03/2040;42;40;California;L;Pink;Fall;Express;Credit Card;Every 3 Months
2964;52;Female;Boots;Footwear;23/03/2040;28;97;Maine;M;Brown;Spring;Free Shipping;Credit Card;Weekly
2965;44;Female;Coat;Outerwear;25/03/2040;13;25;Ohio;S;White;Fall;2-Day Shipping;Venmo;Fortnightly
2966;48;Female;Scarf;Accessories;27/03/2040;25;45;Delaware;M;Blue;Summer;Standard;PayPal;Fortnightly
2967;52;Female;Boots;Footwear;29/03/2040;38;49;Oklahoma;L;Orange;Fall;Store Pickup;Debit Card;Every 3 Months
2968;34;Female;Sneakers;Footwear;31/03/2040;40;36;Indiana;L;Silver;Summer;Free Shipping;Venmo;Annually
2969;26;Female;Sweater;Clothing;02/04/2040;25;48;South Carolina;S;Gray;Fall;Express;Cash;Every 3 Months
2970;36;Female;Belt;Accessories;04/04/2040;20;62;Vermont;S;Blue;Fall;Next Day Air;Cash;Every 3 Months
2971;24;Female;Jewelry;Accessories;06/04/2040;44;74;Kansas;M;White;Winter;Free Shipping;Credit Card;Bi-Weekly
2972;30;Female;Handbag;Accessories;08/04/2040;9;100;Utah;L;Yellow;Fall;Next Day Air;PayPal;Every 3 Months
2973;31;Female;Jacket;Outerwear;10/04/2040;11;39;New York;S;Indigo;Fall;Free Shipping;Venmo;Every 3 Months
2974;25;Female;Boots;Footwear;12/04/2040;3;65;Indiana;M;Blue;Summer;Store Pickup;Bank Transfer;Fortnightly
2975;57;Female;Sneakers;Footwear;14/04/2040;34;99;Tennessee;XL;Peach;Summer;Store Pickup;Credit Card;Weekly
2976;61;Female;Scarf;Accessories;16/04/2040;48;68;Georgia;XL;Lavender;Winter;2-Day Shipping;Cash;Every 3 Months
2977;30;Female;Coat;Outerwear;18/04/2040;28;97;Nebraska;M;Silver;Summer;Express;Cash;Fortnightly
2978;38;Female;Shorts;Clothing;20/04/2040;20;47;Washington;L;Gold;Winter;Standard;Venmo;Annually
2979;53;Female;Shorts;Clothing;22/04/2040;49;56;Idaho;S;Cyan;Spring;Free Shipping;Bank Transfer;Fortnightly
2980;31;Female;Jeans;Clothing;24/04/2040;14;91;Louisiana;L;Olive;Fall;Next Day Air;PayPal;Weekly
2981;70;Female;Gloves;Accessories;26/04/2040;9;93;New Jersey;L;Teal;Fall;2-Day Shipping;Bank Transfer;Monthly
2982;21;Female;Pants;Clothing;28/04/2040;37;36;Delaware;L;Pink;Winter;Standard;Venmo;Annually
2983;33;Female;Dress;Clothing;30/04/2040;4;45;Wisconsin;M;Orange;Summer;Store Pickup;Credit Card;Weekly
2984;60;Female;Pants;Clothing;02/05/2040;1;44;West Virginia;M;Charcoal;Winter;2-Day Shipping;Credit Card;Quarterly
2985;45;Female;Gloves;Accessories;04/05/2040;36;32;Texas;L;Red;Spring;2-Day Shipping;Debit Card;Bi-Weekly
2986;46;Female;Belt;Accessories;06/05/2040;21;36;Hawaii;S;Teal;Summer;Express;Cash;Bi-Weekly
2987;62;Female;Belt;Accessories;08/05/2040;16;85;Arizona;S;Silver;Summer;2-Day Shipping;Credit Card;Monthly
2988;63;Female;Skirt;Clothing;10/05/2040;42;36;Louisiana;L;Black;Winter;Store Pickup;Cash;Monthly
2989;69;Female;Socks;Clothing;12/05/2040;31;55;Nevada;S;Pink;Spring;2-Day Shipping;Debit Card;Monthly
2990;46;Female;Belt;Accessories;14/05/2040;6;20;Rhode Island;XL;Teal;Summer;2-Day Shipping;Credit Card;Weekly
2991;69;Female;Shirt;Clothing;16/05/2040;24;91;Illinois;M;Teal;Fall;Free Shipping;Venmo;Monthly
2992;66;Female;Dress;Clothing;18/05/2040;7;71;Utah;L;Green;Summer;Standard;PayPal;Bi-Weekly
2993;41;Female;Socks;Clothing;20/05/2040;25;64;North Dakota;M;Charcoal;Spring;Store Pickup;Venmo;Weekly
2994;32;Female;Jacket;Outerwear;22/05/2040;18;21;Kansas;L;Indigo;Spring;Free Shipping;Cash;Bi-Weekly
2995;69;Female;Sweater;Clothing;24/05/2040;14;100;Nevada;S;White;Winter;Store Pickup;Bank Transfer;Quarterly
2996;29;Female;Jeans;Clothing;26/05/2040;42;96;Virginia;M;Orange;Summer;Standard;Debit Card;Bi-Weekly
2997;70;Female;Jewelry;Accessories;28/05/2040;6;91;Utah;M;White;Spring;Express;Venmo;Every 3 Months
2998;41;Female;Sweater;Clothing;30/05/2040;14;40;Idaho;S;Yellow;Spring;Next Day Air;Venmo;Every 3 Months
2999;31;Female;Hoodie;Clothing;01/06/2040;30;53;Alaska;M;Red;Summer;Express;Debit Card;Quarterly
3000;31;Female;Sunglasses;Accessories;03/06/2040;10;48;New Hampshire;S;Charcoal;Winter;Standard;Cash;Monthly
3001;57;Female;Sandals;Footwear;05/06/2040;7;70;Ohio;M;Lavender;Winter;Express;PayPal;Weekly
3002;29;Female;Coat;Outerwear;07/06/2040;28;29;Montana;L;Charcoal;Summer;Express;Credit Card;Quarterly
3003;70;Female;Belt;Accessories;09/06/2040;19;29;Louisiana;M;Maroon;Fall;Next Day Air;Bank Transfer;Quarterly
3004;51;Female;Blouse;Clothing;11/06/2040;13;53;Oregon;M;Brown;Fall;Express;Credit Card;Every 3 Months
3005;45;Female;Skirt;Clothing;13/06/2040;23;79;Arizona;M;Lavender;Winter;Store Pickup;Venmo;Fortnightly
3006;18;Female;Shorts;Clothing;15/06/2040;5;65;Alaska;XL;Brown;Spring;Express;Venmo;Weekly
3007;37;Female;Dress;Clothing;17/06/2040;17;99;Utah;M;Olive;Summer;Store Pickup;Venmo;Bi-Weekly
3008;23;Female;Sunglasses;Accessories;19/06/2040;31;60;New York;L;Lavender;Winter;Next Day Air;Venmo;Weekly
3009;39;Female;Shoes;Footwear;21/06/2040;19;86;New Mexico;M;Gold;Winter;Free Shipping;PayPal;Weekly
3010;62;Female;Belt;Accessories;23/06/2040;8;73;Louisiana;M;Silver;Winter;Free Shipping;Venmo;Fortnightly
3011;70;Female;Belt;Accessories;25/06/2040;15;45;Ohio;M;Violet;Winter;Free Shipping;Credit Card;Annually
3012;20;Female;Belt;Accessories;27/06/2040;18;70;Nevada;S;Brown;Summer;Next Day Air;Credit Card;Every 3 Months
3013;42;Female;Belt;Accessories;29/06/2040;16;65;Idaho;M;Teal;Fall;Standard;PayPal;Annually
3014;41;Female;Skirt;Clothing;01/07/2040;13;55;Arizona;L;Peach;Summer;Store Pickup;Cash;Monthly
3015;24;Female;T-shirt;Clothing;03/07/2040;38;65;Utah;M;Maroon;Spring;Express;PayPal;Every 3 Months
3016;37;Female;Scarf;Accessories;05/07/2040;27;21;Wyoming;XL;Lavender;Spring;Express;Bank Transfer;Bi-Weekly
3017;30;Female;Blouse;Clothing;07/07/2040;31;26;Indiana;L;Lavender;Summer;Store Pickup;Bank Transfer;Quarterly
3018;58;Female;Sunglasses;Accessories;09/07/2040;24;71;Wisconsin;S;Purple;Summer;Next Day Air;Cash;Bi-Weekly
3019;43;Female;Boots;Footwear;11/07/2040;21;41;Texas;M;Green;Summer;Free Shipping;Debit Card;Bi-Weekly
3020;19;Female;Jacket;Outerwear;13/07/2040;15;44;Utah;M;Yellow;Winter;2-Day Shipping;PayPal;Annually
3021;23;Female;Jeans;Clothing;15/07/2040;48;81;Arkansas;S;Charcoal;Fall;Store Pickup;Venmo;Every 3 Months
3022;65;Female;Sunglasses;Accessories;17/07/2040;47;77;Pennsylvania;S;Blue;Summer;2-Day Shipping;Cash;Quarterly
3023;58;Female;Sandals;Footwear;19/07/2040;23;26;Georgia;M;Lavender;Fall;Free Shipping;PayPal;Weekly
3024;50;Female;Backpack;Accessories;21/07/2040;4;31;Indiana;M;Brown;Summer;Express;PayPal;Quarterly
3025;67;Female;Blouse;Clothing;23/07/2040;47;82;Idaho;S;White;Spring;Free Shipping;Credit Card;Every 3 Months
3026;40;Female;Shoes;Footwear;25/07/2040;7;60;Montana;XL;Green;Summer;Store Pickup;PayPal;Monthly
3027;55;Female;Shirt;Clothing;27/07/2040;6;70;Tennessee;L;Magenta;Fall;Free Shipping;Credit Card;Annually
3028;52;Female;Hoodie;Clothing;29/07/2040;47;26;West Virginia;XL;Peach;Winter;2-Day Shipping;Credit Card;Quarterly
3029;62;Female;Dress;Clothing;31/07/2040;7;100;California;L;Charcoal;Summer;Free Shipping;PayPal;Every 3 Months
3030;64;Female;Dress;Clothing;02/08/2040;1;82;Georgia;M;Gold;Summer;Free Shipping;Debit Card;Quarterly
3031;43;Female;Sneakers;Footwear;04/08/2040;23;24;Maryland;XL;Purple;Spring;2-Day Shipping;Credit Card;Weekly
3032;61;Female;Blouse;Clothing;06/08/2040;30;74;Idaho;L;Teal;Summer;2-Day Shipping;Credit Card;Monthly
3033;26;Female;Backpack;Accessories;08/08/2040;24;58;California;XL;Green;Summer;Next Day Air;Credit Card;Quarterly
3034;22;Female;Sweater;Clothing;10/08/2040;9;56;Alabama;L;Orange;Spring;Store Pickup;PayPal;Weekly
3035;51;Female;Boots;Footwear;12/08/2040;25;37;Utah;L;Peach;Spring;2-Day Shipping;Credit Card;Quarterly
3036;69;Female;Handbag;Accessories;14/08/2040;18;64;Kentucky;M;Gold;Spring;Free Shipping;Cash;Bi-Weekly
3037;50;Female;Hoodie;Clothing;16/08/2040;7;58;Vermont;S;Violet;Spring;Next Day Air;Venmo;Fortnightly
3038;51;Female;Belt;Accessories;18/08/2040;2;44;Iowa;L;Charcoal;Summer;Next Day Air;Cash;Annually
3039;56;Female;Jewelry;Accessories;20/08/2040;36;39;Georgia;M;Brown;Summer;Free Shipping;Debit Card;Annually
3040;59;Female;Blouse;Clothing;22/08/2040;31;48;Alabama;L;Blue;Spring;Next Day Air;PayPal;Bi-Weekly
3041;18;Female;Handbag;Accessories;24/08/2040;10;32;Nebraska;M;Gold;Fall;Express;Cash;Fortnightly
3042;48;Female;Handbag;Accessories;26/08/2040;27;79;Rhode Island;M;Orange;Winter;Express;PayPal;Monthly
3043;53;Female;Coat;Outerwear;28/08/2040;14;27;South Dakota;L;Turquoise;Winter;Next Day Air;PayPal;Every 3 Months
3044;45;Female;Belt;Accessories;30/08/2040;17;98;Illinois;S;Peach;Fall;Store Pickup;Credit Card;Monthly
3045;21;Female;Boots;Footwear;01/09/2040;10;67;North Carolina;M;Magenta;Winter;Free Shipping;Bank Transfer;Quarterly
3046;42;Female;Socks;Clothing;03/09/2040;4;37;Florida;L;Black;Winter;2-Day Shipping;PayPal;Bi-Weekly
3047;60;Female;Shoes;Footwear;05/09/2040;25;49;Pennsylvania;M;White;Spring;Store Pickup;Cash;Every 3 Months
3048;21;Female;Sneakers;Footwear;07/09/2040;3;74;Vermont;M;Violet;Fall;2-Day Shipping;PayPal;Bi-Weekly
3049;69;Female;Jewelry;Accessories;09/09/2040;47;93;Colorado;M;Olive;Summer;Standard;Venmo;Fortnightly
3050;40;Female;Handbag;Accessories;11/09/2040;41;60;Utah;L;Red;Summer;Next Day Air;Bank Transfer;Bi-Weekly
3051;31;Female;Coat;Outerwear;13/09/2040;28;76;Kentucky;S;Green;Spring;Standard;Venmo;Every 3 Months
3052;44;Female;Sunglasses;Accessories;15/09/2040;49;64;Wyoming;L;Gold;Summer;Express;Debit Card;Every 3 Months
3053;48;Female;Shoes;Footwear;17/09/2040;7;38;Maine;XL;Olive;Spring;Store Pickup;Bank Transfer;Fortnightly
3054;32;Female;Shoes;Footwear;19/09/2040;22;91;Maine;L;Brown;Winter;Next Day Air;Bank Transfer;Monthly
3055;42;Female;Boots;Footwear;21/09/2040;34;70;New Hampshire;S;Magenta;Summer;2-Day Shipping;Venmo;Monthly
3056;27;Female;Sandals;Footwear;23/09/2040;5;22;Kansas;M;Violet;Fall;Standard;Debit Card;Bi-Weekly
3057;69;Female;Gloves;Accessories;25/09/2040;15;59;New Jersey;M;Beige;Spring;Standard;Cash;Bi-Weekly
3058;67;Female;Backpack;Accessories;27/09/2040;26;22;North Carolina;M;Blue;Spring;Next Day Air;Bank Transfer;Weekly
3059;41;Female;Handbag;Accessories;29/09/2040;3;74;West Virginia;S;Orange;Winter;Store Pickup;Bank Transfer;Fortnightly
3060;46;Female;Sweater;Clothing;01/10/2040;42;71;Kentucky;L;Maroon;Spring;Express;Credit Card;Quarterly
3061;47;Female;Coat;Outerwear;03/10/2040;1;80;California;S;Charcoal;Summer;Store Pickup;Venmo;Monthly
3062;33;Female;T-shirt;Clothing;05/10/2040;20;59;South Dakota;L;Olive;Fall;Express;PayPal;Every 3 Months
3063;51;Female;Backpack;Accessories;07/10/2040;39;96;California;L;Green;Fall;Standard;PayPal;Monthly
3064;26;Female;Sunglasses;Accessories;09/10/2040;24;43;Connecticut;L;Brown;Winter;Store Pickup;Credit Card;Fortnightly
3065;22;Female;Belt;Accessories;11/10/2040;49;76;Idaho;S;Cyan;Winter;Express;Bank Transfer;Quarterly
3066;49;Female;Jacket;Outerwear;13/10/2040;7;59;North Dakota;M;Beige;Fall;Store Pickup;Venmo;Bi-Weekly
3067;58;Female;Skirt;Clothing;15/10/2040;13;48;Michigan;L;Teal;Summer;Free Shipping;Venmo;Every 3 Months
3068;70;Female;Belt;Accessories;17/10/2040;2;22;Missouri;S;Gray;Spring;Free Shipping;Cash;Weekly
3069;32;Female;Boots;Footwear;19/10/2040;4;40;California;M;Indigo;Winter;Express;Debit Card;Weekly
3070;62;Female;Jeans;Clothing;21/10/2040;17;73;Delaware;L;Magenta;Spring;Express;Debit Card;Quarterly
3071;52;Female;Shoes;Footwear;23/10/2040;43;26;Alabama;XL;Red;Fall;Free Shipping;PayPal;Bi-Weekly
3072;23;Female;Sweater;Clothing;25/10/2040;6;41;New Hampshire;L;Turquoise;Spring;Next Day Air;PayPal;Monthly
3073;26;Female;Jewelry;Accessories;27/10/2040;46;98;New York;L;Peach;Spring;Standard;PayPal;Quarterly
3074;58;Female;Shirt;Clothing;29/10/2040;7;63;Oregon;L;White;Winter;Free Shipping;Debit Card;Bi-Weekly
3075;26;Female;Boots;Footwear;31/10/2040;34;55;Massachusetts;L;Maroon;Winter;Next Day Air;Debit Card;Fortnightly
3076;54;Female;Shorts;Clothing;02/11/2040;21;90;Utah;XL;Beige;Winter;Standard;PayPal;Every 3 Months
3077;66;Female;Handbag;Accessories;04/11/2040;13;46;New Hampshire;M;Blue;Summer;Express;Venmo;Bi-Weekly
3078;60;Female;Sweater;Clothing;06/11/2040;33;88;Illinois;S;Red;Spring;Store Pickup;Debit Card;Bi-Weekly
3079;32;Female;Belt;Accessories;08/11/2040;24;95;Alaska;M;Blue;Spring;2-Day Shipping;Bank Transfer;Bi-Weekly
3080;48;Female;Belt;Accessories;10/11/2040;4;31;Wyoming;M;Maroon;Fall;Store Pickup;Bank Transfer;Annually
3081;69;Female;Hoodie;Clothing;12/11/2040;5;42;Colorado;L;Yellow;Spring;Next Day Air;Cash;Bi-Weekly
3082;64;Female;Sneakers;Footwear;14/11/2040;11;44;Vermont;L;Pink;Winter;Next Day Air;Credit Card;Weekly
3083;56;Female;T-shirt;Clothing;16/11/2040;20;99;Utah;M;Maroon;Spring;Next Day Air;Bank Transfer;Annually
3084;22;Female;Pants;Clothing;18/11/2040;28;20;Illinois;S;Purple;Summer;Store Pickup;PayPal;Quarterly
3085;46;Female;Scarf;Accessories;20/11/2040;43;37;Idaho;S;Indigo;Spring;Store Pickup;PayPal;Monthly
3086;24;Female;Sweater;Clothing;22/11/2040;10;50;Nevada;L;Gray;Winter;Store Pickup;Venmo;Every 3 Months
3087;47;Female;Handbag;Accessories;24/11/2040;26;73;Utah;M;Lavender;Summer;Next Day Air;Venmo;Every 3 Months
3088;62;Female;Shirt;Clothing;26/11/2040;29;84;North Carolina;M;Charcoal;Spring;Free Shipping;Bank Transfer;Monthly
3089;34;Female;Dress;Clothing;28/11/2040;35;64;Arkansas;M;Teal;Spring;Store Pickup;Bank Transfer;Quarterly
3090;50;Female;Sandals;Footwear;30/11/2040;23;21;North Carolina;L;Blue;Fall;Free Shipping;Cash;Bi-Weekly
3091;29;Female;Shirt;Clothing;02/12/2040;15;36;Texas;M;Peach;Summer;Store Pickup;Bank Transfer;Quarterly
3092;68;Female;Dress;Clothing;04/12/2040;46;81;Nevada;L;Orange;Winter;2-Day Shipping;Credit Card;Annually
3093;52;Female;Sunglasses;Accessories;06/12/2040;14;54;Utah;L;Silver;Fall;Next Day Air;Bank Transfer;Bi-Weekly
3094;29;Female;Socks;Clothing;08/12/2040;17;63;Pennsylvania;L;Red;Summer;Store Pickup;Cash;Every 3 Months
3095;22;Female;Sandals;Footwear;10/12/2040;9;59;Georgia;M;Gray;Summer;Store Pickup;Cash;Weekly
3096;62;Female;Hat;Accessories;12/12/2040;13;53;Minnesota;S;Beige;Fall;Standard;Venmo;Fortnightly
3097;69;Female;Shirt;Clothing;14/12/2040;20;63;Kansas;L;White;Winter;Next Day Air;Bank Transfer;Monthly
3098;48;Female;Shoes;Footwear;16/12/2040;39;33;Delaware;M;Silver;Fall;Free Shipping;Bank Transfer;Quarterly
3099;66;Female;Pants;Clothing;18/12/2040;50;64;New Mexico;L;Cyan;Summer;Next Day Air;Bank Transfer;Quarterly
3100;42;Female;Shirt;Clothing;20/12/2040;21;98;Michigan;S;Maroon;Fall;Free Shipping;Bank Transfer;Bi-Weekly
3101;50;Female;Hat;Accessories;22/12/2040;3;85;Vermont;L;Purple;Winter;Express;Bank Transfer;Weekly
3102;32;Female;Jewelry;Accessories;24/12/2040;9;82;Idaho;S;Brown;Summer;Express;PayPal;Fortnightly
3103;51;Female;Jacket;Outerwear;26/12/2040;29;85;South Dakota;M;Green;Summer;Standard;Cash;Bi-Weekly
3104;27;Female;Shirt;Clothing;28/12/2040;42;37;Illinois;S;Peach;Winter;2-Day Shipping;Bank Transfer;Weekly
3105;43;Female;Pants;Clothing;30/12/2040;41;56;Georgia;S;Turquoise;Summer;2-Day Shipping;Debit Card;Fortnightly
3106;48;Female;Skirt;Clothing;01/01/2041;17;33;Oregon;M;Olive;Fall;Express;Debit Card;Monthly
3107;62;Female;Sandals;Footwear;03/01/2041;20;57;Alabama;M;Yellow;Winter;Next Day Air;PayPal;Annually
3108;65;Female;Blouse;Clothing;05/01/2041;18;31;Hawaii;L;Gray;Winter;Standard;Credit Card;Bi-Weekly
3109;50;Female;Socks;Clothing;07/01/2041;7;69;Oregon;M;Purple;Fall;2-Day Shipping;PayPal;Monthly
3110;60;Female;Jacket;Outerwear;09/01/2041;47;92;Illinois;M;Gray;Winter;Free Shipping;Bank Transfer;Fortnightly
3111;19;Female;Handbag;Accessories;11/01/2041;2;46;Texas;L;Lavender;Fall;Next Day Air;Bank Transfer;Bi-Weekly
3112;21;Female;Belt;Accessories;13/01/2041;25;81;Kansas;XL;Indigo;Spring;Free Shipping;Debit Card;Quarterly
3113;19;Female;Blouse;Clothing;15/01/2041;26;97;Texas;S;Green;Fall;Express;Venmo;Annually
3114;46;Female;Shirt;Clothing;17/01/2041;2;93;Nebraska;L;Green;Summer;Express;Debit Card;Weekly
3115;21;Female;Handbag;Accessories;19/01/2041;45;56;Arkansas;M;Olive;Spring;Store Pickup;Venmo;Bi-Weekly
3116;26;Female;Scarf;Accessories;21/01/2041;9;53;South Dakota;M;Charcoal;Fall;Free Shipping;Bank Transfer;Bi-Weekly
3117;50;Female;Coat;Outerwear;23/01/2041;1;66;Montana;L;Gray;Spring;Store Pickup;Venmo;Weekly
3118;43;Female;Hoodie;Clothing;25/01/2041;4;50;Florida;M;Olive;Fall;Free Shipping;PayPal;Bi-Weekly
3119;61;Female;Shorts;Clothing;27/01/2041;31;97;Virginia;L;Blue;Summer;Standard;Debit Card;Quarterly
3120;63;Female;Sandals;Footwear;29/01/2041;21;79;Louisiana;XL;Silver;Winter;2-Day Shipping;Credit Card;Every 3 Months
3121;46;Female;Shirt;Clothing;31/01/2041;32;76;Louisiana;M;Magenta;Fall;Store Pickup;Debit Card;Fortnightly
3122;63;Female;Hoodie;Clothing;02/02/2041;16;38;Louisiana;L;Black;Fall;Standard;Venmo;Weekly
3123;23;Female;Socks;Clothing;04/02/2041;34;45;Georgia;M;Pink;Fall;Express;Credit Card;Fortnightly
3124;57;Female;Handbag;Accessories;06/02/2041;40;77;Iowa;XL;Red;Fall;Next Day Air;Venmo;Bi-Weekly
3125;57;Female;Jewelry;Accessories;08/02/2041;4;51;California;M;Peach;Summer;Standard;Cash;Every 3 Months
3126;33;Female;Coat;Outerwear;10/02/2041;3;26;Oregon;L;Lavender;Spring;Standard;Cash;Quarterly
3127;57;Female;Sunglasses;Accessories;12/02/2041;28;76;Maine;L;Lavender;Winter;Store Pickup;Bank Transfer;Bi-Weekly
3128;55;Female;Gloves;Accessories;14/02/2041;43;94;Louisiana;M;Beige;Winter;Free Shipping;Credit Card;Every 3 Months
3129;65;Female;Jacket;Outerwear;16/02/2041;20;32;Arkansas;S;Indigo;Fall;Standard;Cash;Annually
3130;60;Female;Sandals;Footwear;18/02/2041;40;20;Maryland;S;Cyan;Summer;Express;Venmo;Every 3 Months
3131;52;Female;Pants;Clothing;20/02/2041;34;20;Vermont;M;Yellow;Summer;Store Pickup;Venmo;Every 3 Months
3132;34;Female;Jacket;Outerwear;22/02/2041;11;59;North Dakota;M;Peach;Fall;Store Pickup;Bank Transfer;Every 3 Months
3133;33;Female;Sweater;Clothing;24/02/2041;26;97;Michigan;M;Yellow;Summer;Express;Cash;Quarterly
3134;58;Female;T-shirt;Clothing;26/02/2041;29;68;Arkansas;M;Orange;Spring;Next Day Air;Cash;Bi-Weekly
3135;35;Female;Boots;Footwear;28/02/2041;47;66;Kentucky;L;Gray;Spring;Store Pickup;Bank Transfer;Weekly
3136;68;Female;Shoes;Footwear;02/03/2041;48;85;Indiana;L;Yellow;Spring;Free Shipping;Venmo;Fortnightly
3137;58;Female;Skirt;Clothing;04/03/2041;29;32;Minnesota;M;Gray;Fall;Next Day Air;Cash;Bi-Weekly
3138;34;Female;Coat;Outerwear;06/03/2041;14;44;Louisiana;M;Turquoise;Spring;2-Day Shipping;Bank Transfer;Monthly
3139;47;Female;Blouse;Clothing;08/03/2041;40;95;Kentucky;L;Gray;Fall;Next Day Air;Cash;Every 3 Months
3140;35;Female;Sunglasses;Accessories;10/03/2041;4;85;Georgia;M;Olive;Winter;Next Day Air;Venmo;Weekly
3141;34;Female;Gloves;Accessories;12/03/2041;37;44;Alaska;XL;Peach;Summer;Free Shipping;Bank Transfer;Weekly
3142;36;Female;Sunglasses;Accessories;14/03/2041;47;30;Mississippi;S;Peach;Winter;Express;Credit Card;Bi-Weekly
3143;23;Female;Sneakers;Footwear;16/03/2041;1;21;Kansas;L;Magenta;Winter;2-Day Shipping;Venmo;Quarterly
3144;68;Female;Hoodie;Clothing;18/03/2041;26;22;Arizona;M;Purple;Summer;Store Pickup;Cash;Quarterly
3145;23;Female;Boots;Footwear;20/03/2041;12;70;Maine;L;Beige;Spring;Free Shipping;Debit Card;Quarterly
3146;57;Female;Handbag;Accessories;22/03/2041;16;29;Texas;XL;Purple;Spring;Standard;PayPal;Fortnightly
3147;21;Female;Shirt;Clothing;24/03/2041;19;83;Virginia;S;Yellow;Winter;Free Shipping;PayPal;Annually
3148;45;Female;Sweater;Clothing;26/03/2041;21;99;North Dakota;M;Pink;Winter;Express;Credit Card;Weekly
3149;37;Female;Shorts;Clothing;28/03/2041;15;35;West Virginia;L;Purple;Fall;Free Shipping;Venmo;Weekly
3150;18;Female;Belt;Accessories;30/03/2041;9;40;North Carolina;M;Lavender;Winter;Free Shipping;Venmo;Annually
3151;55;Female;Blouse;Clothing;01/04/2041;7;25;Georgia;M;Peach;Spring;Express;Bank Transfer;Bi-Weekly
3152;52;Female;T-shirt;Clothing;03/04/2041;47;64;New Mexico;L;Orange;Fall;2-Day Shipping;Bank Transfer;Quarterly
3153;49;Female;Belt;Accessories;05/04/2041;17;90;North Carolina;M;Red;Fall;Store Pickup;PayPal;Monthly
3154;56;Female;Socks;Clothing;07/04/2041;46;88;Alabama;L;Red;Fall;Next Day Air;Venmo;Fortnightly
3155;27;Female;Belt;Accessories;09/04/2041;32;55;Connecticut;M;Gold;Winter;Standard;Cash;Quarterly
3156;22;Female;Handbag;Accessories;11/04/2041;34;90;Montana;M;Brown;Fall;Free Shipping;Cash;Annually
3157;18;Female;Shirt;Clothing;13/04/2041;18;50;Montana;M;Black;Winter;2-Day Shipping;Cash;Monthly
3158;21;Female;Belt;Accessories;15/04/2041;5;34;Maine;L;Red;Fall;Store Pickup;Debit Card;Fortnightly
3159;30;Female;Jewelry;Accessories;17/04/2041;44;77;Mississippi;M;Gray;Winter;2-Day Shipping;Credit Card;Monthly
3160;62;Female;Hat;Accessories;19/04/2041;4;89;Louisiana;L;Pink;Winter;Store Pickup;Bank Transfer;Quarterly
3161;28;Female;Backpack;Accessories;21/04/2041;37;87;Nebraska;XL;Turquoise;Fall;Next Day Air;Cash;Fortnightly
3162;66;Female;Dress;Clothing;23/04/2041;43;77;Massachusetts;S;Charcoal;Winter;2-Day Shipping;Cash;Monthly
3163;66;Female;Shoes;Footwear;25/04/2041;28;85;Wisconsin;L;Blue;Winter;Standard;Bank Transfer;Quarterly
3164;49;Female;Pants;Clothing;27/04/2041;36;66;Nebraska;XL;Turquoise;Summer;Express;Cash;Monthly
3165;40;Female;Dress;Clothing;29/04/2041;16;32;Arizona;L;Silver;Winter;Standard;Credit Card;Annually
3166;49;Female;Jacket;Outerwear;01/05/2041;38;92;Hawaii;M;Lavender;Spring;Store Pickup;Bank Transfer;Every 3 Months
3167;19;Female;Shirt;Clothing;03/05/2041;37;80;Georgia;M;Gold;Winter;Next Day Air;Bank Transfer;Fortnightly
3168;24;Female;Dress;Clothing;05/05/2041;9;78;Oregon;M;Blue;Fall;2-Day Shipping;Cash;Bi-Weekly
3169;31;Female;Jeans;Clothing;07/05/2041;14;24;Montana;M;Orange;Spring;2-Day Shipping;PayPal;Fortnightly
3170;35;Female;T-shirt;Clothing;09/05/2041;3;59;Georgia;M;White;Fall;Free Shipping;Venmo;Weekly
3171;65;Female;Sunglasses;Accessories;11/05/2041;10;41;Rhode Island;XL;Charcoal;Spring;Express;Credit Card;Fortnightly
3172;68;Female;Jewelry;Accessories;13/05/2041;26;26;Tennessee;M;Maroon;Spring;Express;Bank Transfer;Bi-Weekly
3173;57;Female;Socks;Clothing;15/05/2041;30;52;Missouri;M;Olive;Fall;Standard;Debit Card;Bi-Weekly
3174;69;Female;Skirt;Clothing;17/05/2041;32;46;Washington;L;Teal;Summer;Next Day Air;PayPal;Fortnightly
3175;45;Female;Pants;Clothing;19/05/2041;35;52;Oklahoma;L;Orange;Winter;Store Pickup;PayPal;Monthly
3176;35;Female;Socks;Clothing;21/05/2041;26;42;Connecticut;M;Maroon;Fall;Store Pickup;Debit Card;Every 3 Months
3177;36;Female;Sandals;Footwear;23/05/2041;39;37;Arkansas;XL;Turquoise;Spring;2-Day Shipping;Credit Card;Monthly
3178;55;Female;Belt;Accessories;25/05/2041;31;52;Missouri;L;Beige;Fall;Standard;Credit Card;Monthly
3179;66;Female;Sandals;Footwear;27/05/2041;28;34;Washington;L;Beige;Spring;Free Shipping;Credit Card;Annually
3180;57;Female;Shorts;Clothing;29/05/2041;12;88;Idaho;M;Olive;Spring;Free Shipping;Debit Card;Bi-Weekly
3181;18;Female;Handbag;Accessories;31/05/2041;46;88;Montana;L;Turquoise;Fall;Standard;PayPal;Weekly
3182;31;Female;Jacket;Outerwear;02/06/2041;27;51;Montana;M;Charcoal;Summer;Free Shipping;PayPal;Every 3 Months
3183;50;Female;Sunglasses;Accessories;04/06/2041;4;97;Georgia;L;Green;Fall;Free Shipping;Credit Card;Annually
3184;50;Female;Sneakers;Footwear;06/06/2041;14;56;Mississippi;M;Green;Winter;Standard;Cash;Every 3 Months
3185;61;Female;Sweater;Clothing;08/06/2041;30;53;Hawaii;L;Green;Spring;2-Day Shipping;Venmo;Quarterly
3186;52;Female;Skirt;Clothing;10/06/2041;6;71;Ohio;L;Gold;Fall;Express;PayPal;Annually
3187;38;Female;Jewelry;Accessories;12/06/2041;43;93;Virginia;S;Cyan;Winter;Store Pickup;Venmo;Annually
3188;67;Female;Blouse;Clothing;14/06/2041;28;72;Texas;L;Indigo;Winter;Free Shipping;Debit Card;Weekly
3189;42;Female;Blouse;Clothing;16/06/2041;39;59;Vermont;M;Lavender;Winter;Standard;Bank Transfer;Monthly
3190;25;Female;Boots;Footwear;18/06/2041;30;87;Kansas;M;Beige;Summer;Store Pickup;PayPal;Bi-Weekly
3191;41;Female;Jeans;Clothing;20/06/2041;5;78;California;S;Purple;Fall;Free Shipping;Credit Card;Fortnightly
3192;62;Female;Hoodie;Clothing;22/06/2041;42;68;Mississippi;XL;Maroon;Winter;Store Pickup;Credit Card;Every 3 Months
3193;19;Female;Sweater;Clothing;24/06/2041;20;76;Iowa;S;Maroon;Fall;Free Shipping;Cash;Fortnightly
3194;63;Female;Gloves;Accessories;26/06/2041;35;99;Virginia;L;Teal;Winter;Express;Credit Card;Fortnightly
3195;43;Female;Sneakers;Footwear;28/06/2041;10;52;Maryland;L;Gold;Summer;Standard;Credit Card;Bi-Weekly
3196;68;Female;Sunglasses;Accessories;30/06/2041;36;58;Missouri;S;Red;Spring;Next Day Air;Credit Card;Quarterly
3197;24;Female;Belt;Accessories;02/07/2041;21;59;Wisconsin;L;Maroon;Winter;Express;Debit Card;Fortnightly
3198;27;Female;Sweater;Clothing;04/07/2041;29;71;Maine;M;Teal;Spring;Free Shipping;Credit Card;Every 3 Months
3199;61;Female;Gloves;Accessories;06/07/2041;39;94;Pennsylvania;L;Peach;Winter;Free Shipping;Debit Card;Weekly
3200;59;Female;Handbag;Accessories;08/07/2041;16;40;Maine;XL;Pink;Winter;Express;PayPal;Monthly
3201;67;Female;Socks;Clothing;10/07/2041;32;24;Missouri;L;Black;Spring;Free Shipping;Credit Card;Monthly
3202;46;Female;Pants;Clothing;12/07/2041;34;38;Vermont;S;Indigo;Fall;2-Day Shipping;Cash;Monthly
3203;65;Female;Scarf;Accessories;14/07/2041;38;37;Wisconsin;L;Green;Fall;Standard;Venmo;Annually
3204;63;Female;Coat;Outerwear;16/07/2041;14;29;New Jersey;L;Teal;Spring;Express;Venmo;Annually
3205;57;Female;Jacket;Outerwear;18/07/2041;23;92;New Mexico;XL;Lavender;Fall;Free Shipping;Debit Card;Bi-Weekly
3206;40;Female;Hoodie;Clothing;20/07/2041;50;24;Colorado;XL;Magenta;Fall;2-Day Shipping;Bank Transfer;Every 3 Months
3207;36;Female;Boots;Footwear;22/07/2041;49;52;California;M;Brown;Winter;Free Shipping;PayPal;Monthly
3208;67;Female;Socks;Clothing;24/07/2041;14;29;Arizona;XL;Beige;Summer;Next Day Air;PayPal;Annually
3209;61;Female;Jewelry;Accessories;26/07/2041;42;30;Indiana;L;Indigo;Winter;2-Day Shipping;PayPal;Weekly
3210;64;Female;Shoes;Footwear;28/07/2041;39;31;Arkansas;L;Peach;Fall;Standard;Debit Card;Annually
3211;30;Female;Socks;Clothing;30/07/2041;43;67;Nevada;M;Magenta;Summer;Express;Venmo;Bi-Weekly
3212;53;Female;Pants;Clothing;01/08/2041;12;65;Rhode Island;L;Turquoise;Winter;Standard;Cash;Monthly
3213;27;Female;Sneakers;Footwear;03/08/2041;21;22;Wyoming;M;Indigo;Winter;2-Day Shipping;Debit Card;Weekly
3214;27;Female;Sunglasses;Accessories;05/08/2041;33;56;Texas;M;Brown;Winter;Standard;Credit Card;Monthly
3215;53;Female;Skirt;Clothing;07/08/2041;6;78;Washington;M;Yellow;Spring;Free Shipping;Debit Card;Annually
3216;34;Female;Coat;Outerwear;09/08/2041;10;90;Rhode Island;M;Magenta;Summer;Free Shipping;PayPal;Every 3 Months
3217;39;Female;Hoodie;Clothing;11/08/2041;18;85;Illinois;S;Olive;Winter;Next Day Air;Cash;Weekly
3218;44;Female;Sunglasses;Accessories;13/08/2041;46;58;Oregon;M;Silver;Fall;Express;Venmo;Weekly
3219;37;Female;Skirt;Clothing;15/08/2041;49;34;Florida;M;Teal;Fall;Express;PayPal;Monthly
3220;57;Female;Coat;Outerwear;17/08/2041;39;40;Kansas;L;White;Summer;2-Day Shipping;Credit Card;Weekly
3221;38;Female;Handbag;Accessories;19/08/2041;16;29;North Dakota;M;Blue;Fall;Free Shipping;Cash;Monthly
3222;21;Female;T-shirt;Clothing;21/08/2041;28;76;New Hampshire;M;Yellow;Winter;Standard;Cash;Annually
3223;45;Female;Sunglasses;Accessories;23/08/2041;22;84;Texas;S;Maroon;Fall;Store Pickup;PayPal;Quarterly
3224;68;Female;Shirt;Clothing;25/08/2041;36;65;Montana;S;Gray;Spring;Standard;Venmo;Bi-Weekly
3225;37;Female;Hoodie;Clothing;27/08/2041;18;80;Delaware;L;Indigo;Winter;Free Shipping;PayPal;Monthly
3226;53;Female;Blouse;Clothing;29/08/2041;31;98;New Hampshire;M;Pink;Fall;Store Pickup;Credit Card;Weekly
3227;57;Female;Sneakers;Footwear;31/08/2041;38;71;Minnesota;XL;Beige;Spring;Next Day Air;Bank Transfer;Fortnightly
3228;28;Female;Scarf;Accessories;02/09/2041;42;69;Alaska;XL;White;Fall;Free Shipping;Debit Card;Quarterly
3229;37;Female;Jewelry;Accessories;04/09/2041;27;95;Connecticut;M;Yellow;Spring;2-Day Shipping;PayPal;Annually
3230;54;Female;Pants;Clothing;06/09/2041;24;67;Connecticut;M;Teal;Fall;Express;Cash;Monthly
3231;49;Female;Sneakers;Footwear;08/09/2041;38;49;Kansas;M;Olive;Summer;Next Day Air;Debit Card;Annually
3232;62;Female;Shoes;Footwear;10/09/2041;9;97;Nevada;M;Maroon;Winter;Free Shipping;Credit Card;Annually
3233;45;Female;T-shirt;Clothing;12/09/2041;19;34;Massachusetts;M;White;Spring;Next Day Air;Bank Transfer;Monthly
3234;45;Female;Belt;Accessories;14/09/2041;11;74;Indiana;M;Lavender;Fall;Express;Debit Card;Bi-Weekly
3235;49;Female;Jewelry;Accessories;16/09/2041;16;96;Washington;M;Black;Winter;2-Day Shipping;Debit Card;Quarterly
3236;27;Female;Belt;Accessories;18/09/2041;18;68;Kansas;M;Green;Summer;Free Shipping;Venmo;Monthly
3237;63;Female;Belt;Accessories;20/09/2041;8;84;South Carolina;L;Olive;Fall;Next Day Air;Cash;Monthly
3238;61;Female;T-shirt;Clothing;22/09/2041;4;57;Vermont;M;Gray;Summer;Express;Cash;Weekly
3239;25;Female;Sneakers;Footwear;24/09/2041;37;84;Wyoming;XL;Teal;Fall;2-Day Shipping;Cash;Quarterly
3240;33;Female;Sunglasses;Accessories;26/09/2041;30;32;Colorado;M;Charcoal;Fall;2-Day Shipping;Cash;Monthly
3241;56;Female;Sandals;Footwear;28/09/2041;37;37;West Virginia;M;Violet;Fall;2-Day Shipping;Bank Transfer;Monthly
3242;50;Female;Handbag;Accessories;30/09/2041;30;58;Connecticut;M;Lavender;Summer;Store Pickup;PayPal;Quarterly
3243;45;Female;Socks;Clothing;02/10/2041;17;74;Oregon;S;Beige;Fall;Express;Venmo;Weekly
3244;45;Female;Hoodie;Clothing;04/10/2041;11;99;Idaho;L;Black;Summer;Store Pickup;Bank Transfer;Every 3 Months
3245;65;Female;Sweater;Clothing;06/10/2041;42;81;Arkansas;M;Black;Fall;Express;Credit Card;Annually
3246;63;Female;Pants;Clothing;08/10/2041;20;76;Kansas;M;Purple;Fall;Next Day Air;Cash;Weekly
3247;70;Female;Sneakers;Footwear;10/10/2041;37;98;Michigan;M;Magenta;Summer;Store Pickup;Cash;Monthly
3248;53;Female;Gloves;Accessories;12/10/2041;12;91;Arkansas;M;Teal;Summer;Express;PayPal;Fortnightly
3249;22;Female;T-shirt;Clothing;14/10/2041;41;79;Pennsylvania;S;Teal;Summer;Free Shipping;Bank Transfer;Quarterly
3250;26;Female;Backpack;Accessories;16/10/2041;32;83;Virginia;M;Pink;Summer;Express;Credit Card;Quarterly
3251;23;Female;Coat;Outerwear;18/10/2041;15;90;Minnesota;M;Teal;Spring;2-Day Shipping;Venmo;Weekly
3252;25;Female;Coat;Outerwear;20/10/2041;39;20;Nevada;M;Gold;Winter;Standard;Venmo;Quarterly
3253;69;Female;Sandals;Footwear;22/10/2041;48;21;Montana;L;Brown;Spring;Store Pickup;Credit Card;Fortnightly
3254;36;Female;Backpack;Accessories;24/10/2041;8;60;Nebraska;M;Brown;Fall;2-Day Shipping;Venmo;Fortnightly
3255;21;Female;Sweater;Clothing;26/10/2041;11;31;Indiana;S;Magenta;Winter;Store Pickup;Bank Transfer;Every 3 Months
3256;57;Female;Shorts;Clothing;28/10/2041;36;40;New Jersey;M;Black;Fall;Next Day Air;Bank Transfer;Monthly
3257;60;Female;Sunglasses;Accessories;30/10/2041;50;26;Wisconsin;L;Teal;Winter;Free Shipping;Venmo;Every 3 Months
3258;44;Female;Shirt;Clothing;01/11/2041;39;98;Minnesota;M;Brown;Fall;Express;Venmo;Every 3 Months
3259;31;Female;Shoes;Footwear;03/11/2041;11;51;New Jersey;M;Magenta;Spring;Express;Credit Card;Bi-Weekly
3260;57;Female;Hat;Accessories;05/11/2041;5;95;Oklahoma;XL;Indigo;Fall;2-Day Shipping;Debit Card;Every 3 Months
3261;39;Female;Scarf;Accessories;07/11/2041;7;36;Wisconsin;M;Violet;Summer;2-Day Shipping;Credit Card;Annually
3262;48;Female;Belt;Accessories;09/11/2041;50;52;Rhode Island;L;Cyan;Winter;Store Pickup;Debit Card;Weekly
3263;42;Female;T-shirt;Clothing;11/11/2041;21;35;Indiana;M;Violet;Spring;Standard;Cash;Every 3 Months
3264;56;Female;Shorts;Clothing;13/11/2041;31;68;Vermont;S;Black;Fall;Express;Debit Card;Fortnightly
3265;28;Female;Pants;Clothing;15/11/2041;39;50;Maine;S;Charcoal;Winter;Express;Cash;Bi-Weekly
3266;40;Female;Sunglasses;Accessories;17/11/2041;28;100;Alabama;M;White;Winter;Express;Credit Card;Fortnightly
3267;49;Female;Coat;Outerwear;19/11/2041;33;74;Alabama;S;Gray;Winter;Next Day Air;Bank Transfer;Weekly
3268;37;Female;Hoodie;Clothing;21/11/2041;42;45;Idaho;L;Pink;Winter;Store Pickup;Credit Card;Quarterly
3269;22;Female;Dress;Clothing;23/11/2041;5;97;Arkansas;M;Cyan;Fall;Free Shipping;Bank Transfer;Every 3 Months
3270;27;Female;Blouse;Clothing;25/11/2041;25;60;Ohio;M;Blue;Winter;Express;Cash;Monthly
3271;59;Female;Socks;Clothing;27/11/2041;48;25;Illinois;M;Indigo;Winter;Express;PayPal;Annually
3272;35;Female;Socks;Clothing;29/11/2041;30;55;Nevada;XL;Magenta;Spring;Standard;Credit Card;Weekly
3273;58;Female;Shoes;Footwear;01/12/2041;34;99;Texas;M;Lavender;Winter;Next Day Air;PayPal;Quarterly
3274;58;Female;Belt;Accessories;03/12/2041;34;45;Nevada;S;Orange;Summer;Free Shipping;PayPal;Every 3 Months
3275;46;Female;Sweater;Clothing;05/12/2041;14;20;Oklahoma;M;Cyan;Spring;Store Pickup;Cash;Fortnightly
3276;43;Female;Pants;Clothing;07/12/2041;2;88;Alabama;XL;Green;Summer;2-Day Shipping;Debit Card;Weekly
3277;39;Female;Scarf;Accessories;09/12/2041;41;99;South Dakota;M;White;Summer;Store Pickup;PayPal;Every 3 Months
3278;59;Female;Skirt;Clothing;11/12/2041;3;86;Texas;M;Blue;Spring;Store Pickup;Credit Card;Monthly
3279;59;Female;Dress;Clothing;13/12/2041;18;70;Montana;M;Black;Summer;2-Day Shipping;Bank Transfer;Weekly
3280;59;Female;Hat;Accessories;15/12/2041;1;50;Wyoming;S;Red;Fall;Express;Debit Card;Fortnightly
3281;45;Female;Handbag;Accessories;17/12/2041;5;57;New York;L;Red;Winter;Next Day Air;PayPal;Monthly
3282;27;Female;Pants;Clothing;19/12/2041;41;69;Oregon;L;Gold;Winter;Free Shipping;Bank Transfer;Annually
3283;24;Female;T-shirt;Clothing;21/12/2041;5;94;California;M;Red;Fall;Next Day Air;Credit Card;Monthly
3284;47;Female;Jacket;Outerwear;23/12/2041;10;24;North Carolina;L;Purple;Spring;Express;Debit Card;Every 3 Months
3285;70;Female;Scarf;Accessories;25/12/2041;20;79;Kentucky;L;White;Spring;2-Day Shipping;Venmo;Annually
3286;58;Female;Hat;Accessories;27/12/2041;11;31;Hawaii;XL;Magenta;Fall;Free Shipping;Cash;Weekly
3287;45;Female;Jacket;Outerwear;29/12/2041;4;67;Illinois;L;Pink;Winter;Express;Venmo;Fortnightly
3288;24;Female;Skirt;Clothing;31/12/2041;38;63;West Virginia;L;Black;Spring;2-Day Shipping;Credit Card;Weekly
3289;67;Female;Handbag;Accessories;02/01/2042;19;61;South Carolina;XL;White;Spring;Next Day Air;Credit Card;Bi-Weekly
3290;31;Female;Backpack;Accessories;04/01/2042;16;50;Montana;M;Maroon;Summer;2-Day Shipping;Venmo;Every 3 Months
3291;52;Female;Coat;Outerwear;06/01/2042;2;82;North Dakota;L;Black;Spring;Free Shipping;PayPal;Monthly
3292;29;Female;Belt;Accessories;08/01/2042;11;51;New Mexico;L;Olive;Fall;2-Day Shipping;Cash;Monthly
3293;62;Female;Handbag;Accessories;10/01/2042;18;23;Missouri;L;Gray;Spring;Standard;Bank Transfer;Fortnightly
3294;19;Female;Coat;Outerwear;12/01/2042;47;91;West Virginia;M;Gold;Spring;2-Day Shipping;Credit Card;Fortnightly
3295;62;Female;Sweater;Clothing;14/01/2042;15;60;South Carolina;S;Magenta;Spring;Store Pickup;Bank Transfer;Bi-Weekly
3296;70;Female;Blouse;Clothing;16/01/2042;15;34;West Virginia;S;Lavender;Summer;Next Day Air;Cash;Weekly
3297;20;Female;Blouse;Clothing;18/01/2042;47;23;Alaska;M;Green;Spring;Next Day Air;Venmo;Quarterly
3298;67;Female;Belt;Accessories;20/01/2042;47;82;West Virginia;M;Violet;Fall;Free Shipping;PayPal;Monthly
3299;65;Female;Jacket;Outerwear;22/01/2042;6;73;New Mexico;M;Brown;Fall;Express;Bank Transfer;Every 3 Months
3300;45;Female;Shorts;Clothing;24/01/2042;18;32;South Dakota;L;Teal;Spring;2-Day Shipping;Venmo;Monthly
3301;26;Female;Hat;Accessories;26/01/2042;40;80;Oklahoma;M;Charcoal;Spring;Express;Bank Transfer;Bi-Weekly
3302;36;Female;Pants;Clothing;28/01/2042;31;58;Oklahoma;XL;Charcoal;Summer;Free Shipping;Credit Card;Fortnightly
3303;36;Female;Blouse;Clothing;30/01/2042;31;82;Alabama;XL;Beige;Winter;Standard;Venmo;Bi-Weekly
3304;20;Female;Belt;Accessories;01/02/2042;4;60;Mississippi;S;Turquoise;Summer;Next Day Air;Credit Card;Fortnightly
3305;30;Female;Handbag;Accessories;03/02/2042;36;79;Mississippi;XL;Orange;Fall;Next Day Air;Bank Transfer;Every 3 Months
3306;34;Female;Hoodie;Clothing;05/02/2042;31;41;Nebraska;L;Cyan;Summer;Standard;PayPal;Bi-Weekly
3307;63;Female;Jacket;Outerwear;07/02/2042;6;39;Colorado;L;Orange;Summer;Store Pickup;Venmo;Fortnightly
3308;18;Female;Scarf;Accessories;09/02/2042;1;36;Pennsylvania;S;Green;Winter;Store Pickup;Cash;Monthly
3309;55;Female;Jeans;Clothing;11/02/2042;29;70;Utah;M;Pink;Fall;Express;Cash;Monthly
3310;48;Female;Handbag;Accessories;13/02/2042;19;47;Massachusetts;M;Blue;Summer;Store Pickup;PayPal;Monthly
3311;45;Female;Jacket;Outerwear;15/02/2042;12;27;Iowa;M;Pink;Winter;Free Shipping;PayPal;Fortnightly
3312;29;Female;Hat;Accessories;17/02/2042;18;52;Florida;L;Blue;Summer;Express;Bank Transfer;Annually
3313;55;Female;Sneakers;Footwear;19/02/2042;45;75;Louisiana;L;Black;Summer;Next Day Air;Cash;Quarterly
3314;55;Female;Hat;Accessories;21/02/2042;45;30;Kansas;XL;Black;Fall;Express;Credit Card;Monthly
3315;55;Female;Socks;Clothing;23/02/2042;8;94;Kansas;M;Violet;Spring;Standard;Credit Card;Quarterly
3316;48;Female;Scarf;Accessories;25/02/2042;4;68;Kentucky;S;Gold;Summer;Standard;PayPal;Every 3 Months
3317;42;Female;Socks;Clothing;27/02/2042;5;45;New Mexico;M;Olive;Summer;Free Shipping;Debit Card;Fortnightly
3318;21;Female;Hat;Accessories;01/03/2042;30;67;North Carolina;XL;Pink;Summer;Standard;Cash;Quarterly
3319;45;Female;Jacket;Outerwear;03/03/2042;15;46;North Dakota;M;Olive;Summer;Free Shipping;PayPal;Monthly
3320;23;Female;Shorts;Clothing;05/03/2042;17;31;North Dakota;M;Indigo;Summer;Next Day Air;Credit Card;Every 3 Months
3321;66;Female;Blouse;Clothing;07/03/2042;45;44;Illinois;XL;Silver;Fall;2-Day Shipping;Cash;Every 3 Months
3322;32;Female;Coat;Outerwear;09/03/2042;3;100;Maine;S;Charcoal;Winter;Next Day Air;Venmo;Annually
3323;52;Female;Sweater;Clothing;11/03/2042;43;92;Indiana;XL;Orange;Winter;Next Day Air;PayPal;Weekly
3324;54;Female;Handbag;Accessories;13/03/2042;4;78;North Dakota;M;Yellow;Winter;Free Shipping;Credit Card;Monthly
3325;37;Female;T-shirt;Clothing;15/03/2042;41;32;Missouri;S;Red;Fall;Standard;Venmo;Weekly
3326;29;Female;Sandals;Footwear;17/03/2042;16;97;Alaska;M;Maroon;Fall;2-Day Shipping;Venmo;Monthly
3327;47;Female;Gloves;Accessories;19/03/2042;10;95;North Dakota;M;Magenta;Summer;Standard;Debit Card;Annually
3328;47;Female;Shorts;Clothing;21/03/2042;2;64;Connecticut;M;Black;Spring;Express;Debit Card;Quarterly
3329;42;Female;Sandals;Footwear;23/03/2042;11;35;Wisconsin;M;Violet;Spring;Free Shipping;Cash;Bi-Weekly
3330;34;Female;Backpack;Accessories;25/03/2042;1;54;New Jersey;M;Gray;Winter;Express;Debit Card;Bi-Weekly
3331;38;Female;Sneakers;Footwear;27/03/2042;41;96;Missouri;M;Black;Spring;2-Day Shipping;Bank Transfer;Quarterly
3332;55;Female;Sunglasses;Accessories;29/03/2042;39;58;California;M;Pink;Summer;Free Shipping;PayPal;Quarterly
3333;27;Female;T-shirt;Clothing;31/03/2042;1;23;Washington;M;Silver;Summer;2-Day Shipping;PayPal;Bi-Weekly
3334;55;Female;Jeans;Clothing;02/04/2042;3;35;Minnesota;M;Violet;Spring;Express;PayPal;Monthly
3335;66;Female;Shirt;Clothing;04/04/2042;21;23;California;M;Beige;Summer;Free Shipping;Credit Card;Annually
3336;44;Female;Hat;Accessories;06/04/2042;48;94;Texas;XL;Cyan;Winter;Express;Bank Transfer;Quarterly
3337;39;Female;Blouse;Clothing;08/04/2042;24;45;Montana;M;Brown;Fall;Free Shipping;Debit Card;Annually
3338;23;Female;Jacket;Outerwear;10/04/2042;45;23;Arizona;L;Blue;Winter;2-Day Shipping;Bank Transfer;Bi-Weekly
3339;29;Female;Skirt;Clothing;12/04/2042;46;94;Minnesota;L;White;Winter;2-Day Shipping;Credit Card;Monthly
3340;20;Female;Gloves;Accessories;14/04/2042;35;99;Nebraska;M;Cyan;Fall;Store Pickup;Cash;Fortnightly
3341;42;Female;T-shirt;Clothing;16/04/2042;47;36;Virginia;XL;Maroon;Fall;Free Shipping;Credit Card;Fortnightly
3342;55;Female;Jacket;Outerwear;18/04/2042;35;50;Connecticut;XL;Olive;Summer;Standard;Credit Card;Monthly
3343;66;Female;Jacket;Outerwear;20/04/2042;45;81;New Jersey;M;Violet;Spring;Free Shipping;Credit Card;Weekly
3344;24;Female;Shorts;Clothing;22/04/2042;6;31;Kentucky;XL;Green;Winter;2-Day Shipping;Cash;Bi-Weekly
3345;62;Female;Hat;Accessories;24/04/2042;20;48;Washington;XL;Magenta;Fall;Free Shipping;Cash;Annually
3346;28;Female;Handbag;Accessories;26/04/2042;3;91;Florida;M;Turquoise;Summer;2-Day Shipping;Venmo;Bi-Weekly
3347;30;Female;Jeans;Clothing;28/04/2042;30;99;Oklahoma;M;Black;Summer;Express;Venmo;Quarterly
3348;22;Female;Shoes;Footwear;30/04/2042;28;70;Iowa;XL;Cyan;Summer;Standard;PayPal;Bi-Weekly
3349;28;Female;T-shirt;Clothing;02/05/2042;15;74;New Hampshire;L;Gray;Winter;Standard;Cash;Every 3 Months
3350;35;Female;Jewelry;Accessories;04/05/2042;29;79;Georgia;M;Red;Fall;Store Pickup;PayPal;Quarterly
3351;45;Female;Handbag;Accessories;06/05/2042;15;33;Mississippi;S;Olive;Fall;2-Day Shipping;Cash;Bi-Weekly
3352;43;Female;Shirt;Clothing;08/05/2042;18;49;New Hampshire;L;Cyan;Spring;2-Day Shipping;Bank Transfer;Fortnightly
3353;55;Female;Belt;Accessories;10/05/2042;7;96;Washington;M;Teal;Summer;Next Day Air;Bank Transfer;Bi-Weekly
3354;31;Female;Dress;Clothing;12/05/2042;19;66;Ohio;L;Teal;Fall;Free Shipping;Credit Card;Every 3 Months
3355;42;Female;Skirt;Clothing;14/05/2042;15;45;Maryland;M;Orange;Fall;Next Day Air;PayPal;Weekly
3356;40;Female;Blouse;Clothing;16/05/2042;3;28;Delaware;M;Peach;Spring;Store Pickup;Bank Transfer;Bi-Weekly
3357;39;Female;Jeans;Clothing;18/05/2042;13;48;Tennessee;M;Silver;Summer;Store Pickup;PayPal;Bi-Weekly
3358;41;Female;Hoodie;Clothing;20/05/2042;37;67;Arkansas;M;Pink;Winter;Free Shipping;Credit Card;Monthly
3359;56;Female;T-shirt;Clothing;22/05/2042;26;59;Tennessee;M;Magenta;Fall;2-Day Shipping;Cash;Annually
3360;43;Female;Sunglasses;Accessories;24/05/2042;29;74;New Hampshire;L;Red;Fall;Next Day Air;Debit Card;Monthly
3361;22;Female;Jacket;Outerwear;26/05/2042;47;81;Minnesota;M;Maroon;Spring;2-Day Shipping;Cash;Every 3 Months
3362;47;Female;Shoes;Footwear;28/05/2042;47;26;Florida;M;Silver;Spring;Free Shipping;Credit Card;Bi-Weekly
3363;50;Female;Handbag;Accessories;30/05/2042;48;61;Tennessee;M;Gray;Summer;Next Day Air;Venmo;Fortnightly
3364;58;Female;Sweater;Clothing;01/06/2042;46;23;California;M;Turquoise;Winter;Next Day Air;Bank Transfer;Bi-Weekly
3365;50;Female;Scarf;Accessories;03/06/2042;7;33;Oregon;M;Peach;Fall;Standard;Credit Card;Monthly
3366;43;Female;Skirt;Clothing;05/06/2042;45;58;Tennessee;L;Teal;Fall;Express;Credit Card;Every 3 Months
3367;38;Female;Gloves;Accessories;07/06/2042;47;65;North Carolina;M;Red;Spring;2-Day Shipping;Debit Card;Quarterly
3368;44;Female;T-shirt;Clothing;09/06/2042;6;48;Tennessee;M;Blue;Summer;Store Pickup;Venmo;Fortnightly
3369;30;Female;Sandals;Footwear;11/06/2042;29;25;Nebraska;M;Blue;Spring;Express;Bank Transfer;Every 3 Months
3370;47;Female;Sweater;Clothing;13/06/2042;42;51;Maine;M;Indigo;Winter;2-Day Shipping;Cash;Monthly
3371;30;Female;Belt;Accessories;15/06/2042;46;31;Illinois;M;Charcoal;Summer;Store Pickup;Cash;Fortnightly
3372;49;Female;Hoodie;Clothing;17/06/2042;28;99;Colorado;S;Turquoise;Winter;Next Day Air;PayPal;Annually
3373;56;Female;Socks;Clothing;19/06/2042;14;25;Pennsylvania;M;Maroon;Winter;Free Shipping;Credit Card;Every 3 Months
3374;70;Female;Sandals;Footwear;21/06/2042;12;52;Minnesota;M;Purple;Spring;Store Pickup;Debit Card;Every 3 Months
3375;22;Female;Blouse;Clothing;23/06/2042;41;47;Nevada;S;Lavender;Spring;2-Day Shipping;Debit Card;Annually
3376;51;Female;Boots;Footwear;25/06/2042;8;98;Connecticut;XL;Yellow;Fall;Express;Credit Card;Annually
3377;22;Female;Hat;Accessories;27/06/2042;24;46;Ohio;M;Green;Winter;Store Pickup;Cash;Quarterly
3378;37;Female;Shirt;Clothing;29/06/2042;18;32;Kentucky;M;Yellow;Winter;Next Day Air;PayPal;Fortnightly
3379;49;Female;Shorts;Clothing;01/07/2042;6;75;Minnesota;L;Gold;Fall;Next Day Air;Cash;Quarterly
3380;61;Female;Handbag;Accessories;03/07/2042;40;51;Tennessee;L;Turquoise;Summer;Store Pickup;Cash;Weekly
3381;41;Female;Dress;Clothing;05/07/2042;6;52;North Dakota;L;Blue;Summer;Standard;PayPal;Every 3 Months
3382;57;Female;Hat;Accessories;07/07/2042;27;66;Minnesota;L;Turquoise;Winter;Standard;Credit Card;Quarterly
3383;34;Female;Sweater;Clothing;09/07/2042;2;35;Nebraska;M;Maroon;Spring;Express;Bank Transfer;Weekly
3384;27;Female;Coat;Outerwear;11/07/2042;39;43;Delaware;M;Pink;Fall;Next Day Air;Venmo;Bi-Weekly
3385;39;Female;Hoodie;Clothing;13/07/2042;9;24;Minnesota;L;Maroon;Summer;Free Shipping;Venmo;Quarterly
3386;62;Female;Jewelry;Accessories;15/07/2042;16;83;Rhode Island;M;Olive;Winter;Standard;Credit Card;Every 3 Months
3387;34;Female;T-shirt;Clothing;17/07/2042;36;62;Michigan;M;Lavender;Fall;2-Day Shipping;Cash;Quarterly
3388;53;Female;Pants;Clothing;19/07/2042;2;78;New Jersey;S;Pink;Spring;2-Day Shipping;Credit Card;Bi-Weekly
3389;35;Female;Sweater;Clothing;21/07/2042;21;61;South Dakota;M;Cyan;Spring;Store Pickup;Credit Card;Weekly
3390;38;Female;Pants;Clothing;23/07/2042;39;57;North Carolina;L;Maroon;Fall;Free Shipping;Venmo;Annually
3391;32;Female;Socks;Clothing;25/07/2042;38;70;Oregon;S;Red;Summer;Next Day Air;PayPal;Annually
3392;47;Female;Hoodie;Clothing;27/07/2042;6;57;Montana;M;Silver;Fall;2-Day Shipping;Debit Card;Every 3 Months
3393;53;Female;Scarf;Accessories;29/07/2042;6;74;New Jersey;XL;Blue;Winter;Free Shipping;Venmo;Bi-Weekly
3394;60;Female;Dress;Clothing;31/07/2042;50;90;Arizona;M;Gold;Fall;Next Day Air;Debit Card;Monthly
3395;31;Female;Sandals;Footwear;02/08/2042;9;98;Vermont;S;Yellow;Spring;Store Pickup;PayPal;Annually
3396;44;Female;Dress;Clothing;04/08/2042;15;43;Colorado;M;Silver;Winter;Free Shipping;Debit Card;Every 3 Months
3397;29;Female;Pants;Clothing;06/08/2042;5;37;Tennessee;XL;Black;Winter;Next Day Air;PayPal;Quarterly
3398;19;Female;Blouse;Clothing;08/08/2042;13;38;New Jersey;L;Yellow;Summer;Standard;Bank Transfer;Bi-Weekly
3399;54;Female;Jeans;Clothing;10/08/2042;44;60;Montana;L;Pink;Winter;Standard;Cash;Fortnightly
3400;40;Female;Pants;Clothing;12/08/2042;36;55;Montana;XL;Yellow;Winter;Standard;Debit Card;Annually
3401;39;Female;Sunglasses;Accessories;14/08/2042;18;51;Nevada;M;Lavender;Fall;Free Shipping;Venmo;Fortnightly
3402;44;Female;Backpack;Accessories;16/08/2042;39;71;Nevada;L;Peach;Winter;Standard;Credit Card;Weekly
3403;22;Female;Hoodie;Clothing;18/08/2042;11;61;Louisiana;M;Black;Spring;2-Day Shipping;PayPal;Every 3 Months
3404;30;Female;Boots;Footwear;20/08/2042;1;65;Illinois;M;Olive;Summer;Standard;Cash;Bi-Weekly
3405;69;Female;Gloves;Accessories;22/08/2042;34;34;South Carolina;L;Olive;Fall;2-Day Shipping;Credit Card;Annually
3406;28;Female;Blouse;Clothing;24/08/2042;47;87;Washington;M;White;Summer;Store Pickup;Bank Transfer;Bi-Weekly
3407;57;Female;Sweater;Clothing;26/08/2042;24;79;Nebraska;M;Red;Spring;Store Pickup;Venmo;Quarterly
3408;46;Female;Dress;Clothing;28/08/2042;20;46;Alabama;S;Purple;Spring;Store Pickup;Cash;Quarterly
3409;48;Female;Socks;Clothing;30/08/2042;11;72;Montana;L;Purple;Summer;Standard;Bank Transfer;Annually
3410;24;Female;Shirt;Clothing;01/09/2042;3;93;Minnesota;M;Teal;Summer;Next Day Air;Credit Card;Every 3 Months
3411;50;Female;Sandals;Footwear;03/09/2042;38;76;Ohio;L;Teal;Summer;Free Shipping;Bank Transfer;Bi-Weekly
3412;29;Female;Shoes;Footwear;05/09/2042;45;56;New York;L;Gray;Winter;2-Day Shipping;Cash;Weekly
3413;61;Female;Sandals;Footwear;07/09/2042;31;83;Indiana;M;Magenta;Fall;Store Pickup;Venmo;Quarterly
3414;34;Female;Gloves;Accessories;09/09/2042;16;90;Delaware;XL;Black;Winter;Express;PayPal;Bi-Weekly
3415;27;Female;Boots;Footwear;11/09/2042;3;94;Connecticut;M;Maroon;Spring;Next Day Air;Bank Transfer;Quarterly
3416;38;Female;Blouse;Clothing;13/09/2042;15;68;New York;M;Gold;Fall;2-Day Shipping;Bank Transfer;Annually
3417;25;Female;Sandals;Footwear;15/09/2042;11;53;Alabama;M;Purple;Spring;Store Pickup;Bank Transfer;Every 3 Months
3418;54;Female;Coat;Outerwear;17/09/2042;22;35;Massachusetts;M;Blue;Summer;2-Day Shipping;Debit Card;Fortnightly
3419;53;Female;Jacket;Outerwear;19/09/2042;35;30;South Carolina;M;Beige;Summer;Free Shipping;Debit Card;Annually
3420;23;Female;Jewelry;Accessories;21/09/2042;5;26;West Virginia;L;Indigo;Winter;Store Pickup;Venmo;Bi-Weekly
3421;19;Female;Hat;Accessories;23/09/2042;35;60;Kentucky;M;Purple;Winter;Express;PayPal;Bi-Weekly
3422;57;Female;Shoes;Footwear;25/09/2042;27;30;New Jersey;M;Maroon;Summer;Free Shipping;PayPal;Weekly
3423;19;Female;Coat;Outerwear;27/09/2042;9;91;New York;L;Beige;Winter;Next Day Air;Venmo;Monthly
3424;33;Female;Boots;Footwear;29/09/2042;21;71;Massachusetts;M;Brown;Spring;Next Day Air;PayPal;Bi-Weekly
3425;33;Female;Scarf;Accessories;01/10/2042;23;64;Florida;L;Green;Summer;2-Day Shipping;Credit Card;Monthly
3426;38;Female;Hat;Accessories;03/10/2042;3;54;Michigan;M;Blue;Summer;Next Day Air;Debit Card;Bi-Weekly
3427;47;Female;Socks;Clothing;05/10/2042;31;35;Oregon;XL;Magenta;Fall;2-Day Shipping;Credit Card;Annually
3428;39;Female;T-shirt;Clothing;07/10/2042;44;38;Michigan;XL;Turquoise;Winter;Store Pickup;Cash;Annually
3429;32;Female;Jewelry;Accessories;09/10/2042;20;69;Washington;M;Gray;Fall;Next Day Air;Venmo;Monthly
3430;27;Female;Skirt;Clothing;11/10/2042;34;96;Alaska;S;Purple;Winter;Express;Debit Card;Weekly
3431;67;Female;Socks;Clothing;13/10/2042;17;73;Montana;M;Lavender;Winter;Next Day Air;Bank Transfer;Every 3 Months
3432;46;Female;Belt;Accessories;15/10/2042;20;49;New Mexico;S;Green;Summer;Express;Venmo;Annually
3433;36;Female;Boots;Footwear;17/10/2042;46;44;Connecticut;M;Gray;Summer;2-Day Shipping;PayPal;Every 3 Months
3434;62;Female;Socks;Clothing;19/10/2042;28;93;Alaska;M;Yellow;Spring;Free Shipping;PayPal;Annually
3435;31;Female;Pants;Clothing;21/10/2042;6;72;Ohio;S;Orange;Summer;2-Day Shipping;Venmo;Fortnightly
3436;68;Female;Socks;Clothing;23/10/2042;50;91;Montana;M;Beige;Summer;2-Day Shipping;Debit Card;Bi-Weekly
3437;57;Female;Belt;Accessories;25/10/2042;41;83;Nebraska;L;Peach;Winter;2-Day Shipping;Bank Transfer;Monthly
3438;22;Female;Jacket;Outerwear;27/10/2042;50;62;Oklahoma;S;Green;Winter;2-Day Shipping;PayPal;Annually
3439;26;Female;Shirt;Clothing;29/10/2042;33;71;Kentucky;M;Violet;Fall;Store Pickup;Credit Card;Monthly
3440;43;Female;Gloves;Accessories;31/10/2042;25;93;Idaho;M;Gray;Summer;Express;Venmo;Quarterly
3441;45;Female;Handbag;Accessories;02/11/2042;2;63;Maryland;L;Magenta;Fall;2-Day Shipping;PayPal;Weekly
3442;64;Female;Sweater;Clothing;04/11/2042;15;96;Tennessee;XL;Charcoal;Fall;Standard;Credit Card;Annually
3443;28;Female;Skirt;Clothing;06/11/2042;12;78;Michigan;M;Violet;Spring;Next Day Air;PayPal;Weekly
3444;47;Female;Dress;Clothing;08/11/2042;28;24;Tennessee;L;Silver;Summer;Free Shipping;Cash;Bi-Weekly
3445;53;Female;Pants;Clothing;10/11/2042;12;63;Rhode Island;S;Green;Summer;2-Day Shipping;Bank Transfer;Bi-Weekly
3446;42;Female;Hat;Accessories;12/11/2042;3;58;Florida;M;Magenta;Fall;Standard;Debit Card;Annually
3447;51;Female;Boots;Footwear;14/11/2042;20;55;Louisiana;S;Purple;Spring;2-Day Shipping;Cash;Weekly
3448;62;Female;Sandals;Footwear;16/11/2042;3;58;Arkansas;M;Blue;Fall;Express;Bank Transfer;Bi-Weekly
3449;18;Female;Coat;Outerwear;18/11/2042;32;28;Kentucky;S;Yellow;Winter;Express;Bank Transfer;Fortnightly
3450;48;Female;Blouse;Clothing;20/11/2042;35;37;Kansas;M;Brown;Spring;Standard;Cash;Monthly
3451;20;Female;Shorts;Clothing;22/11/2042;31;78;Vermont;M;Pink;Spring;Store Pickup;PayPal;Monthly
3452;32;Female;Blouse;Clothing;24/11/2042;13;73;Nevada;XL;Silver;Fall;Free Shipping;Credit Card;Annually
3453;26;Female;Jacket;Outerwear;26/11/2042;3;20;Oklahoma;M;Indigo;Spring;Next Day Air;Venmo;Fortnightly
3454;31;Female;Shirt;Clothing;28/11/2042;48;60;Alabama;L;Pink;Winter;Standard;Venmo;Bi-Weekly
3455;55;Female;Handbag;Accessories;30/11/2042;15;71;Louisiana;S;Lavender;Fall;Store Pickup;PayPal;Bi-Weekly
3456;49;Female;T-shirt;Clothing;02/12/2042;13;89;Ohio;M;Orange;Fall;Standard;Venmo;Annually
3457;42;Female;Hoodie;Clothing;04/12/2042;21;53;Texas;M;Red;Fall;Express;Venmo;Monthly
3458;64;Female;Jewelry;Accessories;06/12/2042;29;87;Maryland;M;Gray;Summer;Express;Cash;Fortnightly
3459;68;Female;Jewelry;Accessories;08/12/2042;24;37;West Virginia;L;Violet;Spring;Standard;Venmo;Quarterly
3460;68;Female;Hoodie;Clothing;10/12/2042;21;37;Ohio;L;Green;Fall;Express;PayPal;Annually
3461;41;Female;Scarf;Accessories;12/12/2042;5;78;Indiana;M;Gold;Spring;Express;Bank Transfer;Bi-Weekly
3462;51;Female;Shoes;Footwear;14/12/2042;47;23;Wyoming;S;Maroon;Spring;Standard;Cash;Quarterly
3463;44;Female;Jeans;Clothing;16/12/2042;34;73;Michigan;L;Olive;Spring;Standard;Credit Card;Every 3 Months
3464;27;Female;Jewelry;Accessories;18/12/2042;45;27;Maine;M;Yellow;Fall;2-Day Shipping;PayPal;Fortnightly
3465;36;Female;Coat;Outerwear;20/12/2042;12;59;Utah;S;Peach;Winter;Next Day Air;PayPal;Annually
3466;19;Female;Backpack;Accessories;22/12/2042;31;53;Iowa;M;Gold;Spring;Standard;Debit Card;Weekly
3467;49;Female;Socks;Clothing;24/12/2042;43;42;Maryland;S;Purple;Summer;Standard;Bank Transfer;Annually
3468;18;Female;Scarf;Accessories;26/12/2042;5;45;Texas;M;Charcoal;Fall;Next Day Air;Credit Card;Annually
3469;36;Female;Sunglasses;Accessories;28/12/2042;36;89;Ohio;S;Indigo;Winter;Standard;Debit Card;Quarterly
3470;36;Female;Socks;Clothing;30/12/2042;12;85;North Dakota;L;Magenta;Fall;Store Pickup;Cash;Annually
3471;19;Female;Coat;Outerwear;01/01/2043;31;69;West Virginia;S;Olive;Summer;Free Shipping;Cash;Bi-Weekly
3472;43;Female;Sandals;Footwear;03/01/2043;31;66;North Carolina;S;Blue;Spring;Store Pickup;Cash;Bi-Weekly
3473;31;Female;Blouse;Clothing;05/01/2043;15;42;Georgia;S;White;Summer;Free Shipping;Debit Card;Weekly
3474;63;Female;Dress;Clothing;07/01/2043;11;40;Kansas;M;Cyan;Spring;Express;Cash;Weekly
3475;41;Female;Pants;Clothing;09/01/2043;18;82;Maine;M;Cyan;Winter;Store Pickup;Venmo;Monthly
3476;48;Female;Sneakers;Footwear;11/01/2043;9;88;South Carolina;M;Orange;Spring;Express;Cash;Quarterly
3477;68;Female;Boots;Footwear;13/01/2043;11;99;South Carolina;XL;Orange;Summer;Free Shipping;Cash;Weekly
3478;53;Female;Handbag;Accessories;15/01/2043;38;85;Kentucky;S;Teal;Spring;Store Pickup;Debit Card;Bi-Weekly
3479;36;Female;Handbag;Accessories;17/01/2043;42;57;Arizona;M;Magenta;Fall;Store Pickup;PayPal;Quarterly
3480;46;Female;Sweater;Clothing;19/01/2043;41;56;New York;S;Orange;Summer;Standard;Cash;Monthly
3481;21;Female;Sandals;Footwear;21/01/2043;45;79;New Hampshire;L;Peach;Winter;Free Shipping;PayPal;Monthly
3482;52;Female;Socks;Clothing;23/01/2043;41;67;Ohio;S;Maroon;Summer;Store Pickup;Debit Card;Bi-Weekly
3483;66;Female;Gloves;Accessories;25/01/2043;35;61;Hawaii;M;Gold;Winter;Next Day Air;Debit Card;Weekly
3484;19;Female;Hoodie;Clothing;27/01/2043;21;37;Texas;L;White;Winter;Express;Credit Card;Every 3 Months
3485;44;Female;Dress;Clothing;29/01/2043;13;75;Illinois;L;Gray;Fall;Free Shipping;Credit Card;Bi-Weekly
3486;50;Female;Shirt;Clothing;31/01/2043;23;21;Massachusetts;XL;Brown;Winter;Standard;Debit Card;Fortnightly
3487;51;Female;Shorts;Clothing;02/02/2043;6;89;North Carolina;L;Charcoal;Winter;Standard;PayPal;Weekly
3488;25;Female;Sandals;Footwear;04/02/2043;39;24;West Virginia;L;Beige;Fall;Store Pickup;Bank Transfer;Annually
3489;62;Female;Sweater;Clothing;06/02/2043;7;27;Delaware;XL;Teal;Spring;Store Pickup;Cash;Quarterly
3490;48;Female;Dress;Clothing;08/02/2043;32;26;Idaho;L;Black;Summer;2-Day Shipping;PayPal;Every 3 Months
3491;62;Female;Boots;Footwear;10/02/2043;43;82;Oregon;M;Violet;Spring;Store Pickup;Credit Card;Quarterly
3492;22;Female;Pants;Clothing;12/02/2043;15;28;Maine;M;Orange;Winter;Express;Cash;Monthly
3493;48;Female;Gloves;Accessories;14/02/2043;48;65;South Dakota;M;Turquoise;Fall;Standard;Bank Transfer;Annually
3494;48;Female;Pants;Clothing;16/02/2043;35;82;New Mexico;XL;Black;Winter;Store Pickup;Credit Card;Weekly
3495;62;Female;Scarf;Accessories;18/02/2043;41;38;Washington;M;Silver;Winter;Free Shipping;PayPal;Quarterly
3496;24;Female;Shorts;Clothing;20/02/2043;14;33;Georgia;XL;Gray;Spring;Free Shipping;Cash;Weekly
3497;39;Female;Shoes;Footwear;22/02/2043;22;38;Idaho;M;Pink;Summer;Free Shipping;PayPal;Monthly
3498;35;Female;Handbag;Accessories;24/02/2043;16;48;Colorado;M;Red;Spring;Store Pickup;Venmo;Every 3 Months
3499;47;Female;Sandals;Footwear;26/02/2043;2;35;Kentucky;M;Lavender;Summer;Standard;Bank Transfer;Bi-Weekly
3500;22;Female;Socks;Clothing;28/02/2043;13;29;New Jersey;L;Indigo;Fall;Next Day Air;PayPal;Every 3 Months
3501;38;Female;Shirt;Clothing;02/03/2043;38;48;Oregon;S;Silver;Fall;Next Day Air;Debit Card;Fortnightly
3502;53;Female;Shoes;Footwear;04/03/2043;43;87;Nebraska;M;Silver;Fall;Standard;Bank Transfer;Weekly
3503;31;Female;Backpack;Accessories;06/03/2043;26;62;Massachusetts;M;Green;Fall;Next Day Air;Bank Transfer;Quarterly
3504;31;Female;Shirt;Clothing;08/03/2043;39;96;Nebraska;M;Pink;Spring;Free Shipping;Cash;Weekly
3505;65;Female;Handbag;Accessories;10/03/2043;50;41;Hawaii;S;Violet;Fall;Next Day Air;Venmo;Monthly
3506;48;Female;Jewelry;Accessories;12/03/2043;40;42;Indiana;L;Red;Winter;2-Day Shipping;Bank Transfer;Every 3 Months
3507;18;Female;Shirt;Clothing;14/03/2043;12;57;Illinois;L;Olive;Winter;2-Day Shipping;Cash;Fortnightly
3508;46;Female;Handbag;Accessories;16/03/2043;33;65;Colorado;S;Purple;Spring;Store Pickup;Credit Card;Every 3 Months
3509;52;Female;Pants;Clothing;18/03/2043;49;54;Pennsylvania;M;Gray;Fall;Standard;Bank Transfer;Weekly
3510;50;Female;T-shirt;Clothing;20/03/2043;43;22;Ohio;L;Brown;Winter;Next Day Air;Venmo;Bi-Weekly
3511;49;Female;Sneakers;Footwear;22/03/2043;14;96;Pennsylvania;S;Orange;Fall;2-Day Shipping;Venmo;Monthly
3512;69;Female;Jewelry;Accessories;24/03/2043;21;81;Mississippi;M;Blue;Summer;2-Day Shipping;Credit Card;Every 3 Months
3513;36;Female;Shirt;Clothing;26/03/2043;31;46;Kentucky;M;White;Fall;Free Shipping;Debit Card;Quarterly
3514;30;Female;Blouse;Clothing;28/03/2043;29;74;Alaska;XL;Charcoal;Spring;Store Pickup;Credit Card;Fortnightly
3515;25;Female;Sneakers;Footwear;30/03/2043;32;50;Georgia;XL;Gray;Winter;Express;Cash;Monthly
3516;19;Female;Dress;Clothing;01/04/2043;16;80;South Dakota;XL;Charcoal;Winter;Next Day Air;Debit Card;Bi-Weekly
3517;34;Female;Boots;Footwear;03/04/2043;38;56;South Carolina;S;White;Summer;Free Shipping;PayPal;Bi-Weekly
3518;29;Female;Skirt;Clothing;05/04/2043;34;69;Tennessee;M;Orange;Winter;Next Day Air;Debit Card;Every 3 Months
3519;50;Female;Shirt;Clothing;07/04/2043;30;97;Colorado;M;Black;Spring;Standard;PayPal;Quarterly
3520;31;Female;Shorts;Clothing;09/04/2043;14;66;Wisconsin;M;White;Winter;Next Day Air;Bank Transfer;Fortnightly
3521;41;Female;Hat;Accessories;11/04/2043;33;70;Georgia;S;Brown;Spring;Express;Bank Transfer;Monthly
3522;52;Female;Shoes;Footwear;13/04/2043;35;50;Maryland;M;Pink;Winter;Store Pickup;Venmo;Weekly
3523;27;Female;Pants;Clothing;15/04/2043;13;85;New Jersey;M;Yellow;Spring;Store Pickup;Cash;Quarterly
3524;49;Female;Backpack;Accessories;17/04/2043;30;59;Nevada;M;Cyan;Summer;Standard;Cash;Fortnightly
3525;69;Female;Pants;Clothing;19/04/2043;30;74;Michigan;L;Silver;Summer;Free Shipping;Credit Card;Monthly
3526;45;Female;Sunglasses;Accessories;21/04/2043;47;38;Wyoming;L;Olive;Winter;Standard;Bank Transfer;Annually
3527;20;Female;Sweater;Clothing;23/04/2043;1;99;Massachusetts;M;Olive;Spring;Express;PayPal;Every 3 Months
3528;25;Female;Blouse;Clothing;25/04/2043;1;97;Washington;S;Charcoal;Spring;Free Shipping;Cash;Weekly
3529;38;Female;Scarf;Accessories;27/04/2043;33;67;Maine;L;Gray;Summer;Free Shipping;PayPal;Annually
3530;55;Female;T-shirt;Clothing;29/04/2043;43;20;Montana;S;Maroon;Winter;Next Day Air;Bank Transfer;Weekly
3531;62;Female;Sunglasses;Accessories;01/05/2043;37;45;Oklahoma;L;Black;Spring;Express;PayPal;Weekly
3532;54;Female;Shoes;Footwear;03/05/2043;23;52;North Dakota;XL;Violet;Winter;2-Day Shipping;Cash;Quarterly
3533;61;Female;Pants;Clothing;05/05/2043;12;68;Connecticut;L;Indigo;Fall;Standard;Credit Card;Annually
3534;50;Female;Sneakers;Footwear;07/05/2043;30;98;Texas;L;Yellow;Fall;Standard;Venmo;Fortnightly
3535;65;Female;Shoes;Footwear;09/05/2043;7;83;Delaware;M;Gray;Fall;Express;Cash;Weekly
3536;68;Female;Shorts;Clothing;11/05/2043;20;51;Mississippi;M;Red;Summer;Express;Debit Card;Monthly
3537;55;Female;Handbag;Accessories;13/05/2043;10;21;Minnesota;L;Peach;Spring;Express;Venmo;Monthly
3538;57;Female;Handbag;Accessories;15/05/2043;40;92;Georgia;M;Gray;Spring;Standard;Credit Card;Every 3 Months
3539;56;Female;Shoes;Footwear;17/05/2043;21;63;Iowa;S;White;Spring;Store Pickup;Venmo;Monthly
3540;29;Female;Jewelry;Accessories;19/05/2043;17;56;New York;S;Green;Spring;Express;Credit Card;Bi-Weekly
3541;24;Female;Shorts;Clothing;21/05/2043;5;95;Nevada;M;Magenta;Spring;Free Shipping;Bank Transfer;Weekly
3542;59;Female;Blouse;Clothing;23/05/2043;22;66;Virginia;M;Olive;Winter;Next Day Air;PayPal;Annually
3543;62;Female;Coat;Outerwear;25/05/2043;5;28;Idaho;S;Olive;Spring;Express;Venmo;Weekly
3544;58;Female;Hat;Accessories;27/05/2043;18;83;Colorado;M;Blue;Winter;Standard;PayPal;Every 3 Months
3545;64;Female;Socks;Clothing;29/05/2043;42;55;Wisconsin;XL;Charcoal;Fall;2-Day Shipping;Cash;Every 3 Months
3546;48;Female;Sandals;Footwear;31/05/2043;22;28;Connecticut;M;Yellow;Spring;2-Day Shipping;Debit Card;Annually
3547;60;Female;Scarf;Accessories;02/06/2043;37;79;Kansas;M;Violet;Summer;Free Shipping;Bank Transfer;Bi-Weekly
3548;52;Female;Scarf;Accessories;04/06/2043;23;31;Pennsylvania;L;Magenta;Summer;Standard;Credit Card;Annually
3549;63;Female;Blouse;Clothing;06/06/2043;47;37;Utah;M;Red;Fall;Standard;Debit Card;Fortnightly
3550;44;Female;T-shirt;Clothing;08/06/2043;11;34;Oregon;M;Cyan;Summer;2-Day Shipping;Bank Transfer;Fortnightly
3551;63;Female;Shoes;Footwear;10/06/2043;32;74;West Virginia;S;Orange;Winter;Standard;Cash;Weekly
3552;66;Female;Gloves;Accessories;12/06/2043;20;31;Montana;L;Black;Spring;Store Pickup;Venmo;Weekly
3553;22;Female;Sunglasses;Accessories;14/06/2043;3;66;Kentucky;M;Blue;Winter;Next Day Air;PayPal;Quarterly
3554;62;Female;Shoes;Footwear;16/06/2043;32;99;Minnesota;M;Charcoal;Spring;Free Shipping;Bank Transfer;Weekly
3555;39;Female;Dress;Clothing;18/06/2043;5;55;Louisiana;M;Indigo;Spring;Free Shipping;Credit Card;Fortnightly
3556;25;Female;Blouse;Clothing;20/06/2043;45;23;Delaware;L;Silver;Spring;Next Day Air;Cash;Quarterly
3557;70;Female;Sweater;Clothing;22/06/2043;43;88;Arizona;M;Brown;Fall;Express;Cash;Bi-Weekly
3558;52;Female;Jacket;Outerwear;24/06/2043;1;26;Nevada;M;Peach;Summer;Next Day Air;PayPal;Every 3 Months
3559;68;Female;Backpack;Accessories;26/06/2043;9;94;Alaska;L;Magenta;Summer;Standard;Venmo;Quarterly
3560;18;Female;Shorts;Clothing;28/06/2043;13;25;Utah;M;Beige;Fall;Next Day Air;Venmo;Every 3 Months
3561;18;Female;Socks;Clothing;30/06/2043;5;96;Kansas;XL;Violet;Fall;Express;Credit Card;Annually
3562;63;Female;Sneakers;Footwear;02/07/2043;39;29;North Carolina;L;Black;Spring;Standard;Credit Card;Fortnightly
3563;47;Female;Sneakers;Footwear;04/07/2043;7;36;Maryland;M;Cyan;Winter;Free Shipping;Bank Transfer;Weekly
3564;43;Female;Blouse;Clothing;06/07/2043;8;90;Maine;M;Green;Summer;Standard;Credit Card;Every 3 Months
3565;60;Female;Gloves;Accessories;08/07/2043;40;38;Illinois;S;Brown;Summer;Free Shipping;Venmo;Annually
3566;49;Female;Handbag;Accessories;10/07/2043;35;52;Pennsylvania;S;Gray;Spring;Store Pickup;PayPal;Monthly
3567;28;Female;Jeans;Clothing;12/07/2043;14;88;Alaska;S;Orange;Spring;Next Day Air;Venmo;Monthly
3568;32;Female;Scarf;Accessories;14/07/2043;26;56;New Mexico;S;Silver;Summer;Next Day Air;Credit Card;Monthly
3569;29;Female;Sandals;Footwear;16/07/2043;14;71;Arkansas;M;Purple;Spring;Next Day Air;PayPal;Quarterly
3570;35;Female;Sandals;Footwear;18/07/2043;9;94;Alaska;M;Olive;Fall;Express;Bank Transfer;Fortnightly
3571;23;Female;Dress;Clothing;20/07/2043;32;97;Louisiana;XL;Teal;Winter;Standard;Debit Card;Annually
3572;70;Female;Skirt;Clothing;22/07/2043;15;27;North Dakota;M;White;Summer;Standard;Bank Transfer;Every 3 Months
3573;23;Female;Shorts;Clothing;24/07/2043;25;28;Rhode Island;M;Black;Spring;Standard;Credit Card;Monthly
3574;43;Female;Jeans;Clothing;26/07/2043;27;67;Connecticut;L;Maroon;Fall;Free Shipping;PayPal;Monthly
3575;29;Female;Socks;Clothing;28/07/2043;39;70;New York;M;Cyan;Fall;Express;Bank Transfer;Quarterly
3576;61;Female;Coat;Outerwear;30/07/2043;49;95;Kentucky;M;Violet;Fall;Express;Venmo;Bi-Weekly
3577;29;Female;Boots;Footwear;01/08/2043;12;24;Maine;L;Yellow;Spring;Express;Venmo;Bi-Weekly
3578;66;Female;Belt;Accessories;03/08/2043;13;35;Missouri;S;Yellow;Winter;Standard;Bank Transfer;Weekly
3579;46;Female;Shoes;Footwear;05/08/2043;22;22;Georgia;L;Olive;Winter;Standard;Bank Transfer;Quarterly
3580;34;Female;Scarf;Accessories;07/08/2043;19;66;Arizona;L;Olive;Fall;Standard;Credit Card;Every 3 Months
3581;51;Female;Blouse;Clothing;09/08/2043;3;83;New Hampshire;M;Magenta;Summer;2-Day Shipping;Cash;Bi-Weekly
3582;26;Female;Dress;Clothing;11/08/2043;50;95;Georgia;M;Orange;Fall;Next Day Air;Credit Card;Weekly
3583;23;Female;Shorts;Clothing;13/08/2043;15;41;California;S;Beige;Summer;2-Day Shipping;PayPal;Annually
3584;52;Female;Blouse;Clothing;15/08/2043;44;77;Arizona;L;Brown;Summer;Store Pickup;Credit Card;Every 3 Months
3585;39;Female;Sneakers;Footwear;17/08/2043;48;52;Florida;L;Indigo;Fall;Express;Debit Card;Monthly
3586;39;Female;Gloves;Accessories;19/08/2043;4;41;New York;XL;Gray;Winter;Standard;Venmo;Bi-Weekly
3587;33;Female;Hoodie;Clothing;21/08/2043;12;28;Idaho;M;Yellow;Winter;Store Pickup;PayPal;Bi-Weekly
3588;33;Female;Sweater;Clothing;23/08/2043;33;90;Virginia;S;Violet;Summer;Standard;Debit Card;Annually
3589;23;Female;Sunglasses;Accessories;25/08/2043;40;55;Michigan;M;Magenta;Spring;2-Day Shipping;Cash;Annually
3590;31;Female;Belt;Accessories;27/08/2043;38;73;New Hampshire;M;Blue;Spring;Next Day Air;Cash;Every 3 Months
3591;27;Female;Dress;Clothing;29/08/2043;19;87;South Dakota;M;Gray;Fall;2-Day Shipping;Venmo;Every 3 Months
3592;48;Female;Jacket;Outerwear;31/08/2043;38;89;South Dakota;M;Gold;Winter;2-Day Shipping;Bank Transfer;Quarterly
3593;61;Female;Boots;Footwear;02/09/2043;18;82;New Jersey;L;Lavender;Spring;2-Day Shipping;Venmo;Fortnightly
3594;63;Female;Sandals;Footwear;04/09/2043;24;80;Wyoming;M;Black;Spring;Next Day Air;PayPal;Monthly
3595;19;Female;Scarf;Accessories;06/09/2043;29;87;Alabama;L;Charcoal;Summer;2-Day Shipping;Venmo;Quarterly
3596;21;Female;Blouse;Clothing;08/09/2043;14;41;South Dakota;M;Violet;Spring;Store Pickup;PayPal;Annually
3597;28;Female;Hoodie;Clothing;10/09/2043;44;83;South Carolina;M;Charcoal;Spring;Standard;Cash;Fortnightly
3598;29;Female;Sunglasses;Accessories;12/09/2043;18;71;New Mexico;M;Maroon;Summer;Standard;Bank Transfer;Quarterly
3599;23;Female;Hoodie;Clothing;14/09/2043;19;76;Connecticut;XL;Purple;Spring;Store Pickup;Bank Transfer;Bi-Weekly
3600;37;Female;Scarf;Accessories;16/09/2043;4;34;Kansas;S;Peach;Spring;Express;Cash;Weekly
3601;67;Female;Dress;Clothing;18/09/2043;25;81;South Carolina;XL;Olive;Spring;Free Shipping;Cash;Bi-Weekly
3602;34;Female;T-shirt;Clothing;20/09/2043;3;47;North Carolina;M;Indigo;Summer;Next Day Air;PayPal;Monthly
3603;58;Female;Skirt;Clothing;22/09/2043;40;36;Wyoming;S;Magenta;Summer;Store Pickup;Debit Card;Quarterly
3604;45;Female;Jeans;Clothing;24/09/2043;5;51;Louisiana;M;Gold;Spring;Free Shipping;Cash;Weekly
3605;63;Female;Hoodie;Clothing;26/09/2043;17;86;Louisiana;M;Orange;Fall;Standard;Debit Card;Annually
3606;68;Female;Jeans;Clothing;28/09/2043;36;41;Alabama;M;Gold;Fall;Store Pickup;Bank Transfer;Every 3 Months
3607;41;Female;Sandals;Footwear;30/09/2043;41;90;Minnesota;XL;Purple;Fall;Express;Venmo;Annually
3608;50;Female;Hat;Accessories;02/10/2043;20;93;New Mexico;L;Charcoal;Fall;Standard;Venmo;Bi-Weekly
3609;24;Female;Gloves;Accessories;04/10/2043;2;56;Tennessee;M;Cyan;Fall;Next Day Air;Cash;Every 3 Months
3610;21;Female;Socks;Clothing;06/10/2043;31;39;New Mexico;M;Cyan;Summer;2-Day Shipping;Debit Card;Monthly
3611;18;Female;Jacket;Outerwear;08/10/2043;23;86;Texas;XL;Green;Fall;2-Day Shipping;Bank Transfer;Fortnightly
3612;63;Female;T-shirt;Clothing;10/10/2043;30;82;Washington;M;Silver;Spring;Standard;Credit Card;Annually
3613;47;Female;Sandals;Footwear;12/10/2043;26;29;Michigan;M;Teal;Summer;Standard;Cash;Every 3 Months
3614;58;Female;Hat;Accessories;14/10/2043;40;27;Minnesota;M;Magenta;Fall;Store Pickup;Venmo;Annually
3615;46;Female;Gloves;Accessories;16/10/2043;19;25;Delaware;L;Maroon;Spring;2-Day Shipping;Bank Transfer;Annually
3616;35;Female;Dress;Clothing;18/10/2043;4;31;California;M;Gold;Winter;Free Shipping;Credit Card;Monthly
3617;42;Female;Hoodie;Clothing;20/10/2043;33;23;Wisconsin;L;Purple;Winter;Store Pickup;Debit Card;Fortnightly
3618;48;Female;Belt;Accessories;22/10/2043;29;47;Kentucky;M;Lavender;Fall;Express;Debit Card;Monthly
3619;28;Female;Gloves;Accessories;24/10/2043;47;67;Nevada;M;Maroon;Fall;2-Day Shipping;PayPal;Bi-Weekly
3620;44;Female;Scarf;Accessories;26/10/2043;50;75;North Carolina;S;Magenta;Winter;2-Day Shipping;Venmo;Weekly
3621;60;Female;Sandals;Footwear;28/10/2043;28;82;Louisiana;M;Turquoise;Summer;Express;Credit Card;Fortnightly
3622;38;Female;Sneakers;Footwear;30/10/2043;5;32;New Jersey;XL;Silver;Summer;2-Day Shipping;Cash;Fortnightly
3623;46;Female;Dress;Clothing;01/11/2043;12;41;Wisconsin;M;Purple;Fall;Store Pickup;Credit Card;Annually
3624;39;Female;Jewelry;Accessories;03/11/2043;4;89;Arkansas;M;Violet;Winter;2-Day Shipping;PayPal;Weekly
3625;22;Female;Hat;Accessories;05/11/2043;22;82;Texas;XL;Peach;Fall;Store Pickup;Bank Transfer;Bi-Weekly
3626;44;Female;Scarf;Accessories;07/11/2043;32;99;Illinois;L;Green;Winter;Express;PayPal;Weekly
3627;69;Female;Blouse;Clothing;09/11/2043;32;98;Mississippi;L;Teal;Fall;Express;Venmo;Quarterly
3628;39;Female;Belt;Accessories;11/11/2043;48;54;Delaware;M;Silver;Winter;Next Day Air;Cash;Every 3 Months
3629;53;Female;Blouse;Clothing;13/11/2043;35;88;Georgia;L;Purple;Summer;Free Shipping;Credit Card;Monthly
3630;52;Female;T-shirt;Clothing;15/11/2043;44;43;Kansas;L;Lavender;Summer;Standard;Debit Card;Fortnightly
3631;65;Female;Hat;Accessories;17/11/2043;29;73;Oklahoma;M;Lavender;Winter;Store Pickup;Cash;Weekly
3632;48;Female;Hat;Accessories;19/11/2043;26;50;New Jersey;M;Peach;Fall;Store Pickup;Credit Card;Monthly
3633;27;Female;Sneakers;Footwear;21/11/2043;3;73;Utah;L;Green;Spring;Express;Debit Card;Quarterly
3634;39;Female;Gloves;Accessories;23/11/2043;1;51;Montana;M;Orange;Spring;Free Shipping;Bank Transfer;Bi-Weekly
3635;59;Female;Socks;Clothing;25/11/2043;17;22;Ohio;M;Pink;Winter;Standard;PayPal;Annually
3636;52;Female;Sandals;Footwear;27/11/2043;17;32;Colorado;L;Cyan;Fall;Free Shipping;Credit Card;Fortnightly
3637;50;Female;Sandals;Footwear;29/11/2043;36;38;California;L;Lavender;Summer;2-Day Shipping;Cash;Weekly
3638;32;Female;Boots;Footwear;01/12/2043;32;66;Utah;L;Yellow;Winter;Express;Credit Card;Fortnightly
3639;40;Female;Backpack;Accessories;03/12/2043;50;20;Kansas;M;Olive;Spring;Express;PayPal;Bi-Weekly
3640;26;Female;Coat;Outerwear;05/12/2043;39;44;Illinois;M;Brown;Summer;2-Day Shipping;Venmo;Annually
3641;47;Female;Sunglasses;Accessories;07/12/2043;17;31;Minnesota;L;Pink;Spring;Next Day Air;PayPal;Monthly
3642;51;Female;Jacket;Outerwear;09/12/2043;39;45;New York;M;Cyan;Fall;Free Shipping;Bank Transfer;Every 3 Months
3643;47;Female;Dress;Clothing;11/12/2043;5;71;Arizona;L;Maroon;Summer;Store Pickup;PayPal;Annually
3644;53;Female;Scarf;Accessories;13/12/2043;47;96;Tennessee;XL;Magenta;Fall;Standard;Debit Card;Annually
3645;35;Female;Blouse;Clothing;15/12/2043;18;32;Arkansas;M;Violet;Winter;Next Day Air;Venmo;Weekly
3646;38;Female;Backpack;Accessories;17/12/2043;31;90;Colorado;L;Silver;Summer;Free Shipping;Credit Card;Every 3 Months
3647;69;Female;Jewelry;Accessories;19/12/2043;39;68;Nevada;M;Maroon;Spring;2-Day Shipping;Debit Card;Fortnightly
3648;47;Female;Shorts;Clothing;21/12/2043;12;45;Kansas;M;Gray;Winter;Store Pickup;Bank Transfer;Weekly
3649;31;Female;Skirt;Clothing;23/12/2043;45;67;New York;M;White;Winter;Free Shipping;Cash;Bi-Weekly
3650;68;Female;Skirt;Clothing;25/12/2043;33;57;Minnesota;M;Brown;Fall;Standard;Credit Card;Fortnightly
3651;51;Female;Jeans;Clothing;27/12/2043;3;60;Ohio;M;Silver;Summer;2-Day Shipping;PayPal;Annually
3652;20;Female;Handbag;Accessories;29/12/2043;5;32;Arizona;M;Yellow;Spring;Express;Venmo;Every 3 Months
3653;27;Female;Handbag;Accessories;31/12/2043;23;29;Kentucky;S;Magenta;Fall;Store Pickup;Debit Card;Monthly
3654;67;Female;Coat;Outerwear;02/01/2044;39;20;Minnesota;M;Blue;Spring;Next Day Air;Credit Card;Fortnightly
3655;21;Female;Jewelry;Accessories;04/01/2044;10;98;Arkansas;M;Green;Winter;Next Day Air;Credit Card;Annually
3656;20;Female;Sweater;Clothing;06/01/2044;4;27;Wyoming;M;Yellow;Fall;Next Day Air;Credit Card;Bi-Weekly
3657;35;Female;Jacket;Outerwear;08/01/2044;18;67;North Dakota;XL;Cyan;Spring;2-Day Shipping;Credit Card;Monthly
3658;58;Female;Shoes;Footwear;10/01/2044;1;82;Alabama;L;Gold;Winter;Express;Debit Card;Every 3 Months
3659;28;Female;T-shirt;Clothing;12/01/2044;18;72;Mississippi;M;Magenta;Fall;Standard;PayPal;Fortnightly
3660;27;Female;Sandals;Footwear;14/01/2044;46;77;Illinois;S;Gray;Fall;Store Pickup;Bank Transfer;Annually
3661;19;Female;Shoes;Footwear;16/01/2044;13;74;Arkansas;L;Indigo;Winter;2-Day Shipping;Bank Transfer;Fortnightly
3662;63;Female;Sandals;Footwear;18/01/2044;5;39;Kansas;S;White;Winter;Next Day Air;Credit Card;Fortnightly
3663;69;Female;Shorts;Clothing;20/01/2044;11;80;Rhode Island;M;Indigo;Spring;Next Day Air;Debit Card;Weekly
3664;65;Female;Backpack;Accessories;22/01/2044;49;59;Florida;M;Green;Summer;Express;Credit Card;Weekly
3665;63;Female;Jacket;Outerwear;24/01/2044;1;68;Missouri;M;Turquoise;Fall;Store Pickup;Debit Card;Fortnightly
3666;28;Female;Socks;Clothing;26/01/2044;11;77;North Carolina;M;Peach;Fall;Next Day Air;Credit Card;Quarterly
3667;67;Female;Jewelry;Accessories;28/01/2044;47;50;Alabama;M;Olive;Winter;2-Day Shipping;Cash;Every 3 Months
3668;51;Female;Pants;Clothing;30/01/2044;20;45;Washington;L;Cyan;Fall;Next Day Air;Venmo;Monthly
3669;59;Female;Blouse;Clothing;01/02/2044;18;71;Michigan;XL;Magenta;Summer;Store Pickup;Venmo;Annually
3670;25;Female;Socks;Clothing;03/02/2044;43;52;Washington;S;Silver;Fall;Store Pickup;PayPal;Quarterly
3671;31;Female;Shoes;Footwear;05/02/2044;4;50;Vermont;S;White;Winter;Free Shipping;PayPal;Every 3 Months
3672;62;Female;Handbag;Accessories;07/02/2044;20;66;Illinois;L;Pink;Summer;2-Day Shipping;Venmo;Quarterly
3673;51;Female;Sandals;Footwear;09/02/2044;7;81;New York;S;Pink;Fall;Free Shipping;PayPal;Monthly
3674;32;Female;Socks;Clothing;11/02/2044;31;28;Rhode Island;M;Pink;Summer;2-Day Shipping;Bank Transfer;Fortnightly
3675;35;Female;Handbag;Accessories;13/02/2044;41;65;Washington;M;Blue;Winter;2-Day Shipping;Venmo;Fortnightly
3676;70;Female;Hat;Accessories;15/02/2044;3;80;Virginia;M;White;Winter;Express;Bank Transfer;Monthly
3677;19;Female;Jewelry;Accessories;17/02/2044;16;94;Wisconsin;S;Teal;Spring;Free Shipping;PayPal;Monthly
3678;32;Female;Backpack;Accessories;19/02/2044;43;30;Michigan;M;Gray;Fall;Standard;Cash;Annually
3679;56;Female;Shirt;Clothing;21/02/2044;29;45;Texas;S;Beige;Fall;Standard;Bank Transfer;Fortnightly
3680;53;Female;Coat;Outerwear;23/02/2044;5;91;Idaho;M;Violet;Summer;Store Pickup;Cash;Bi-Weekly
3681;22;Female;Sunglasses;Accessories;25/02/2044;30;36;Iowa;S;Blue;Winter;Standard;Debit Card;Quarterly
3682;26;Female;Gloves;Accessories;27/02/2044;33;73;Connecticut;XL;Magenta;Fall;Next Day Air;Debit Card;Monthly
3683;42;Female;Shirt;Clothing;29/02/2044;46;60;Wyoming;M;Maroon;Fall;Store Pickup;Venmo;Bi-Weekly
3684;30;Female;Socks;Clothing;02/03/2044;17;77;Mississippi;M;Purple;Winter;Free Shipping;Venmo;Fortnightly
3685;29;Female;Skirt;Clothing;04/03/2044;47;86;Pennsylvania;L;Charcoal;Spring;Free Shipping;Credit Card;Bi-Weekly
3686;47;Female;Shorts;Clothing;06/03/2044;17;42;Tennessee;L;Red;Summer;Standard;Cash;Bi-Weekly
3687;59;Female;Sandals;Footwear;08/03/2044;17;70;Louisiana;M;Charcoal;Spring;Free Shipping;Cash;Bi-Weekly
3688;34;Female;Shirt;Clothing;10/03/2044;28;44;Arkansas;L;Lavender;Summer;Next Day Air;Bank Transfer;Every 3 Months
3689;52;Female;Sunglasses;Accessories;12/03/2044;8;91;West Virginia;L;White;Spring;Next Day Air;Cash;Monthly
3690;47;Female;Jewelry;Accessories;14/03/2044;8;30;South Carolina;L;Red;Fall;Standard;Bank Transfer;Quarterly
3691;24;Female;Blouse;Clothing;16/03/2044;4;23;Kansas;S;Violet;Fall;Store Pickup;Bank Transfer;Bi-Weekly
3692;63;Female;Sandals;Footwear;18/03/2044;24;21;Michigan;XL;Orange;Summer;Next Day Air;PayPal;Weekly
3693;59;Female;Coat;Outerwear;20/03/2044;29;34;Alabama;L;Turquoise;Spring;Free Shipping;Cash;Fortnightly
3694;66;Female;Blouse;Clothing;22/03/2044;10;46;South Dakota;M;Violet;Summer;2-Day Shipping;Venmo;Weekly
3695;45;Female;Sweater;Clothing;24/03/2044;11;41;Rhode Island;M;Blue;Winter;Express;PayPal;Bi-Weekly
3696;38;Female;Skirt;Clothing;26/03/2044;18;33;Florida;M;White;Fall;Standard;Bank Transfer;Fortnightly
3697;63;Female;Blouse;Clothing;28/03/2044;26;48;Connecticut;L;Turquoise;Fall;Next Day Air;Bank Transfer;Annually
3698;55;Female;Hoodie;Clothing;30/03/2044;39;66;Pennsylvania;L;Pink;Winter;Standard;Cash;Weekly
3699;25;Female;Skirt;Clothing;01/04/2044;4;54;California;XL;Maroon;Spring;2-Day Shipping;Venmo;Annually
3700;51;Female;Backpack;Accessories;03/04/2044;24;55;Oklahoma;M;Olive;Fall;Store Pickup;Bank Transfer;Weekly
3701;28;Female;Handbag;Accessories;05/04/2044;2;84;North Dakota;XL;Charcoal;Summer;Store Pickup;Bank Transfer;Every 3 Months
3702;46;Female;Sandals;Footwear;07/04/2044;36;66;New Mexico;M;Charcoal;Spring;Store Pickup;Cash;Annually
3703;58;Female;Shoes;Footwear;09/04/2044;36;65;South Carolina;M;Indigo;Spring;Store Pickup;Venmo;Weekly
3704;30;Female;Sandals;Footwear;11/04/2044;23;83;Michigan;S;Teal;Fall;Standard;PayPal;Every 3 Months
3705;68;Female;Sunglasses;Accessories;13/04/2044;36;61;Missouri;L;Black;Winter;Store Pickup;Credit Card;Quarterly
3706;28;Female;Skirt;Clothing;15/04/2044;2;65;Colorado;L;Teal;Summer;Free Shipping;Debit Card;Annually
3707;26;Female;Sandals;Footwear;17/04/2044;17;55;Kansas;M;Green;Spring;Store Pickup;Cash;Bi-Weekly
3708;35;Female;Gloves;Accessories;19/04/2044;19;79;Illinois;M;Gold;Fall;2-Day Shipping;Venmo;Weekly
3709;40;Female;Hoodie;Clothing;21/04/2044;41;96;South Carolina;M;Red;Fall;Express;PayPal;Monthly
3710;31;Female;Socks;Clothing;23/04/2044;27;43;Utah;M;Silver;Fall;Free Shipping;PayPal;Quarterly
3711;60;Female;Jewelry;Accessories;25/04/2044;32;40;Hawaii;M;Yellow;Summer;2-Day Shipping;Bank Transfer;Fortnightly
3712;69;Female;Hat;Accessories;27/04/2044;33;62;Texas;XL;Peach;Fall;Free Shipping;Cash;Annually
3713;51;Female;Blouse;Clothing;29/04/2044;24;72;Oregon;M;Turquoise;Spring;2-Day Shipping;PayPal;Quarterly
3714;49;Female;Shoes;Footwear;01/05/2044;31;87;Arizona;M;Peach;Spring;Express;Debit Card;Every 3 Months
3715;18;Female;Hat;Accessories;03/05/2044;35;31;New York;S;Peach;Winter;Express;Credit Card;Weekly
3716;63;Female;Sunglasses;Accessories;05/05/2044;2;34;Nebraska;S;Orange;Fall;Free Shipping;Bank Transfer;Monthly
3717;57;Female;Shirt;Clothing;07/05/2044;42;53;Vermont;M;Charcoal;Fall;Next Day Air;Debit Card;Every 3 Months
3718;45;Female;T-shirt;Clothing;09/05/2044;47;85;Maryland;XL;White;Summer;Express;Bank Transfer;Every 3 Months
3719;36;Female;Pants;Clothing;11/05/2044;44;50;Tennessee;L;Turquoise;Fall;Standard;Bank Transfer;Bi-Weekly
3720;20;Female;Pants;Clothing;13/05/2044;8;91;Pennsylvania;M;Red;Summer;Free Shipping;Bank Transfer;Every 3 Months
3721;21;Female;Hat;Accessories;15/05/2044;13;56;South Carolina;M;Peach;Fall;Free Shipping;Credit Card;Quarterly
3722;62;Female;Coat;Outerwear;17/05/2044;10;60;Connecticut;L;Pink;Fall;Next Day Air;Cash;Annually
3723;23;Female;Jacket;Outerwear;19/05/2044;1;34;Kentucky;XL;Yellow;Fall;Standard;Credit Card;Fortnightly
3724;26;Female;Sandals;Footwear;21/05/2044;1;30;Rhode Island;M;Beige;Spring;Free Shipping;Debit Card;Monthly
3725;30;Female;Gloves;Accessories;23/05/2044;18;71;Colorado;L;Green;Winter;Express;Bank Transfer;Annually
3726;18;Female;Dress;Clothing;25/05/2044;2;100;Oklahoma;S;Turquoise;Winter;Next Day Air;PayPal;Annually
3727;47;Female;Belt;Accessories;27/05/2044;36;85;Idaho;XL;Orange;Fall;Next Day Air;Debit Card;Every 3 Months
3728;41;Female;Socks;Clothing;29/05/2044;17;83;Maine;M;Gold;Summer;Next Day Air;Debit Card;Bi-Weekly
3729;62;Female;Jacket;Outerwear;31/05/2044;1;31;Vermont;L;Red;Winter;Standard;Debit Card;Annually
3730;28;Female;Boots;Footwear;02/06/2044;50;82;Rhode Island;M;Teal;Spring;2-Day Shipping;Cash;Quarterly
3731;46;Female;Shirt;Clothing;04/06/2044;3;79;Florida;M;Teal;Summer;2-Day Shipping;Credit Card;Bi-Weekly
3732;54;Female;Hat;Accessories;06/06/2044;45;62;West Virginia;M;Lavender;Spring;2-Day Shipping;PayPal;Quarterly
3733;36;Female;Shoes;Footwear;08/06/2044;28;92;Indiana;L;Pink;Spring;Free Shipping;PayPal;Annually
3734;25;Female;Socks;Clothing;10/06/2044;6;58;Illinois;M;Maroon;Fall;Next Day Air;Debit Card;Every 3 Months
3735;38;Female;Hoodie;Clothing;12/06/2044;33;88;California;M;Beige;Spring;Next Day Air;Debit Card;Every 3 Months
3736;38;Female;Sandals;Footwear;14/06/2044;29;44;Massachusetts;L;Orange;Spring;2-Day Shipping;PayPal;Annually
3737;42;Female;Jeans;Clothing;16/06/2044;2;56;Idaho;M;Red;Spring;Store Pickup;PayPal;Every 3 Months
3738;19;Female;Jewelry;Accessories;18/06/2044;43;23;Kentucky;S;Maroon;Winter;Free Shipping;PayPal;Bi-Weekly
3739;34;Female;Shorts;Clothing;20/06/2044;48;45;Delaware;M;Brown;Spring;Free Shipping;Cash;Fortnightly
3740;38;Female;Sunglasses;Accessories;22/06/2044;43;31;Idaho;M;Olive;Fall;Free Shipping;Credit Card;Weekly
3741;42;Female;Pants;Clothing;24/06/2044;26;96;Virginia;M;Silver;Summer;Store Pickup;Debit Card;Bi-Weekly
3742;58;Female;Shirt;Clothing;26/06/2044;26;96;Arizona;M;Purple;Spring;2-Day Shipping;Debit Card;Bi-Weekly
3743;56;Female;Shirt;Clothing;28/06/2044;50;80;Maryland;M;Gray;Fall;Standard;Credit Card;Bi-Weekly
3744;62;Female;Pants;Clothing;30/06/2044;36;28;Idaho;L;Cyan;Fall;Free Shipping;Debit Card;Quarterly
3745;24;Female;Hoodie;Clothing;02/07/2044;26;51;New Jersey;M;Gray;Summer;Next Day Air;Bank Transfer;Fortnightly
3746;60;Female;Socks;Clothing;04/07/2044;2;41;Washington;L;Gold;Spring;Express;Debit Card;Monthly
3747;53;Female;Coat;Outerwear;06/07/2044;49;99;Idaho;XL;Cyan;Summer;Next Day Air;PayPal;Monthly
3748;26;Female;Sweater;Clothing;08/07/2044;32;53;Rhode Island;L;Olive;Spring;Store Pickup;Bank Transfer;Bi-Weekly
3749;34;Female;Backpack;Accessories;10/07/2044;3;25;Delaware;M;Violet;Fall;2-Day Shipping;Venmo;Annually
3750;24;Female;Blouse;Clothing;12/07/2044;38;95;Alaska;L;Yellow;Winter;2-Day Shipping;Venmo;Every 3 Months
3751;42;Female;Hoodie;Clothing;14/07/2044;5;88;Arizona;M;Gold;Fall;Free Shipping;PayPal;Monthly
3752;36;Female;Jewelry;Accessories;16/07/2044;8;97;Alabama;S;Silver;Fall;Free Shipping;Credit Card;Every 3 Months
3753;24;Female;Coat;Outerwear;18/07/2044;43;81;Washington;L;Pink;Winter;2-Day Shipping;Venmo;Weekly
3754;39;Female;Sunglasses;Accessories;20/07/2044;22;26;Louisiana;S;Turquoise;Winter;Next Day Air;Bank Transfer;Fortnightly
3755;46;Female;Shoes;Footwear;22/07/2044;10;41;Nebraska;M;Turquoise;Summer;Express;Cash;Every 3 Months
3756;64;Female;Skirt;Clothing;24/07/2044;26;93;Pennsylvania;M;Peach;Fall;Free Shipping;Credit Card;Monthly
3757;64;Female;Skirt;Clothing;26/07/2044;42;69;South Carolina;L;Teal;Spring;Express;Debit Card;Bi-Weekly
3758;61;Female;Skirt;Clothing;28/07/2044;33;44;California;L;Red;Fall;2-Day Shipping;Cash;Weekly
3759;61;Female;Sandals;Footwear;30/07/2044;23;54;Indiana;S;Black;Spring;Store Pickup;Bank Transfer;Quarterly
3760;44;Female;Sneakers;Footwear;01/08/2044;30;61;Missouri;M;Pink;Spring;Store Pickup;Venmo;Quarterly
3761;65;Female;Socks;Clothing;03/08/2044;36;80;Connecticut;M;Peach;Fall;Next Day Air;PayPal;Weekly
3762;60;Female;Backpack;Accessories;05/08/2044;3;30;Nevada;M;Green;Summer;Next Day Air;Venmo;Every 3 Months
3763;65;Female;Shorts;Clothing;07/08/2044;13;94;New York;L;Green;Fall;Store Pickup;PayPal;Annually
3764;27;Female;Shirt;Clothing;09/08/2044;38;24;Oklahoma;XL;Red;Winter;Standard;Cash;Every 3 Months
3765;36;Female;Socks;Clothing;11/08/2044;19;21;South Dakota;M;Maroon;Fall;Next Day Air;Venmo;Monthly
3766;22;Female;Jewelry;Accessories;13/08/2044;14;52;Missouri;M;Green;Summer;Standard;Bank Transfer;Bi-Weekly
3767;62;Female;Handbag;Accessories;15/08/2044;43;59;Texas;M;Black;Fall;Next Day Air;Debit Card;Annually
3768;59;Female;Shorts;Clothing;17/08/2044;10;51;New York;XL;Black;Summer;Free Shipping;Bank Transfer;Fortnightly
3769;50;Female;Sweater;Clothing;19/08/2044;34;35;Vermont;M;Yellow;Winter;Free Shipping;Bank Transfer;Quarterly
3770;51;Female;Gloves;Accessories;21/08/2044;31;87;Arizona;L;Green;Summer;Standard;Venmo;Annually
3771;23;Female;Pants;Clothing;23/08/2044;34;42;Montana;L;Black;Summer;Store Pickup;Bank Transfer;Weekly
3772;21;Female;T-shirt;Clothing;25/08/2044;28;86;Oklahoma;M;Red;Winter;Express;Venmo;Bi-Weekly
3773;44;Female;Pants;Clothing;27/08/2044;35;26;New Hampshire;L;Yellow;Fall;Next Day Air;Cash;Annually
3774;25;Female;Sweater;Clothing;29/08/2044;41;60;Wisconsin;M;Violet;Summer;Store Pickup;Cash;Quarterly
3775;57;Female;Gloves;Accessories;31/08/2044;48;83;Alaska;S;Cyan;Winter;Standard;PayPal;Fortnightly
3776;41;Female;Belt;Accessories;02/09/2044;45;63;South Dakota;S;Pink;Spring;2-Day Shipping;Cash;Quarterly
3777;19;Female;Sneakers;Footwear;04/09/2044;10;25;Alaska;L;Olive;Spring;Standard;Credit Card;Fortnightly
3778;43;Female;Shorts;Clothing;06/09/2044;9;65;Utah;M;Maroon;Fall;Express;Cash;Weekly
3779;25;Female;Sneakers;Footwear;08/09/2044;30;60;South Dakota;M;Cyan;Fall;Free Shipping;Debit Card;Annually
3780;60;Female;Jeans;Clothing;10/09/2044;45;75;California;XL;Lavender;Spring;Express;PayPal;Annually
3781;54;Female;Sneakers;Footwear;12/09/2044;41;57;Mississippi;L;Yellow;Fall;Free Shipping;Venmo;Quarterly
3782;52;Female;Boots;Footwear;14/09/2044;40;99;Tennessee;M;Pink;Winter;Standard;PayPal;Fortnightly
3783;40;Female;Jacket;Outerwear;16/09/2044;42;45;Alabama;L;Orange;Spring;Free Shipping;PayPal;Fortnightly
3784;39;Female;Gloves;Accessories;18/09/2044;17;66;Maine;XL;Orange;Summer;Free Shipping;Debit Card;Fortnightly
3785;54;Female;Socks;Clothing;20/09/2044;4;53;Virginia;M;Violet;Winter;Next Day Air;Venmo;Annually
3786;64;Female;Jeans;Clothing;22/09/2044;6;94;New Hampshire;L;Lavender;Winter;Standard;Cash;Monthly
3787;31;Female;Boots;Footwear;24/09/2044;22;47;Tennessee;L;Yellow;Fall;2-Day Shipping;Venmo;Weekly
3788;37;Female;Blouse;Clothing;26/09/2044;46;80;New York;M;Pink;Fall;2-Day Shipping;PayPal;Every 3 Months
3789;43;Female;Hat;Accessories;28/09/2044;27;65;Kansas;XL;Teal;Spring;Next Day Air;Debit Card;Monthly
3790;56;Female;Shirt;Clothing;30/09/2044;18;75;North Dakota;M;Magenta;Summer;Express;Bank Transfer;Every 3 Months
3791;27;Female;Handbag;Accessories;02/10/2044;31;45;Alaska;XL;Beige;Summer;Standard;Credit Card;Weekly
3792;40;Female;Sunglasses;Accessories;04/10/2044;1;51;Texas;M;Gray;Spring;Store Pickup;Venmo;Weekly
3793;43;Female;Scarf;Accessories;06/10/2044;2;58;Massachusetts;S;Turquoise;Summer;Express;PayPal;Fortnightly
3794;62;Female;Sunglasses;Accessories;08/10/2044;46;20;Delaware;M;Pink;Fall;Standard;Bank Transfer;Annually
3795;44;Female;Scarf;Accessories;10/10/2044;27;82;South Dakota;M;Violet;Summer;2-Day Shipping;Venmo;Weekly
3796;45;Female;Gloves;Accessories;12/10/2044;3;92;Arkansas;M;Charcoal;Spring;Express;Cash;Weekly
3797;40;Female;Shorts;Clothing;14/10/2044;47;81;Utah;M;Lavender;Fall;Free Shipping;Bank Transfer;Quarterly
3798;68;Female;Sunglasses;Accessories;16/10/2044;20;44;California;M;Gray;Summer;Next Day Air;Cash;Quarterly
3799;63;Female;Jewelry;Accessories;18/10/2044;23;72;Rhode Island;S;Brown;Winter;Next Day Air;Credit Card;Annually
3800;60;Female;Jacket;Outerwear;20/10/2044;13;26;Oklahoma;L;Violet;Winter;Store Pickup;Credit Card;Monthly
3801;19;Female;Sweater;Clothing;22/10/2044;12;26;Vermont;M;Turquoise;Fall;Next Day Air;Venmo;Bi-Weekly
3802;26;Female;Blouse;Clothing;24/10/2044;36;84;Kentucky;M;Peach;Spring;Store Pickup;PayPal;Fortnightly
3803;70;Female;Scarf;Accessories;26/10/2044;1;72;Illinois;S;Turquoise;Spring;2-Day Shipping;Bank Transfer;Monthly
3804;48;Female;Handbag;Accessories;28/10/2044;14;55;Connecticut;M;Violet;Spring;Standard;Debit Card;Weekly
3805;37;Female;Hat;Accessories;30/10/2044;45;77;Florida;M;Olive;Fall;2-Day Shipping;Cash;Annually
3806;48;Female;Scarf;Accessories;01/11/2044;31;57;New Jersey;M;Green;Fall;Standard;Credit Card;Quarterly
3807;18;Female;Boots;Footwear;03/11/2044;41;71;Missouri;M;Teal;Spring;Standard;PayPal;Weekly
3808;38;Female;Blouse;Clothing;05/11/2044;36;39;Michigan;L;Peach;Spring;Next Day Air;PayPal;Annually
3809;33;Female;Socks;Clothing;07/11/2044;6;28;Washington;M;Pink;Winter;Express;Debit Card;Bi-Weekly
3810;57;Female;Shoes;Footwear;09/11/2044;28;33;New York;S;Maroon;Winter;Standard;Credit Card;Annually
3811;46;Female;Skirt;Clothing;11/11/2044;29;79;Wisconsin;L;Peach;Fall;Free Shipping;Venmo;Monthly
3812;46;Female;Belt;Accessories;13/11/2044;14;30;Idaho;M;Maroon;Winter;Standard;Cash;Monthly
3813;50;Female;Skirt;Clothing;15/11/2044;7;75;Michigan;M;Pink;Spring;Next Day Air;Bank Transfer;Every 3 Months
3814;61;Female;Pants;Clothing;17/11/2044;31;89;Georgia;M;Orange;Summer;Express;Venmo;Bi-Weekly
3815;45;Female;Dress;Clothing;19/11/2044;26;95;Michigan;M;Orange;Winter;Free Shipping;Bank Transfer;Every 3 Months
3816;32;Female;Hat;Accessories;21/11/2044;12;44;Maine;M;Brown;Fall;Express;Venmo;Fortnightly
3817;29;Female;Coat;Outerwear;23/11/2044;45;86;Maryland;S;Silver;Summer;Store Pickup;Credit Card;Fortnightly
3818;66;Female;Scarf;Accessories;25/11/2044;40;91;Missouri;M;Magenta;Fall;Express;PayPal;Annually
3819;70;Female;Sneakers;Footwear;27/11/2044;42;41;Oregon;XL;Indigo;Winter;Free Shipping;Cash;Monthly
3820;36;Female;Pants;Clothing;29/11/2044;45;99;Arkansas;S;Gold;Spring;Express;Cash;Quarterly
3821;34;Female;Belt;Accessories;01/12/2044;34;65;New Hampshire;M;Purple;Winter;Standard;Debit Card;Quarterly
3822;20;Female;Sneakers;Footwear;03/12/2044;34;48;Oregon;M;Gold;Summer;Free Shipping;Credit Card;Every 3 Months
3823;70;Female;Hat;Accessories;05/12/2044;17;41;Kansas;S;Gold;Spring;Free Shipping;PayPal;Every 3 Months
3824;50;Female;Shirt;Clothing;07/12/2044;27;42;California;M;Gold;Summer;Standard;Bank Transfer;Weekly
3825;54;Female;Shorts;Clothing;09/12/2044;31;26;Georgia;M;Olive;Summer;Free Shipping;Credit Card;Quarterly
3826;49;Female;Shorts;Clothing;11/12/2044;47;35;Hawaii;L;Green;Fall;Express;Debit Card;Fortnightly
3827;50;Female;Jacket;Outerwear;13/12/2044;25;31;Montana;M;Gray;Summer;Express;Bank Transfer;Annually
3828;62;Female;Jewelry;Accessories;15/12/2044;47;73;Montana;M;Red;Summer;Standard;Cash;Fortnightly
3829;42;Female;Blouse;Clothing;17/12/2044;8;82;Mississippi;M;Charcoal;Spring;Free Shipping;Cash;Weekly
3830;69;Female;Pants;Clothing;19/12/2044;32;32;Washington;M;Indigo;Spring;Free Shipping;Debit Card;Fortnightly
3831;22;Female;Hat;Accessories;21/12/2044;33;27;Pennsylvania;M;Indigo;Summer;2-Day Shipping;Bank Transfer;Every 3 Months
3832;36;Female;Backpack;Accessories;23/12/2044;16;86;Nevada;L;Silver;Spring;Next Day Air;Debit Card;Every 3 Months
3833;64;Female;Boots;Footwear;25/12/2044;27;38;Kansas;XL;Purple;Winter;2-Day Shipping;Cash;Weekly
3834;44;Female;Jacket;Outerwear;27/12/2044;17;93;Arizona;L;Gray;Summer;Free Shipping;PayPal;Every 3 Months
3835;43;Female;Hoodie;Clothing;29/12/2044;17;59;Tennessee;M;Magenta;Winter;2-Day Shipping;Cash;Quarterly
3836;58;Female;Sandals;Footwear;31/12/2044;28;58;Pennsylvania;L;Silver;Winter;Express;PayPal;Bi-Weekly
3837;62;Female;Skirt;Clothing;02/01/2045;38;84;Alaska;M;Violet;Spring;Free Shipping;PayPal;Fortnightly
3838;45;Female;Hoodie;Clothing;04/01/2045;33;100;New Mexico;M;Green;Spring;Free Shipping;Bank Transfer;Fortnightly
3839;47;Female;Dress;Clothing;06/01/2045;24;25;Rhode Island;L;Green;Summer;Express;Venmo;Every 3 Months
3840;66;Female;Sandals;Footwear;08/01/2045;14;29;Connecticut;M;Peach;Spring;Free Shipping;Venmo;Quarterly
3841;30;Female;Jeans;Clothing;10/01/2045;5;42;Idaho;M;Turquoise;Spring;Express;Venmo;Fortnightly
3842;68;Female;Jeans;Clothing;12/01/2045;8;57;Mississippi;L;Pink;Fall;2-Day Shipping;Bank Transfer;Monthly
3843;35;Female;Jacket;Outerwear;14/01/2045;42;84;Colorado;L;Lavender;Winter;Next Day Air;Debit Card;Monthly
3844;64;Female;Hat;Accessories;16/01/2045;48;71;Georgia;L;Silver;Winter;Free Shipping;Venmo;Every 3 Months
3845;30;Female;Shorts;Clothing;18/01/2045;40;87;Montana;S;Cyan;Fall;Next Day Air;Venmo;Quarterly
3846;58;Female;Sweater;Clothing;20/01/2045;46;52;California;M;Green;Winter;Standard;Venmo;Annually
3847;57;Female;Blouse;Clothing;22/01/2045;40;58;Pennsylvania;L;Orange;Summer;Express;PayPal;Every 3 Months
3848;60;Female;Sweater;Clothing;24/01/2045;31;34;Delaware;S;Blue;Fall;2-Day Shipping;PayPal;Fortnightly
3849;22;Female;Jewelry;Accessories;26/01/2045;39;60;New Hampshire;M;Magenta;Winter;Next Day Air;Cash;Every 3 Months
3850;46;Female;Hoodie;Clothing;28/01/2045;36;68;Florida;S;Cyan;Winter;Express;PayPal;Fortnightly
3851;27;Female;Jewelry;Accessories;30/01/2045;25;74;Mississippi;L;Indigo;Summer;2-Day Shipping;Debit Card;Every 3 Months
3852;50;Female;Scarf;Accessories;01/02/2045;24;83;Montana;M;Pink;Summer;Free Shipping;Debit Card;Annually
3853;65;Female;Hat;Accessories;03/02/2045;19;79;Mississippi;M;Peach;Fall;2-Day Shipping;PayPal;Weekly
3854;61;Female;Sunglasses;Accessories;05/02/2045;49;76;Tennessee;M;Lavender;Fall;Store Pickup;Debit Card;Bi-Weekly
3855;57;Female;T-shirt;Clothing;07/02/2045;4;20;Florida;M;Black;Spring;Free Shipping;Venmo;Annually
3856;40;Female;Shirt;Clothing;09/02/2045;36;61;Illinois;XL;Lavender;Summer;Next Day Air;Cash;Quarterly
3857;39;Female;Sandals;Footwear;11/02/2045;8;78;Virginia;S;Brown;Summer;Free Shipping;Debit Card;Quarterly
3858;42;Female;Hat;Accessories;13/02/2045;29;21;Texas;S;Yellow;Summer;Store Pickup;Credit Card;Every 3 Months
3859;30;Female;T-shirt;Clothing;15/02/2045;26;77;Missouri;M;Olive;Winter;Store Pickup;Credit Card;Quarterly
3860;65;Female;Shorts;Clothing;17/02/2045;47;88;Mississippi;S;Blue;Fall;2-Day Shipping;Bank Transfer;Bi-Weekly
3861;57;Female;Sunglasses;Accessories;19/02/2045;44;64;Pennsylvania;M;Turquoise;Summer;Next Day Air;Cash;Annually
3862;64;Female;Jacket;Outerwear;21/02/2045;49;57;Wyoming;M;Yellow;Spring;Standard;Credit Card;Monthly
3863;56;Female;Shirt;Clothing;23/02/2045;9;49;Idaho;L;Turquoise;Winter;Next Day Air;Venmo;Monthly
3864;40;Female;Scarf;Accessories;25/02/2045;28;35;New Hampshire;M;Orange;Summer;Free Shipping;Cash;Fortnightly
3865;55;Female;T-shirt;Clothing;27/02/2045;1;99;Wyoming;S;Blue;Winter;Express;Debit Card;Fortnightly
3866;25;Female;Shorts;Clothing;01/03/2045;28;42;Nebraska;M;Olive;Spring;Store Pickup;Cash;Every 3 Months
3867;58;Female;Hat;Accessories;03/03/2045;33;32;Alaska;M;Beige;Winter;2-Day Shipping;Credit Card;Fortnightly
3868;46;Female;Jacket;Outerwear;05/03/2045;28;21;Maryland;L;Lavender;Summer;Standard;Credit Card;Monthly
3869;18;Female;Dress;Clothing;07/03/2045;9;29;Maryland;XL;Magenta;Winter;2-Day Shipping;Cash;Annually
3870;26;Female;Coat;Outerwear;09/03/2045;28;64;Arizona;L;Cyan;Spring;Free Shipping;Bank Transfer;Annually
3871;61;Female;Sandals;Footwear;11/03/2045;19;46;Ohio;L;Lavender;Fall;Next Day Air;Cash;Every 3 Months
3872;55;Female;T-shirt;Clothing;13/03/2045;20;97;Minnesota;M;Black;Fall;2-Day Shipping;Bank Transfer;Every 3 Months
3873;41;Female;Jacket;Outerwear;15/03/2045;3;94;New Hampshire;M;Green;Spring;Standard;Cash;Monthly
3874;42;Female;Sandals;Footwear;17/03/2045;22;43;Louisiana;L;Silver;Summer;Standard;Credit Card;Weekly
3875;70;Female;Sweater;Clothing;19/03/2045;33;54;Nevada;XL;Beige;Summer;2-Day Shipping;Credit Card;Bi-Weekly
3876;63;Female;Hat;Accessories;21/03/2045;21;51;New Hampshire;M;Pink;Winter;2-Day Shipping;Credit Card;Annually
3877;60;Female;Shoes;Footwear;23/03/2045;7;85;Wisconsin;S;Cyan;Fall;2-Day Shipping;Cash;Annually
3878;28;Female;Hoodie;Clothing;25/03/2045;46;96;Nevada;M;Olive;Spring;Next Day Air;Debit Card;Monthly
3879;60;Female;Hat;Accessories;27/03/2045;24;42;South Carolina;M;Pink;Summer;2-Day Shipping;Credit Card;Annually
3880;26;Female;Skirt;Clothing;29/03/2045;6;63;Florida;L;Maroon;Winter;Free Shipping;Debit Card;Quarterly
3881;42;Female;Shirt;Clothing;31/03/2045;40;20;Massachusetts;M;Red;Winter;Free Shipping;PayPal;Monthly
3882;56;Female;Scarf;Accessories;02/04/2045;17;25;Georgia;L;Silver;Spring;2-Day Shipping;Debit Card;Weekly
3883;35;Female;Pants;Clothing;04/04/2045;24;95;North Dakota;L;Blue;Fall;Free Shipping;Cash;Fortnightly
3884;34;Female;Hat;Accessories;06/04/2045;22;38;North Dakota;XL;Purple;Fall;Next Day Air;Cash;Fortnightly
3885;47;Female;Sandals;Footwear;08/04/2045;3;29;Maryland;M;Brown;Fall;Express;PayPal;Weekly
3886;49;Female;Socks;Clothing;10/04/2045;39;64;New Mexico;L;Purple;Winter;Free Shipping;Cash;Quarterly
3887;37;Female;Jewelry;Accessories;12/04/2045;40;92;Iowa;S;Brown;Summer;Express;Debit Card;Quarterly
3888;40;Female;Shirt;Clothing;14/04/2045;1;34;Kansas;M;Charcoal;Spring;Express;Credit Card;Quarterly
3889;45;Female;Sneakers;Footwear;16/04/2045;14;69;Virginia;M;Violet;Spring;Standard;Venmo;Bi-Weekly
3890;57;Female;Dress;Clothing;18/04/2045;49;65;Alaska;S;Yellow;Spring;Express;Bank Transfer;Annually
3891;35;Female;Shirt;Clothing;20/04/2045;33;81;Nebraska;XL;Green;Winter;Standard;Debit Card;Annually
3892;36;Female;Dress;Clothing;22/04/2045;6;30;Colorado;L;Peach;Winter;Free Shipping;Bank Transfer;Quarterly
3893;35;Female;Jewelry;Accessories;24/04/2045;5;86;Michigan;L;Indigo;Summer;Standard;PayPal;Fortnightly
3894;21;Female;Hat;Accessories;26/04/2045;29;64;Massachusetts;L;White;Fall;Store Pickup;Bank Transfer;Bi-Weekly
3895;66;Female;Skirt;Clothing;28/04/2045;44;78;Connecticut;L;White;Spring;2-Day Shipping;Credit Card;Every 3 Months
3896;40;Female;Hoodie;Clothing;30/04/2045;32;28;Virginia;L;Turquoise;Summer;2-Day Shipping;Venmo;Weekly
3897;52;Female;Backpack;Accessories;02/05/2045;41;49;Iowa;L;White;Spring;Store Pickup;Bank Transfer;Bi-Weekly
3898;46;Female;Belt;Accessories;04/05/2045;24;33;New Jersey;L;Green;Spring;Standard;Venmo;Quarterly
3899;44;Female;Shoes;Footwear;06/05/2045;24;77;Minnesota;S;Brown;Summer;Express;Venmo;Weekly
3900;52;Female;Handbag;Accessories;08/05/2045;33;81;California;M;Beige;Spring;Store Pickup;Venmo;Quarterly
